# Generated Marina 3D Model for Konsept 2
v 0.03150 0.00000 0.00000
v 0.02775 0.00650 0.00000
v 0.02025 0.00650 0.00000
v 0.01650 0.00000 0.00000
v 0.02025 -0.00650 0.00000
v 0.02775 -0.00650 0.00000
v 0.02838 0.00000 0.03005
v 0.02500 0.00650 0.02842
v 0.01824 0.00650 0.02517
v 0.01487 0.00000 0.02354
v 0.01824 -0.00650 0.02517
v 0.02500 -0.00650 0.02842
v 0.01964 0.00000 0.05414
v 0.01730 0.00650 0.05121
v 0.01263 0.00650 0.04535
v 0.01029 0.00000 0.04241
v 0.01263 -0.00650 0.04535
v 0.01730 -0.00650 0.05121
v 0.00701 0.00000 0.06751
v 0.00617 0.00650 0.06386
v 0.00451 0.00650 0.05655
v 0.00367 0.00000 0.05289
v 0.00451 -0.00650 0.05655
v 0.00617 -0.00650 0.06386
v -0.00701 0.00000 0.06751
v -0.00617 0.00650 0.06386
v -0.00451 0.00650 0.05655
v -0.00367 0.00000 0.05289
v -0.00451 -0.00650 0.05655
v -0.00617 -0.00650 0.06386
v -0.01964 0.00000 0.05414
v -0.01730 0.00650 0.05121
v -0.01263 0.00650 0.04535
v -0.01029 0.00000 0.04241
v -0.01263 -0.00650 0.04535
v -0.01730 -0.00650 0.05121
v -0.02838 0.00000 0.03005
v -0.02500 0.00650 0.02842
v -0.01824 0.00650 0.02517
v -0.01487 0.00000 0.02354
v -0.01824 -0.00650 0.02517
v -0.02500 -0.00650 0.02842
v -0.03150 0.00000 0.00000
v -0.02775 0.00650 0.00000
v -0.02025 0.00650 0.00000
v -0.01650 0.00000 0.00000
v -0.02025 -0.00650 0.00000
v -0.02775 -0.00650 0.00000
v -0.02838 0.00000 -0.03005
v -0.02500 0.00650 -0.02842
v -0.01824 0.00650 -0.02517
v -0.01487 0.00000 -0.02354
v -0.01824 -0.00650 -0.02517
v -0.02500 -0.00650 -0.02842
v -0.01964 0.00000 -0.05414
v -0.01730 0.00650 -0.05121
v -0.01263 0.00650 -0.04535
v -0.01029 0.00000 -0.04241
v -0.01263 -0.00650 -0.04535
v -0.01730 -0.00650 -0.05121
v -0.00701 0.00000 -0.06751
v -0.00617 0.00650 -0.06386
v -0.00451 0.00650 -0.05655
v -0.00367 0.00000 -0.05289
v -0.00451 -0.00650 -0.05655
v -0.00617 -0.00650 -0.06386
v 0.00701 0.00000 -0.06751
v 0.00617 0.00650 -0.06386
v 0.00451 0.00650 -0.05655
v 0.00367 0.00000 -0.05289
v 0.00451 -0.00650 -0.05655
v 0.00617 -0.00650 -0.06386
v 0.01964 0.00000 -0.05414
v 0.01730 0.00650 -0.05121
v 0.01263 0.00650 -0.04535
v 0.01029 0.00000 -0.04241
v 0.01263 -0.00650 -0.04535
v 0.01730 -0.00650 -0.05121
v 0.02838 0.00000 -0.03005
v 0.02500 0.00650 -0.02842
v 0.01824 0.00650 -0.02517
v 0.01487 0.00000 -0.02354
v 0.01824 -0.00650 -0.02517
v 0.02500 -0.00650 -0.02842
v -0.00000 0.02576 0.13000
v -0.00650 0.02201 0.13000
v -0.00650 0.01451 0.13000
v -0.00000 0.01076 0.13000
v 0.00650 0.01451 0.13000
v 0.00650 0.02201 0.13000
v -0.00000 0.02264 0.16005
v -0.00650 0.01926 0.15842
v -0.00650 0.01250 0.15517
v -0.00000 0.00913 0.15354
v 0.00650 0.01250 0.15517
v 0.00650 0.01926 0.15842
v -0.00000 0.01390 0.18414
v -0.00650 0.01156 0.18121
v -0.00650 0.00689 0.17535
v -0.00000 0.00455 0.17241
v 0.00650 0.00689 0.17535
v 0.00650 0.01156 0.18121
v -0.00000 0.00127 0.19751
v -0.00650 0.00043 0.19386
v -0.00650 -0.00123 0.18655
v -0.00000 -0.00207 0.18289
v 0.00650 -0.00123 0.18655
v 0.00650 0.00043 0.19386
v -0.00000 -0.01275 0.19751
v -0.00650 -0.01192 0.19386
v -0.00650 -0.01025 0.18655
v -0.00000 -0.00941 0.18289
v 0.00650 -0.01025 0.18655
v 0.00650 -0.01192 0.19386
v -0.00000 -0.02538 0.18414
v -0.00650 -0.02304 0.18121
v -0.00650 -0.01837 0.17535
v -0.00000 -0.01603 0.17241
v 0.00650 -0.01837 0.17535
v 0.00650 -0.02304 0.18121
v -0.00000 -0.03412 0.16005
v -0.00650 -0.03074 0.15842
v -0.00650 -0.02398 0.15517
v -0.00000 -0.02061 0.15354
v 0.00650 -0.02398 0.15517
v 0.00650 -0.03074 0.15842
v -0.00000 -0.03724 0.13000
v -0.00650 -0.03349 0.13000
v -0.00650 -0.02599 0.13000
v -0.00000 -0.02224 0.13000
v 0.00650 -0.02599 0.13000
v 0.00650 -0.03349 0.13000
v -0.00000 -0.03412 0.09995
v -0.00650 -0.03074 0.10158
v -0.00650 -0.02398 0.10483
v -0.00000 -0.02061 0.10646
v 0.00650 -0.02398 0.10483
v 0.00650 -0.03074 0.10158
v -0.00000 -0.02538 0.07586
v -0.00650 -0.02304 0.07879
v -0.00650 -0.01837 0.08465
v -0.00000 -0.01603 0.08759
v 0.00650 -0.01837 0.08465
v 0.00650 -0.02304 0.07879
v -0.00000 -0.01275 0.06249
v -0.00650 -0.01192 0.06614
v -0.00650 -0.01025 0.07345
v -0.00000 -0.00941 0.07711
v 0.00650 -0.01025 0.07345
v 0.00650 -0.01192 0.06614
v -0.00000 0.00127 0.06249
v -0.00650 0.00043 0.06614
v -0.00650 -0.00123 0.07345
v -0.00000 -0.00207 0.07711
v 0.00650 -0.00123 0.07345
v 0.00650 0.00043 0.06614
v -0.00000 0.01390 0.07586
v -0.00650 0.01156 0.07879
v -0.00650 0.00689 0.08465
v -0.00000 0.00455 0.08759
v 0.00650 0.00689 0.08465
v 0.00650 0.01156 0.07879
v -0.00000 0.02264 0.09995
v -0.00650 0.01926 0.10158
v -0.00650 0.01250 0.10483
v -0.00000 0.00913 0.10646
v 0.00650 0.01250 0.10483
v 0.00650 0.01926 0.10158
v 0.03150 -0.01061 0.26000
v 0.02775 -0.00411 0.26000
v 0.02025 -0.00411 0.26000
v 0.01650 -0.01061 0.26000
v 0.02025 -0.01710 0.26000
v 0.02775 -0.01710 0.26000
v 0.02838 -0.01061 0.29005
v 0.02500 -0.00411 0.28842
v 0.01824 -0.00411 0.28517
v 0.01487 -0.01061 0.28354
v 0.01824 -0.01710 0.28517
v 0.02500 -0.01710 0.28842
v 0.01964 -0.01061 0.31414
v 0.01730 -0.00411 0.31121
v 0.01263 -0.00411 0.30535
v 0.01029 -0.01061 0.30241
v 0.01263 -0.01710 0.30535
v 0.01730 -0.01710 0.31121
v 0.00701 -0.01061 0.32751
v 0.00617 -0.00411 0.32386
v 0.00451 -0.00411 0.31655
v 0.00367 -0.01061 0.31289
v 0.00451 -0.01710 0.31655
v 0.00617 -0.01710 0.32386
v -0.00701 -0.01061 0.32751
v -0.00617 -0.00411 0.32386
v -0.00451 -0.00411 0.31655
v -0.00367 -0.01061 0.31289
v -0.00451 -0.01710 0.31655
v -0.00617 -0.01710 0.32386
v -0.01964 -0.01061 0.31414
v -0.01730 -0.00411 0.31121
v -0.01263 -0.00411 0.30535
v -0.01029 -0.01061 0.30241
v -0.01263 -0.01710 0.30535
v -0.01730 -0.01710 0.31121
v -0.02838 -0.01061 0.29005
v -0.02500 -0.00411 0.28842
v -0.01824 -0.00411 0.28517
v -0.01487 -0.01061 0.28354
v -0.01824 -0.01710 0.28517
v -0.02500 -0.01710 0.28842
v -0.03150 -0.01061 0.26000
v -0.02775 -0.00411 0.26000
v -0.02025 -0.00411 0.26000
v -0.01650 -0.01061 0.26000
v -0.02025 -0.01710 0.26000
v -0.02775 -0.01710 0.26000
v -0.02838 -0.01061 0.22995
v -0.02500 -0.00411 0.23158
v -0.01824 -0.00411 0.23483
v -0.01487 -0.01061 0.23646
v -0.01824 -0.01710 0.23483
v -0.02500 -0.01710 0.23158
v -0.01964 -0.01061 0.20586
v -0.01730 -0.00411 0.20879
v -0.01263 -0.00411 0.21465
v -0.01029 -0.01061 0.21759
v -0.01263 -0.01710 0.21465
v -0.01730 -0.01710 0.20879
v -0.00701 -0.01061 0.19249
v -0.00617 -0.00411 0.19614
v -0.00451 -0.00411 0.20345
v -0.00367 -0.01061 0.20711
v -0.00451 -0.01710 0.20345
v -0.00617 -0.01710 0.19614
v 0.00701 -0.01061 0.19249
v 0.00617 -0.00411 0.19614
v 0.00451 -0.00411 0.20345
v 0.00367 -0.01061 0.20711
v 0.00451 -0.01710 0.20345
v 0.00617 -0.01710 0.19614
v 0.01964 -0.01061 0.20586
v 0.01730 -0.00411 0.20879
v 0.01263 -0.00411 0.21465
v 0.01029 -0.01061 0.21759
v 0.01263 -0.01710 0.21465
v 0.01730 -0.01710 0.20879
v 0.02838 -0.01061 0.22995
v 0.02500 -0.00411 0.23158
v 0.01824 -0.00411 0.23483
v 0.01487 -0.01061 0.23646
v 0.01824 -0.01710 0.23483
v 0.02500 -0.01710 0.23158
v -0.00000 0.01764 0.39000
v -0.00650 0.01389 0.39000
v -0.00650 0.00639 0.39000
v -0.00000 0.00264 0.39000
v 0.00650 0.00639 0.39000
v 0.00650 0.01389 0.39000
v -0.00000 0.01452 0.42005
v -0.00650 0.01114 0.41842
v -0.00650 0.00439 0.41517
v -0.00000 0.00101 0.41354
v 0.00650 0.00439 0.41517
v 0.00650 0.01114 0.41842
v -0.00000 0.00578 0.44414
v -0.00650 0.00344 0.44121
v -0.00650 -0.00123 0.43535
v -0.00000 -0.00357 0.43241
v 0.00650 -0.00123 0.43535
v 0.00650 0.00344 0.44121
v -0.00000 -0.00685 0.45751
v -0.00650 -0.00768 0.45386
v -0.00650 -0.00935 0.44655
v -0.00000 -0.01019 0.44289
v 0.00650 -0.00935 0.44655
v 0.00650 -0.00768 0.45386
v -0.00000 -0.02087 0.45751
v -0.00650 -0.02003 0.45386
v -0.00650 -0.01836 0.44655
v -0.00000 -0.01753 0.44289
v 0.00650 -0.01836 0.44655
v 0.00650 -0.02003 0.45386
v -0.00000 -0.03350 0.44414
v -0.00650 -0.03116 0.44121
v -0.00650 -0.02648 0.43535
v -0.00000 -0.02415 0.43241
v 0.00650 -0.02648 0.43535
v 0.00650 -0.03116 0.44121
v -0.00000 -0.04224 0.42005
v -0.00650 -0.03886 0.41842
v -0.00650 -0.03210 0.41517
v -0.00000 -0.02872 0.41354
v 0.00650 -0.03210 0.41517
v 0.00650 -0.03886 0.41842
v -0.00000 -0.04536 0.39000
v -0.00650 -0.04161 0.39000
v -0.00650 -0.03411 0.39000
v -0.00000 -0.03036 0.39000
v 0.00650 -0.03411 0.39000
v 0.00650 -0.04161 0.39000
v -0.00000 -0.04224 0.35995
v -0.00650 -0.03886 0.36158
v -0.00650 -0.03210 0.36483
v -0.00000 -0.02872 0.36646
v 0.00650 -0.03210 0.36483
v 0.00650 -0.03886 0.36158
v -0.00000 -0.03350 0.33586
v -0.00650 -0.03116 0.33879
v -0.00650 -0.02648 0.34465
v -0.00000 -0.02415 0.34759
v 0.00650 -0.02648 0.34465
v 0.00650 -0.03116 0.33879
v -0.00000 -0.02087 0.32249
v -0.00650 -0.02003 0.32614
v -0.00650 -0.01836 0.33345
v -0.00000 -0.01753 0.33711
v 0.00650 -0.01836 0.33345
v 0.00650 -0.02003 0.32614
v -0.00000 -0.00685 0.32249
v -0.00650 -0.00768 0.32614
v -0.00650 -0.00935 0.33345
v -0.00000 -0.01019 0.33711
v 0.00650 -0.00935 0.33345
v 0.00650 -0.00768 0.32614
v -0.00000 0.00578 0.33586
v -0.00650 0.00344 0.33879
v -0.00650 -0.00123 0.34465
v -0.00000 -0.00357 0.34759
v 0.00650 -0.00123 0.34465
v 0.00650 0.00344 0.33879
v -0.00000 0.01452 0.35995
v -0.00650 0.01114 0.36158
v -0.00650 0.00439 0.36483
v -0.00000 0.00101 0.36646
v 0.00650 0.00439 0.36483
v 0.00650 0.01114 0.36158
v 0.03150 -0.01500 0.52000
v 0.02775 -0.00850 0.52000
v 0.02025 -0.00850 0.52000
v 0.01650 -0.01500 0.52000
v 0.02025 -0.02150 0.52000
v 0.02775 -0.02150 0.52000
v 0.02838 -0.01500 0.55005
v 0.02500 -0.00850 0.54842
v 0.01824 -0.00850 0.54517
v 0.01487 -0.01500 0.54354
v 0.01824 -0.02150 0.54517
v 0.02500 -0.02150 0.54842
v 0.01964 -0.01500 0.57414
v 0.01730 -0.00850 0.57121
v 0.01263 -0.00850 0.56535
v 0.01029 -0.01500 0.56241
v 0.01263 -0.02150 0.56535
v 0.01730 -0.02150 0.57121
v 0.00701 -0.01500 0.58751
v 0.00617 -0.00850 0.58386
v 0.00451 -0.00850 0.57655
v 0.00367 -0.01500 0.57289
v 0.00451 -0.02150 0.57655
v 0.00617 -0.02150 0.58386
v -0.00701 -0.01500 0.58751
v -0.00617 -0.00850 0.58386
v -0.00451 -0.00850 0.57655
v -0.00367 -0.01500 0.57289
v -0.00451 -0.02150 0.57655
v -0.00617 -0.02150 0.58386
v -0.01964 -0.01500 0.57414
v -0.01730 -0.00850 0.57121
v -0.01263 -0.00850 0.56535
v -0.01029 -0.01500 0.56241
v -0.01263 -0.02150 0.56535
v -0.01730 -0.02150 0.57121
v -0.02838 -0.01500 0.55005
v -0.02500 -0.00850 0.54842
v -0.01824 -0.00850 0.54517
v -0.01487 -0.01500 0.54354
v -0.01824 -0.02150 0.54517
v -0.02500 -0.02150 0.54842
v -0.03150 -0.01500 0.52000
v -0.02775 -0.00850 0.52000
v -0.02025 -0.00850 0.52000
v -0.01650 -0.01500 0.52000
v -0.02025 -0.02150 0.52000
v -0.02775 -0.02150 0.52000
v -0.02838 -0.01500 0.48995
v -0.02500 -0.00850 0.49158
v -0.01824 -0.00850 0.49483
v -0.01487 -0.01500 0.49646
v -0.01824 -0.02150 0.49483
v -0.02500 -0.02150 0.49158
v -0.01964 -0.01500 0.46586
v -0.01730 -0.00850 0.46879
v -0.01263 -0.00850 0.47465
v -0.01029 -0.01500 0.47759
v -0.01263 -0.02150 0.47465
v -0.01730 -0.02150 0.46879
v -0.00701 -0.01500 0.45249
v -0.00617 -0.00850 0.45614
v -0.00451 -0.00850 0.46345
v -0.00367 -0.01500 0.46711
v -0.00451 -0.02150 0.46345
v -0.00617 -0.02150 0.45614
v 0.00701 -0.01500 0.45249
v 0.00617 -0.00850 0.45614
v 0.00451 -0.00850 0.46345
v 0.00367 -0.01500 0.46711
v 0.00451 -0.02150 0.46345
v 0.00617 -0.02150 0.45614
v 0.01964 -0.01500 0.46586
v 0.01730 -0.00850 0.46879
v 0.01263 -0.00850 0.47465
v 0.01029 -0.01500 0.47759
v 0.01263 -0.02150 0.47465
v 0.01730 -0.02150 0.46879
v 0.02838 -0.01500 0.48995
v 0.02500 -0.00850 0.49158
v 0.01824 -0.00850 0.49483
v 0.01487 -0.01500 0.49646
v 0.01824 -0.02150 0.49483
v 0.02500 -0.02150 0.49158
v -0.00000 0.01764 0.65000
v -0.00650 0.01389 0.65000
v -0.00650 0.00639 0.65000
v -0.00000 0.00264 0.65000
v 0.00650 0.00639 0.65000
v 0.00650 0.01389 0.65000
v -0.00000 0.01452 0.68005
v -0.00650 0.01114 0.67842
v -0.00650 0.00439 0.67517
v -0.00000 0.00101 0.67354
v 0.00650 0.00439 0.67517
v 0.00650 0.01114 0.67842
v -0.00000 0.00578 0.70414
v -0.00650 0.00344 0.70121
v -0.00650 -0.00123 0.69535
v -0.00000 -0.00357 0.69241
v 0.00650 -0.00123 0.69535
v 0.00650 0.00344 0.70121
v -0.00000 -0.00685 0.71751
v -0.00650 -0.00768 0.71386
v -0.00650 -0.00935 0.70655
v -0.00000 -0.01019 0.70289
v 0.00650 -0.00935 0.70655
v 0.00650 -0.00768 0.71386
v -0.00000 -0.02087 0.71751
v -0.00650 -0.02003 0.71386
v -0.00650 -0.01836 0.70655
v -0.00000 -0.01753 0.70289
v 0.00650 -0.01836 0.70655
v 0.00650 -0.02003 0.71386
v -0.00000 -0.03350 0.70414
v -0.00650 -0.03116 0.70121
v -0.00650 -0.02648 0.69535
v -0.00000 -0.02415 0.69241
v 0.00650 -0.02648 0.69535
v 0.00650 -0.03116 0.70121
v -0.00000 -0.04224 0.68005
v -0.00650 -0.03886 0.67842
v -0.00650 -0.03210 0.67517
v -0.00000 -0.02872 0.67354
v 0.00650 -0.03210 0.67517
v 0.00650 -0.03886 0.67842
v -0.00000 -0.04536 0.65000
v -0.00650 -0.04161 0.65000
v -0.00650 -0.03411 0.65000
v -0.00000 -0.03036 0.65000
v 0.00650 -0.03411 0.65000
v 0.00650 -0.04161 0.65000
v -0.00000 -0.04224 0.61995
v -0.00650 -0.03886 0.62158
v -0.00650 -0.03210 0.62483
v -0.00000 -0.02872 0.62646
v 0.00650 -0.03210 0.62483
v 0.00650 -0.03886 0.62158
v -0.00000 -0.03350 0.59586
v -0.00650 -0.03116 0.59879
v -0.00650 -0.02648 0.60465
v -0.00000 -0.02415 0.60759
v 0.00650 -0.02648 0.60465
v 0.00650 -0.03116 0.59879
v -0.00000 -0.02087 0.58249
v -0.00650 -0.02003 0.58614
v -0.00650 -0.01836 0.59345
v -0.00000 -0.01753 0.59711
v 0.00650 -0.01836 0.59345
v 0.00650 -0.02003 0.58614
v -0.00000 -0.00685 0.58249
v -0.00650 -0.00768 0.58614
v -0.00650 -0.00935 0.59345
v -0.00000 -0.01019 0.59711
v 0.00650 -0.00935 0.59345
v 0.00650 -0.00768 0.58614
v -0.00000 0.00578 0.59586
v -0.00650 0.00344 0.59879
v -0.00650 -0.00123 0.60465
v -0.00000 -0.00357 0.60759
v 0.00650 -0.00123 0.60465
v 0.00650 0.00344 0.59879
v -0.00000 0.01452 0.61995
v -0.00650 0.01114 0.62158
v -0.00650 0.00439 0.62483
v -0.00000 0.00101 0.62646
v 0.00650 0.00439 0.62483
v 0.00650 0.01114 0.62158
v 0.03150 -0.01061 0.78000
v 0.02775 -0.00411 0.78000
v 0.02025 -0.00411 0.78000
v 0.01650 -0.01061 0.78000
v 0.02025 -0.01710 0.78000
v 0.02775 -0.01710 0.78000
v 0.02838 -0.01061 0.81005
v 0.02500 -0.00411 0.80842
v 0.01824 -0.00411 0.80517
v 0.01487 -0.01061 0.80354
v 0.01824 -0.01710 0.80517
v 0.02500 -0.01710 0.80842
v 0.01964 -0.01061 0.83414
v 0.01730 -0.00411 0.83121
v 0.01263 -0.00411 0.82535
v 0.01029 -0.01061 0.82241
v 0.01263 -0.01710 0.82535
v 0.01730 -0.01710 0.83121
v 0.00701 -0.01061 0.84751
v 0.00617 -0.00411 0.84386
v 0.00451 -0.00411 0.83655
v 0.00367 -0.01061 0.83289
v 0.00451 -0.01710 0.83655
v 0.00617 -0.01710 0.84386
v -0.00701 -0.01061 0.84751
v -0.00617 -0.00411 0.84386
v -0.00451 -0.00411 0.83655
v -0.00367 -0.01061 0.83289
v -0.00451 -0.01710 0.83655
v -0.00617 -0.01710 0.84386
v -0.01964 -0.01061 0.83414
v -0.01730 -0.00411 0.83121
v -0.01263 -0.00411 0.82535
v -0.01029 -0.01061 0.82241
v -0.01263 -0.01710 0.82535
v -0.01730 -0.01710 0.83121
v -0.02838 -0.01061 0.81005
v -0.02500 -0.00411 0.80842
v -0.01824 -0.00411 0.80517
v -0.01487 -0.01061 0.80354
v -0.01824 -0.01710 0.80517
v -0.02500 -0.01710 0.80842
v -0.03150 -0.01061 0.78000
v -0.02775 -0.00411 0.78000
v -0.02025 -0.00411 0.78000
v -0.01650 -0.01061 0.78000
v -0.02025 -0.01710 0.78000
v -0.02775 -0.01710 0.78000
v -0.02838 -0.01061 0.74995
v -0.02500 -0.00411 0.75158
v -0.01824 -0.00411 0.75483
v -0.01487 -0.01061 0.75646
v -0.01824 -0.01710 0.75483
v -0.02500 -0.01710 0.75158
v -0.01964 -0.01061 0.72586
v -0.01730 -0.00411 0.72879
v -0.01263 -0.00411 0.73465
v -0.01029 -0.01061 0.73759
v -0.01263 -0.01710 0.73465
v -0.01730 -0.01710 0.72879
v -0.00701 -0.01061 0.71249
v -0.00617 -0.00411 0.71614
v -0.00451 -0.00411 0.72345
v -0.00367 -0.01061 0.72711
v -0.00451 -0.01710 0.72345
v -0.00617 -0.01710 0.71614
v 0.00701 -0.01061 0.71249
v 0.00617 -0.00411 0.71614
v 0.00451 -0.00411 0.72345
v 0.00367 -0.01061 0.72711
v 0.00451 -0.01710 0.72345
v 0.00617 -0.01710 0.71614
v 0.01964 -0.01061 0.72586
v 0.01730 -0.00411 0.72879
v 0.01263 -0.00411 0.73465
v 0.01029 -0.01061 0.73759
v 0.01263 -0.01710 0.73465
v 0.01730 -0.01710 0.72879
v 0.02838 -0.01061 0.74995
v 0.02500 -0.00411 0.75158
v 0.01824 -0.00411 0.75483
v 0.01487 -0.01061 0.75646
v 0.01824 -0.01710 0.75483
v 0.02500 -0.01710 0.75158
v -0.00000 0.02576 0.91000
v -0.00650 0.02201 0.91000
v -0.00650 0.01451 0.91000
v -0.00000 0.01076 0.91000
v 0.00650 0.01451 0.91000
v 0.00650 0.02201 0.91000
v -0.00000 0.02264 0.94005
v -0.00650 0.01926 0.93842
v -0.00650 0.01250 0.93517
v -0.00000 0.00913 0.93354
v 0.00650 0.01250 0.93517
v 0.00650 0.01926 0.93842
v -0.00000 0.01390 0.96414
v -0.00650 0.01156 0.96121
v -0.00650 0.00689 0.95535
v -0.00000 0.00455 0.95241
v 0.00650 0.00689 0.95535
v 0.00650 0.01156 0.96121
v -0.00000 0.00127 0.97751
v -0.00650 0.00043 0.97386
v -0.00650 -0.00123 0.96655
v -0.00000 -0.00207 0.96289
v 0.00650 -0.00123 0.96655
v 0.00650 0.00043 0.97386
v -0.00000 -0.01275 0.97751
v -0.00650 -0.01192 0.97386
v -0.00650 -0.01025 0.96655
v -0.00000 -0.00941 0.96289
v 0.00650 -0.01025 0.96655
v 0.00650 -0.01192 0.97386
v -0.00000 -0.02538 0.96414
v -0.00650 -0.02304 0.96121
v -0.00650 -0.01837 0.95535
v -0.00000 -0.01603 0.95241
v 0.00650 -0.01837 0.95535
v 0.00650 -0.02304 0.96121
v -0.00000 -0.03412 0.94005
v -0.00650 -0.03074 0.93842
v -0.00650 -0.02398 0.93517
v -0.00000 -0.02061 0.93354
v 0.00650 -0.02398 0.93517
v 0.00650 -0.03074 0.93842
v -0.00000 -0.03724 0.91000
v -0.00650 -0.03349 0.91000
v -0.00650 -0.02599 0.91000
v -0.00000 -0.02224 0.91000
v 0.00650 -0.02599 0.91000
v 0.00650 -0.03349 0.91000
v -0.00000 -0.03412 0.87995
v -0.00650 -0.03074 0.88158
v -0.00650 -0.02398 0.88483
v -0.00000 -0.02061 0.88646
v 0.00650 -0.02398 0.88483
v 0.00650 -0.03074 0.88158
v -0.00000 -0.02538 0.85586
v -0.00650 -0.02304 0.85879
v -0.00650 -0.01837 0.86465
v -0.00000 -0.01603 0.86759
v 0.00650 -0.01837 0.86465
v 0.00650 -0.02304 0.85879
v -0.00000 -0.01275 0.84249
v -0.00650 -0.01192 0.84614
v -0.00650 -0.01025 0.85345
v -0.00000 -0.00941 0.85711
v 0.00650 -0.01025 0.85345
v 0.00650 -0.01192 0.84614
v -0.00000 0.00127 0.84249
v -0.00650 0.00043 0.84614
v -0.00650 -0.00123 0.85345
v -0.00000 -0.00207 0.85711
v 0.00650 -0.00123 0.85345
v 0.00650 0.00043 0.84614
v -0.00000 0.01390 0.85586
v -0.00650 0.01156 0.85879
v -0.00650 0.00689 0.86465
v -0.00000 0.00455 0.86759
v 0.00650 0.00689 0.86465
v 0.00650 0.01156 0.85879
v -0.00000 0.02264 0.87995
v -0.00650 0.01926 0.88158
v -0.00650 0.01250 0.88483
v -0.00000 0.00913 0.88646
v 0.00650 0.01250 0.88483
v 0.00650 0.01926 0.88158
v 0.03150 -0.00000 1.04000
v 0.02775 0.00650 1.04000
v 0.02025 0.00650 1.04000
v 0.01650 -0.00000 1.04000
v 0.02025 -0.00650 1.04000
v 0.02775 -0.00650 1.04000
v 0.02838 -0.00000 1.07005
v 0.02500 0.00650 1.06842
v 0.01824 0.00650 1.06517
v 0.01487 -0.00000 1.06354
v 0.01824 -0.00650 1.06517
v 0.02500 -0.00650 1.06842
v 0.01964 -0.00000 1.09414
v 0.01730 0.00650 1.09121
v 0.01263 0.00650 1.08535
v 0.01029 -0.00000 1.08241
v 0.01263 -0.00650 1.08535
v 0.01730 -0.00650 1.09121
v 0.00701 -0.00000 1.10751
v 0.00617 0.00650 1.10386
v 0.00451 0.00650 1.09655
v 0.00367 -0.00000 1.09289
v 0.00451 -0.00650 1.09655
v 0.00617 -0.00650 1.10386
v -0.00701 -0.00000 1.10751
v -0.00617 0.00650 1.10386
v -0.00451 0.00650 1.09655
v -0.00367 -0.00000 1.09289
v -0.00451 -0.00650 1.09655
v -0.00617 -0.00650 1.10386
v -0.01964 -0.00000 1.09414
v -0.01730 0.00650 1.09121
v -0.01263 0.00650 1.08535
v -0.01029 -0.00000 1.08241
v -0.01263 -0.00650 1.08535
v -0.01730 -0.00650 1.09121
v -0.02838 -0.00000 1.07005
v -0.02500 0.00650 1.06842
v -0.01824 0.00650 1.06517
v -0.01487 -0.00000 1.06354
v -0.01824 -0.00650 1.06517
v -0.02500 -0.00650 1.06842
v -0.03150 -0.00000 1.04000
v -0.02775 0.00650 1.04000
v -0.02025 0.00650 1.04000
v -0.01650 -0.00000 1.04000
v -0.02025 -0.00650 1.04000
v -0.02775 -0.00650 1.04000
v -0.02838 -0.00000 1.00995
v -0.02500 0.00650 1.01158
v -0.01824 0.00650 1.01483
v -0.01487 -0.00000 1.01646
v -0.01824 -0.00650 1.01483
v -0.02500 -0.00650 1.01158
v -0.01964 -0.00000 0.98586
v -0.01730 0.00650 0.98879
v -0.01263 0.00650 0.99465
v -0.01029 -0.00000 0.99759
v -0.01263 -0.00650 0.99465
v -0.01730 -0.00650 0.98879
v -0.00701 -0.00000 0.97249
v -0.00617 0.00650 0.97614
v -0.00451 0.00650 0.98345
v -0.00367 -0.00000 0.98711
v -0.00451 -0.00650 0.98345
v -0.00617 -0.00650 0.97614
v 0.00701 -0.00000 0.97249
v 0.00617 0.00650 0.97614
v 0.00451 0.00650 0.98345
v 0.00367 -0.00000 0.98711
v 0.00451 -0.00650 0.98345
v 0.00617 -0.00650 0.97614
v 0.01964 -0.00000 0.98586
v 0.01730 0.00650 0.98879
v 0.01263 0.00650 0.99465
v 0.01029 -0.00000 0.99759
v 0.01263 -0.00650 0.99465
v 0.01730 -0.00650 0.98879
v 0.02838 -0.00000 1.00995
v 0.02500 0.00650 1.01158
v 0.01824 0.00650 1.01483
v 0.01487 -0.00000 1.01646
v 0.01824 -0.00650 1.01483
v 0.02500 -0.00650 1.01158
vt 0.00000 0.00000
vt 0.00000 0.16667
vt 0.00000 0.33333
vt 0.00000 0.50000
vt 0.00000 0.66667
vt 0.00000 0.83333
vt 0.07143 0.00000
vt 0.07143 0.16667
vt 0.07143 0.33333
vt 0.07143 0.50000
vt 0.07143 0.66667
vt 0.07143 0.83333
vt 0.14286 0.00000
vt 0.14286 0.16667
vt 0.14286 0.33333
vt 0.14286 0.50000
vt 0.14286 0.66667
vt 0.14286 0.83333
vt 0.21429 0.00000
vt 0.21429 0.16667
vt 0.21429 0.33333
vt 0.21429 0.50000
vt 0.21429 0.66667
vt 0.21429 0.83333
vt 0.28571 0.00000
vt 0.28571 0.16667
vt 0.28571 0.33333
vt 0.28571 0.50000
vt 0.28571 0.66667
vt 0.28571 0.83333
vt 0.35714 0.00000
vt 0.35714 0.16667
vt 0.35714 0.33333
vt 0.35714 0.50000
vt 0.35714 0.66667
vt 0.35714 0.83333
vt 0.42857 0.00000
vt 0.42857 0.16667
vt 0.42857 0.33333
vt 0.42857 0.50000
vt 0.42857 0.66667
vt 0.42857 0.83333
vt 0.50000 0.00000
vt 0.50000 0.16667
vt 0.50000 0.33333
vt 0.50000 0.50000
vt 0.50000 0.66667
vt 0.50000 0.83333
vt 0.57143 0.00000
vt 0.57143 0.16667
vt 0.57143 0.33333
vt 0.57143 0.50000
vt 0.57143 0.66667
vt 0.57143 0.83333
vt 0.64286 0.00000
vt 0.64286 0.16667
vt 0.64286 0.33333
vt 0.64286 0.50000
vt 0.64286 0.66667
vt 0.64286 0.83333
vt 0.71429 0.00000
vt 0.71429 0.16667
vt 0.71429 0.33333
vt 0.71429 0.50000
vt 0.71429 0.66667
vt 0.71429 0.83333
vt 0.78571 0.00000
vt 0.78571 0.16667
vt 0.78571 0.33333
vt 0.78571 0.50000
vt 0.78571 0.66667
vt 0.78571 0.83333
vt 0.85714 0.00000
vt 0.85714 0.16667
vt 0.85714 0.33333
vt 0.85714 0.50000
vt 0.85714 0.66667
vt 0.85714 0.83333
vt 0.92857 0.00000
vt 0.92857 0.16667
vt 0.92857 0.33333
vt 0.92857 0.50000
vt 0.92857 0.66667
vt 0.92857 0.83333
vt 0.00000 0.00000
vt 0.00000 0.16667
vt 0.00000 0.33333
vt 0.00000 0.50000
vt 0.00000 0.66667
vt 0.00000 0.83333
vt 0.07143 0.00000
vt 0.07143 0.16667
vt 0.07143 0.33333
vt 0.07143 0.50000
vt 0.07143 0.66667
vt 0.07143 0.83333
vt 0.14286 0.00000
vt 0.14286 0.16667
vt 0.14286 0.33333
vt 0.14286 0.50000
vt 0.14286 0.66667
vt 0.14286 0.83333
vt 0.21429 0.00000
vt 0.21429 0.16667
vt 0.21429 0.33333
vt 0.21429 0.50000
vt 0.21429 0.66667
vt 0.21429 0.83333
vt 0.28571 0.00000
vt 0.28571 0.16667
vt 0.28571 0.33333
vt 0.28571 0.50000
vt 0.28571 0.66667
vt 0.28571 0.83333
vt 0.35714 0.00000
vt 0.35714 0.16667
vt 0.35714 0.33333
vt 0.35714 0.50000
vt 0.35714 0.66667
vt 0.35714 0.83333
vt 0.42857 0.00000
vt 0.42857 0.16667
vt 0.42857 0.33333
vt 0.42857 0.50000
vt 0.42857 0.66667
vt 0.42857 0.83333
vt 0.50000 0.00000
vt 0.50000 0.16667
vt 0.50000 0.33333
vt 0.50000 0.50000
vt 0.50000 0.66667
vt 0.50000 0.83333
vt 0.57143 0.00000
vt 0.57143 0.16667
vt 0.57143 0.33333
vt 0.57143 0.50000
vt 0.57143 0.66667
vt 0.57143 0.83333
vt 0.64286 0.00000
vt 0.64286 0.16667
vt 0.64286 0.33333
vt 0.64286 0.50000
vt 0.64286 0.66667
vt 0.64286 0.83333
vt 0.71429 0.00000
vt 0.71429 0.16667
vt 0.71429 0.33333
vt 0.71429 0.50000
vt 0.71429 0.66667
vt 0.71429 0.83333
vt 0.78571 0.00000
vt 0.78571 0.16667
vt 0.78571 0.33333
vt 0.78571 0.50000
vt 0.78571 0.66667
vt 0.78571 0.83333
vt 0.85714 0.00000
vt 0.85714 0.16667
vt 0.85714 0.33333
vt 0.85714 0.50000
vt 0.85714 0.66667
vt 0.85714 0.83333
vt 0.92857 0.00000
vt 0.92857 0.16667
vt 0.92857 0.33333
vt 0.92857 0.50000
vt 0.92857 0.66667
vt 0.92857 0.83333
vt 0.00000 0.00000
vt 0.00000 0.16667
vt 0.00000 0.33333
vt 0.00000 0.50000
vt 0.00000 0.66667
vt 0.00000 0.83333
vt 0.07143 0.00000
vt 0.07143 0.16667
vt 0.07143 0.33333
vt 0.07143 0.50000
vt 0.07143 0.66667
vt 0.07143 0.83333
vt 0.14286 0.00000
vt 0.14286 0.16667
vt 0.14286 0.33333
vt 0.14286 0.50000
vt 0.14286 0.66667
vt 0.14286 0.83333
vt 0.21429 0.00000
vt 0.21429 0.16667
vt 0.21429 0.33333
vt 0.21429 0.50000
vt 0.21429 0.66667
vt 0.21429 0.83333
vt 0.28571 0.00000
vt 0.28571 0.16667
vt 0.28571 0.33333
vt 0.28571 0.50000
vt 0.28571 0.66667
vt 0.28571 0.83333
vt 0.35714 0.00000
vt 0.35714 0.16667
vt 0.35714 0.33333
vt 0.35714 0.50000
vt 0.35714 0.66667
vt 0.35714 0.83333
vt 0.42857 0.00000
vt 0.42857 0.16667
vt 0.42857 0.33333
vt 0.42857 0.50000
vt 0.42857 0.66667
vt 0.42857 0.83333
vt 0.50000 0.00000
vt 0.50000 0.16667
vt 0.50000 0.33333
vt 0.50000 0.50000
vt 0.50000 0.66667
vt 0.50000 0.83333
vt 0.57143 0.00000
vt 0.57143 0.16667
vt 0.57143 0.33333
vt 0.57143 0.50000
vt 0.57143 0.66667
vt 0.57143 0.83333
vt 0.64286 0.00000
vt 0.64286 0.16667
vt 0.64286 0.33333
vt 0.64286 0.50000
vt 0.64286 0.66667
vt 0.64286 0.83333
vt 0.71429 0.00000
vt 0.71429 0.16667
vt 0.71429 0.33333
vt 0.71429 0.50000
vt 0.71429 0.66667
vt 0.71429 0.83333
vt 0.78571 0.00000
vt 0.78571 0.16667
vt 0.78571 0.33333
vt 0.78571 0.50000
vt 0.78571 0.66667
vt 0.78571 0.83333
vt 0.85714 0.00000
vt 0.85714 0.16667
vt 0.85714 0.33333
vt 0.85714 0.50000
vt 0.85714 0.66667
vt 0.85714 0.83333
vt 0.92857 0.00000
vt 0.92857 0.16667
vt 0.92857 0.33333
vt 0.92857 0.50000
vt 0.92857 0.66667
vt 0.92857 0.83333
vt 0.00000 0.00000
vt 0.00000 0.16667
vt 0.00000 0.33333
vt 0.00000 0.50000
vt 0.00000 0.66667
vt 0.00000 0.83333
vt 0.07143 0.00000
vt 0.07143 0.16667
vt 0.07143 0.33333
vt 0.07143 0.50000
vt 0.07143 0.66667
vt 0.07143 0.83333
vt 0.14286 0.00000
vt 0.14286 0.16667
vt 0.14286 0.33333
vt 0.14286 0.50000
vt 0.14286 0.66667
vt 0.14286 0.83333
vt 0.21429 0.00000
vt 0.21429 0.16667
vt 0.21429 0.33333
vt 0.21429 0.50000
vt 0.21429 0.66667
vt 0.21429 0.83333
vt 0.28571 0.00000
vt 0.28571 0.16667
vt 0.28571 0.33333
vt 0.28571 0.50000
vt 0.28571 0.66667
vt 0.28571 0.83333
vt 0.35714 0.00000
vt 0.35714 0.16667
vt 0.35714 0.33333
vt 0.35714 0.50000
vt 0.35714 0.66667
vt 0.35714 0.83333
vt 0.42857 0.00000
vt 0.42857 0.16667
vt 0.42857 0.33333
vt 0.42857 0.50000
vt 0.42857 0.66667
vt 0.42857 0.83333
vt 0.50000 0.00000
vt 0.50000 0.16667
vt 0.50000 0.33333
vt 0.50000 0.50000
vt 0.50000 0.66667
vt 0.50000 0.83333
vt 0.57143 0.00000
vt 0.57143 0.16667
vt 0.57143 0.33333
vt 0.57143 0.50000
vt 0.57143 0.66667
vt 0.57143 0.83333
vt 0.64286 0.00000
vt 0.64286 0.16667
vt 0.64286 0.33333
vt 0.64286 0.50000
vt 0.64286 0.66667
vt 0.64286 0.83333
vt 0.71429 0.00000
vt 0.71429 0.16667
vt 0.71429 0.33333
vt 0.71429 0.50000
vt 0.71429 0.66667
vt 0.71429 0.83333
vt 0.78571 0.00000
vt 0.78571 0.16667
vt 0.78571 0.33333
vt 0.78571 0.50000
vt 0.78571 0.66667
vt 0.78571 0.83333
vt 0.85714 0.00000
vt 0.85714 0.16667
vt 0.85714 0.33333
vt 0.85714 0.50000
vt 0.85714 0.66667
vt 0.85714 0.83333
vt 0.92857 0.00000
vt 0.92857 0.16667
vt 0.92857 0.33333
vt 0.92857 0.50000
vt 0.92857 0.66667
vt 0.92857 0.83333
vt 0.00000 0.00000
vt 0.00000 0.16667
vt 0.00000 0.33333
vt 0.00000 0.50000
vt 0.00000 0.66667
vt 0.00000 0.83333
vt 0.07143 0.00000
vt 0.07143 0.16667
vt 0.07143 0.33333
vt 0.07143 0.50000
vt 0.07143 0.66667
vt 0.07143 0.83333
vt 0.14286 0.00000
vt 0.14286 0.16667
vt 0.14286 0.33333
vt 0.14286 0.50000
vt 0.14286 0.66667
vt 0.14286 0.83333
vt 0.21429 0.00000
vt 0.21429 0.16667
vt 0.21429 0.33333
vt 0.21429 0.50000
vt 0.21429 0.66667
vt 0.21429 0.83333
vt 0.28571 0.00000
vt 0.28571 0.16667
vt 0.28571 0.33333
vt 0.28571 0.50000
vt 0.28571 0.66667
vt 0.28571 0.83333
vt 0.35714 0.00000
vt 0.35714 0.16667
vt 0.35714 0.33333
vt 0.35714 0.50000
vt 0.35714 0.66667
vt 0.35714 0.83333
vt 0.42857 0.00000
vt 0.42857 0.16667
vt 0.42857 0.33333
vt 0.42857 0.50000
vt 0.42857 0.66667
vt 0.42857 0.83333
vt 0.50000 0.00000
vt 0.50000 0.16667
vt 0.50000 0.33333
vt 0.50000 0.50000
vt 0.50000 0.66667
vt 0.50000 0.83333
vt 0.57143 0.00000
vt 0.57143 0.16667
vt 0.57143 0.33333
vt 0.57143 0.50000
vt 0.57143 0.66667
vt 0.57143 0.83333
vt 0.64286 0.00000
vt 0.64286 0.16667
vt 0.64286 0.33333
vt 0.64286 0.50000
vt 0.64286 0.66667
vt 0.64286 0.83333
vt 0.71429 0.00000
vt 0.71429 0.16667
vt 0.71429 0.33333
vt 0.71429 0.50000
vt 0.71429 0.66667
vt 0.71429 0.83333
vt 0.78571 0.00000
vt 0.78571 0.16667
vt 0.78571 0.33333
vt 0.78571 0.50000
vt 0.78571 0.66667
vt 0.78571 0.83333
vt 0.85714 0.00000
vt 0.85714 0.16667
vt 0.85714 0.33333
vt 0.85714 0.50000
vt 0.85714 0.66667
vt 0.85714 0.83333
vt 0.92857 0.00000
vt 0.92857 0.16667
vt 0.92857 0.33333
vt 0.92857 0.50000
vt 0.92857 0.66667
vt 0.92857 0.83333
vt 0.00000 0.00000
vt 0.00000 0.16667
vt 0.00000 0.33333
vt 0.00000 0.50000
vt 0.00000 0.66667
vt 0.00000 0.83333
vt 0.07143 0.00000
vt 0.07143 0.16667
vt 0.07143 0.33333
vt 0.07143 0.50000
vt 0.07143 0.66667
vt 0.07143 0.83333
vt 0.14286 0.00000
vt 0.14286 0.16667
vt 0.14286 0.33333
vt 0.14286 0.50000
vt 0.14286 0.66667
vt 0.14286 0.83333
vt 0.21429 0.00000
vt 0.21429 0.16667
vt 0.21429 0.33333
vt 0.21429 0.50000
vt 0.21429 0.66667
vt 0.21429 0.83333
vt 0.28571 0.00000
vt 0.28571 0.16667
vt 0.28571 0.33333
vt 0.28571 0.50000
vt 0.28571 0.66667
vt 0.28571 0.83333
vt 0.35714 0.00000
vt 0.35714 0.16667
vt 0.35714 0.33333
vt 0.35714 0.50000
vt 0.35714 0.66667
vt 0.35714 0.83333
vt 0.42857 0.00000
vt 0.42857 0.16667
vt 0.42857 0.33333
vt 0.42857 0.50000
vt 0.42857 0.66667
vt 0.42857 0.83333
vt 0.50000 0.00000
vt 0.50000 0.16667
vt 0.50000 0.33333
vt 0.50000 0.50000
vt 0.50000 0.66667
vt 0.50000 0.83333
vt 0.57143 0.00000
vt 0.57143 0.16667
vt 0.57143 0.33333
vt 0.57143 0.50000
vt 0.57143 0.66667
vt 0.57143 0.83333
vt 0.64286 0.00000
vt 0.64286 0.16667
vt 0.64286 0.33333
vt 0.64286 0.50000
vt 0.64286 0.66667
vt 0.64286 0.83333
vt 0.71429 0.00000
vt 0.71429 0.16667
vt 0.71429 0.33333
vt 0.71429 0.50000
vt 0.71429 0.66667
vt 0.71429 0.83333
vt 0.78571 0.00000
vt 0.78571 0.16667
vt 0.78571 0.33333
vt 0.78571 0.50000
vt 0.78571 0.66667
vt 0.78571 0.83333
vt 0.85714 0.00000
vt 0.85714 0.16667
vt 0.85714 0.33333
vt 0.85714 0.50000
vt 0.85714 0.66667
vt 0.85714 0.83333
vt 0.92857 0.00000
vt 0.92857 0.16667
vt 0.92857 0.33333
vt 0.92857 0.50000
vt 0.92857 0.66667
vt 0.92857 0.83333
vt 0.00000 0.00000
vt 0.00000 0.16667
vt 0.00000 0.33333
vt 0.00000 0.50000
vt 0.00000 0.66667
vt 0.00000 0.83333
vt 0.07143 0.00000
vt 0.07143 0.16667
vt 0.07143 0.33333
vt 0.07143 0.50000
vt 0.07143 0.66667
vt 0.07143 0.83333
vt 0.14286 0.00000
vt 0.14286 0.16667
vt 0.14286 0.33333
vt 0.14286 0.50000
vt 0.14286 0.66667
vt 0.14286 0.83333
vt 0.21429 0.00000
vt 0.21429 0.16667
vt 0.21429 0.33333
vt 0.21429 0.50000
vt 0.21429 0.66667
vt 0.21429 0.83333
vt 0.28571 0.00000
vt 0.28571 0.16667
vt 0.28571 0.33333
vt 0.28571 0.50000
vt 0.28571 0.66667
vt 0.28571 0.83333
vt 0.35714 0.00000
vt 0.35714 0.16667
vt 0.35714 0.33333
vt 0.35714 0.50000
vt 0.35714 0.66667
vt 0.35714 0.83333
vt 0.42857 0.00000
vt 0.42857 0.16667
vt 0.42857 0.33333
vt 0.42857 0.50000
vt 0.42857 0.66667
vt 0.42857 0.83333
vt 0.50000 0.00000
vt 0.50000 0.16667
vt 0.50000 0.33333
vt 0.50000 0.50000
vt 0.50000 0.66667
vt 0.50000 0.83333
vt 0.57143 0.00000
vt 0.57143 0.16667
vt 0.57143 0.33333
vt 0.57143 0.50000
vt 0.57143 0.66667
vt 0.57143 0.83333
vt 0.64286 0.00000
vt 0.64286 0.16667
vt 0.64286 0.33333
vt 0.64286 0.50000
vt 0.64286 0.66667
vt 0.64286 0.83333
vt 0.71429 0.00000
vt 0.71429 0.16667
vt 0.71429 0.33333
vt 0.71429 0.50000
vt 0.71429 0.66667
vt 0.71429 0.83333
vt 0.78571 0.00000
vt 0.78571 0.16667
vt 0.78571 0.33333
vt 0.78571 0.50000
vt 0.78571 0.66667
vt 0.78571 0.83333
vt 0.85714 0.00000
vt 0.85714 0.16667
vt 0.85714 0.33333
vt 0.85714 0.50000
vt 0.85714 0.66667
vt 0.85714 0.83333
vt 0.92857 0.00000
vt 0.92857 0.16667
vt 0.92857 0.33333
vt 0.92857 0.50000
vt 0.92857 0.66667
vt 0.92857 0.83333
vt 0.00000 0.00000
vt 0.00000 0.16667
vt 0.00000 0.33333
vt 0.00000 0.50000
vt 0.00000 0.66667
vt 0.00000 0.83333
vt 0.07143 0.00000
vt 0.07143 0.16667
vt 0.07143 0.33333
vt 0.07143 0.50000
vt 0.07143 0.66667
vt 0.07143 0.83333
vt 0.14286 0.00000
vt 0.14286 0.16667
vt 0.14286 0.33333
vt 0.14286 0.50000
vt 0.14286 0.66667
vt 0.14286 0.83333
vt 0.21429 0.00000
vt 0.21429 0.16667
vt 0.21429 0.33333
vt 0.21429 0.50000
vt 0.21429 0.66667
vt 0.21429 0.83333
vt 0.28571 0.00000
vt 0.28571 0.16667
vt 0.28571 0.33333
vt 0.28571 0.50000
vt 0.28571 0.66667
vt 0.28571 0.83333
vt 0.35714 0.00000
vt 0.35714 0.16667
vt 0.35714 0.33333
vt 0.35714 0.50000
vt 0.35714 0.66667
vt 0.35714 0.83333
vt 0.42857 0.00000
vt 0.42857 0.16667
vt 0.42857 0.33333
vt 0.42857 0.50000
vt 0.42857 0.66667
vt 0.42857 0.83333
vt 0.50000 0.00000
vt 0.50000 0.16667
vt 0.50000 0.33333
vt 0.50000 0.50000
vt 0.50000 0.66667
vt 0.50000 0.83333
vt 0.57143 0.00000
vt 0.57143 0.16667
vt 0.57143 0.33333
vt 0.57143 0.50000
vt 0.57143 0.66667
vt 0.57143 0.83333
vt 0.64286 0.00000
vt 0.64286 0.16667
vt 0.64286 0.33333
vt 0.64286 0.50000
vt 0.64286 0.66667
vt 0.64286 0.83333
vt 0.71429 0.00000
vt 0.71429 0.16667
vt 0.71429 0.33333
vt 0.71429 0.50000
vt 0.71429 0.66667
vt 0.71429 0.83333
vt 0.78571 0.00000
vt 0.78571 0.16667
vt 0.78571 0.33333
vt 0.78571 0.50000
vt 0.78571 0.66667
vt 0.78571 0.83333
vt 0.85714 0.00000
vt 0.85714 0.16667
vt 0.85714 0.33333
vt 0.85714 0.50000
vt 0.85714 0.66667
vt 0.85714 0.83333
vt 0.92857 0.00000
vt 0.92857 0.16667
vt 0.92857 0.33333
vt 0.92857 0.50000
vt 0.92857 0.66667
vt 0.92857 0.83333
vt 0.00000 0.00000
vt 0.00000 0.16667
vt 0.00000 0.33333
vt 0.00000 0.50000
vt 0.00000 0.66667
vt 0.00000 0.83333
vt 0.07143 0.00000
vt 0.07143 0.16667
vt 0.07143 0.33333
vt 0.07143 0.50000
vt 0.07143 0.66667
vt 0.07143 0.83333
vt 0.14286 0.00000
vt 0.14286 0.16667
vt 0.14286 0.33333
vt 0.14286 0.50000
vt 0.14286 0.66667
vt 0.14286 0.83333
vt 0.21429 0.00000
vt 0.21429 0.16667
vt 0.21429 0.33333
vt 0.21429 0.50000
vt 0.21429 0.66667
vt 0.21429 0.83333
vt 0.28571 0.00000
vt 0.28571 0.16667
vt 0.28571 0.33333
vt 0.28571 0.50000
vt 0.28571 0.66667
vt 0.28571 0.83333
vt 0.35714 0.00000
vt 0.35714 0.16667
vt 0.35714 0.33333
vt 0.35714 0.50000
vt 0.35714 0.66667
vt 0.35714 0.83333
vt 0.42857 0.00000
vt 0.42857 0.16667
vt 0.42857 0.33333
vt 0.42857 0.50000
vt 0.42857 0.66667
vt 0.42857 0.83333
vt 0.50000 0.00000
vt 0.50000 0.16667
vt 0.50000 0.33333
vt 0.50000 0.50000
vt 0.50000 0.66667
vt 0.50000 0.83333
vt 0.57143 0.00000
vt 0.57143 0.16667
vt 0.57143 0.33333
vt 0.57143 0.50000
vt 0.57143 0.66667
vt 0.57143 0.83333
vt 0.64286 0.00000
vt 0.64286 0.16667
vt 0.64286 0.33333
vt 0.64286 0.50000
vt 0.64286 0.66667
vt 0.64286 0.83333
vt 0.71429 0.00000
vt 0.71429 0.16667
vt 0.71429 0.33333
vt 0.71429 0.50000
vt 0.71429 0.66667
vt 0.71429 0.83333
vt 0.78571 0.00000
vt 0.78571 0.16667
vt 0.78571 0.33333
vt 0.78571 0.50000
vt 0.78571 0.66667
vt 0.78571 0.83333
vt 0.85714 0.00000
vt 0.85714 0.16667
vt 0.85714 0.33333
vt 0.85714 0.50000
vt 0.85714 0.66667
vt 0.85714 0.83333
vt 0.92857 0.00000
vt 0.92857 0.16667
vt 0.92857 0.33333
vt 0.92857 0.50000
vt 0.92857 0.66667
vt 0.92857 0.83333
vn 1.00000 0.00000 0.00000
vn 0.50000 0.86603 0.00000
vn -0.50000 0.86603 -0.00000
vn -1.00000 0.00000 -0.00000
vn -0.50000 -0.86603 -0.00000
vn 0.50000 -0.86603 0.00000
vn 0.90097 0.00000 0.43388
vn 0.45048 0.86603 0.21694
vn -0.45048 0.86603 -0.21694
vn -0.90097 0.00000 -0.43388
vn -0.45048 -0.86603 -0.21694
vn 0.45048 -0.86603 0.21694
vn 0.62349 0.00000 0.78183
vn 0.31174 0.86603 0.39092
vn -0.31174 0.86603 -0.39092
vn -0.62349 0.00000 -0.78183
vn -0.31174 -0.86603 -0.39092
vn 0.31174 -0.86603 0.39092
vn 0.22252 0.00000 0.97493
vn 0.11126 0.86603 0.48746
vn -0.11126 0.86603 -0.48746
vn -0.22252 0.00000 -0.97493
vn -0.11126 -0.86603 -0.48746
vn 0.11126 -0.86603 0.48746
vn -0.22252 0.00000 0.97493
vn -0.11126 0.86603 0.48746
vn 0.11126 0.86603 -0.48746
vn 0.22252 0.00000 -0.97493
vn 0.11126 -0.86603 -0.48746
vn -0.11126 -0.86603 0.48746
vn -0.62349 0.00000 0.78183
vn -0.31174 0.86603 0.39092
vn 0.31174 0.86603 -0.39092
vn 0.62349 0.00000 -0.78183
vn 0.31174 -0.86603 -0.39092
vn -0.31174 -0.86603 0.39092
vn -0.90097 0.00000 0.43388
vn -0.45048 0.86603 0.21694
vn 0.45048 0.86603 -0.21694
vn 0.90097 0.00000 -0.43388
vn 0.45048 -0.86603 -0.21694
vn -0.45048 -0.86603 0.21694
vn -1.00000 0.00000 0.00000
vn -0.50000 0.86603 0.00000
vn 0.50000 0.86603 -0.00000
vn 1.00000 0.00000 -0.00000
vn 0.50000 -0.86603 -0.00000
vn -0.50000 -0.86603 0.00000
vn -0.90097 0.00000 -0.43388
vn -0.45048 0.86603 -0.21694
vn 0.45048 0.86603 0.21694
vn 0.90097 0.00000 0.43388
vn 0.45048 -0.86603 0.21694
vn -0.45048 -0.86603 -0.21694
vn -0.62349 0.00000 -0.78183
vn -0.31174 0.86603 -0.39092
vn 0.31174 0.86603 0.39092
vn 0.62349 0.00000 0.78183
vn 0.31174 -0.86603 0.39092
vn -0.31174 -0.86603 -0.39092
vn -0.22252 0.00000 -0.97493
vn -0.11126 0.86603 -0.48746
vn 0.11126 0.86603 0.48746
vn 0.22252 0.00000 0.97493
vn 0.11126 -0.86603 0.48746
vn -0.11126 -0.86603 -0.48746
vn 0.22252 0.00000 -0.97493
vn 0.11126 0.86603 -0.48746
vn -0.11126 0.86603 0.48746
vn -0.22252 0.00000 0.97493
vn -0.11126 -0.86603 0.48746
vn 0.11126 -0.86603 -0.48746
vn 0.62349 0.00000 -0.78183
vn 0.31174 0.86603 -0.39092
vn -0.31174 0.86603 0.39092
vn -0.62349 0.00000 0.78183
vn -0.31174 -0.86603 0.39092
vn 0.31174 -0.86603 -0.39092
vn 0.90097 0.00000 -0.43388
vn 0.45048 0.86603 -0.21694
vn -0.45048 0.86603 0.21694
vn -0.90097 0.00000 0.43388
vn -0.45048 -0.86603 0.21694
vn 0.45048 -0.86603 -0.21694
vn -0.00000 1.00000 0.00000
vn -0.86603 0.50000 0.00000
vn -0.86603 -0.50000 -0.00000
vn -0.00000 -1.00000 -0.00000
vn 0.86603 -0.50000 -0.00000
vn 0.86603 0.50000 0.00000
vn -0.00000 0.90097 0.43388
vn -0.86603 0.45048 0.21694
vn -0.86603 -0.45048 -0.21694
vn -0.00000 -0.90097 -0.43388
vn 0.86603 -0.45048 -0.21694
vn 0.86603 0.45048 0.21694
vn -0.00000 0.62349 0.78183
vn -0.86603 0.31174 0.39092
vn -0.86603 -0.31174 -0.39092
vn -0.00000 -0.62349 -0.78183
vn 0.86603 -0.31174 -0.39092
vn 0.86603 0.31174 0.39092
vn -0.00000 0.22252 0.97493
vn -0.86603 0.11126 0.48746
vn -0.86603 -0.11126 -0.48746
vn -0.00000 -0.22252 -0.97493
vn 0.86603 -0.11126 -0.48746
vn 0.86603 0.11126 0.48746
vn -0.00000 -0.22252 0.97493
vn -0.86603 -0.11126 0.48746
vn -0.86603 0.11126 -0.48746
vn -0.00000 0.22252 -0.97493
vn 0.86603 0.11126 -0.48746
vn 0.86603 -0.11126 0.48746
vn -0.00000 -0.62349 0.78183
vn -0.86603 -0.31174 0.39092
vn -0.86603 0.31174 -0.39092
vn -0.00000 0.62349 -0.78183
vn 0.86603 0.31174 -0.39092
vn 0.86603 -0.31174 0.39092
vn -0.00000 -0.90097 0.43388
vn -0.86603 -0.45048 0.21694
vn -0.86603 0.45048 -0.21694
vn -0.00000 0.90097 -0.43388
vn 0.86603 0.45048 -0.21694
vn 0.86603 -0.45048 0.21694
vn -0.00000 -1.00000 0.00000
vn -0.86603 -0.50000 0.00000
vn -0.86603 0.50000 -0.00000
vn -0.00000 1.00000 -0.00000
vn 0.86603 0.50000 -0.00000
vn 0.86603 -0.50000 0.00000
vn -0.00000 -0.90097 -0.43388
vn -0.86603 -0.45048 -0.21694
vn -0.86603 0.45048 0.21694
vn -0.00000 0.90097 0.43388
vn 0.86603 0.45048 0.21694
vn 0.86603 -0.45048 -0.21694
vn -0.00000 -0.62349 -0.78183
vn -0.86603 -0.31174 -0.39092
vn -0.86603 0.31174 0.39092
vn -0.00000 0.62349 0.78183
vn 0.86603 0.31174 0.39092
vn 0.86603 -0.31174 -0.39092
vn -0.00000 -0.22252 -0.97493
vn -0.86603 -0.11126 -0.48746
vn -0.86603 0.11126 0.48746
vn -0.00000 0.22252 0.97493
vn 0.86603 0.11126 0.48746
vn 0.86603 -0.11126 -0.48746
vn -0.00000 0.22252 -0.97493
vn -0.86603 0.11126 -0.48746
vn -0.86603 -0.11126 0.48746
vn -0.00000 -0.22252 0.97493
vn 0.86603 -0.11126 0.48746
vn 0.86603 0.11126 -0.48746
vn -0.00000 0.62349 -0.78183
vn -0.86603 0.31174 -0.39092
vn -0.86603 -0.31174 0.39092
vn -0.00000 -0.62349 0.78183
vn 0.86603 -0.31174 0.39092
vn 0.86603 0.31174 -0.39092
vn -0.00000 0.90097 -0.43388
vn -0.86603 0.45048 -0.21694
vn -0.86603 -0.45048 0.21694
vn -0.00000 -0.90097 0.43388
vn 0.86603 -0.45048 0.21694
vn 0.86603 0.45048 -0.21694
vn 1.00000 0.00000 0.00000
vn 0.50000 0.86603 0.00000
vn -0.50000 0.86603 -0.00000
vn -1.00000 0.00000 -0.00000
vn -0.50000 -0.86603 -0.00000
vn 0.50000 -0.86603 0.00000
vn 0.90097 0.00000 0.43388
vn 0.45048 0.86603 0.21694
vn -0.45048 0.86603 -0.21694
vn -0.90097 0.00000 -0.43388
vn -0.45048 -0.86603 -0.21694
vn 0.45048 -0.86603 0.21694
vn 0.62349 0.00000 0.78183
vn 0.31174 0.86603 0.39092
vn -0.31174 0.86603 -0.39092
vn -0.62349 0.00000 -0.78183
vn -0.31174 -0.86603 -0.39092
vn 0.31174 -0.86603 0.39092
vn 0.22252 0.00000 0.97493
vn 0.11126 0.86603 0.48746
vn -0.11126 0.86603 -0.48746
vn -0.22252 0.00000 -0.97493
vn -0.11126 -0.86603 -0.48746
vn 0.11126 -0.86603 0.48746
vn -0.22252 0.00000 0.97493
vn -0.11126 0.86603 0.48746
vn 0.11126 0.86603 -0.48746
vn 0.22252 0.00000 -0.97493
vn 0.11126 -0.86603 -0.48746
vn -0.11126 -0.86603 0.48746
vn -0.62349 0.00000 0.78183
vn -0.31174 0.86603 0.39092
vn 0.31174 0.86603 -0.39092
vn 0.62349 0.00000 -0.78183
vn 0.31174 -0.86603 -0.39092
vn -0.31174 -0.86603 0.39092
vn -0.90097 0.00000 0.43388
vn -0.45048 0.86603 0.21694
vn 0.45048 0.86603 -0.21694
vn 0.90097 0.00000 -0.43388
vn 0.45048 -0.86603 -0.21694
vn -0.45048 -0.86603 0.21694
vn -1.00000 0.00000 0.00000
vn -0.50000 0.86603 0.00000
vn 0.50000 0.86603 -0.00000
vn 1.00000 0.00000 -0.00000
vn 0.50000 -0.86603 -0.00000
vn -0.50000 -0.86603 0.00000
vn -0.90097 0.00000 -0.43388
vn -0.45048 0.86603 -0.21694
vn 0.45048 0.86603 0.21694
vn 0.90097 0.00000 0.43388
vn 0.45048 -0.86603 0.21694
vn -0.45048 -0.86603 -0.21694
vn -0.62349 0.00000 -0.78183
vn -0.31174 0.86603 -0.39092
vn 0.31174 0.86603 0.39092
vn 0.62349 0.00000 0.78183
vn 0.31174 -0.86603 0.39092
vn -0.31174 -0.86603 -0.39092
vn -0.22252 0.00000 -0.97493
vn -0.11126 0.86603 -0.48746
vn 0.11126 0.86603 0.48746
vn 0.22252 0.00000 0.97493
vn 0.11126 -0.86603 0.48746
vn -0.11126 -0.86603 -0.48746
vn 0.22252 0.00000 -0.97493
vn 0.11126 0.86603 -0.48746
vn -0.11126 0.86603 0.48746
vn -0.22252 0.00000 0.97493
vn -0.11126 -0.86603 0.48746
vn 0.11126 -0.86603 -0.48746
vn 0.62349 0.00000 -0.78183
vn 0.31174 0.86603 -0.39092
vn -0.31174 0.86603 0.39092
vn -0.62349 0.00000 0.78183
vn -0.31174 -0.86603 0.39092
vn 0.31174 -0.86603 -0.39092
vn 0.90097 0.00000 -0.43388
vn 0.45048 0.86603 -0.21694
vn -0.45048 0.86603 0.21694
vn -0.90097 0.00000 0.43388
vn -0.45048 -0.86603 0.21694
vn 0.45048 -0.86603 -0.21694
vn -0.00000 1.00000 0.00000
vn -0.86603 0.50000 0.00000
vn -0.86603 -0.50000 -0.00000
vn -0.00000 -1.00000 -0.00000
vn 0.86603 -0.50000 -0.00000
vn 0.86603 0.50000 0.00000
vn -0.00000 0.90097 0.43388
vn -0.86603 0.45048 0.21694
vn -0.86603 -0.45048 -0.21694
vn -0.00000 -0.90097 -0.43388
vn 0.86603 -0.45048 -0.21694
vn 0.86603 0.45048 0.21694
vn -0.00000 0.62349 0.78183
vn -0.86603 0.31174 0.39092
vn -0.86603 -0.31174 -0.39092
vn -0.00000 -0.62349 -0.78183
vn 0.86603 -0.31174 -0.39092
vn 0.86603 0.31174 0.39092
vn -0.00000 0.22252 0.97493
vn -0.86603 0.11126 0.48746
vn -0.86603 -0.11126 -0.48746
vn -0.00000 -0.22252 -0.97493
vn 0.86603 -0.11126 -0.48746
vn 0.86603 0.11126 0.48746
vn -0.00000 -0.22252 0.97493
vn -0.86603 -0.11126 0.48746
vn -0.86603 0.11126 -0.48746
vn -0.00000 0.22252 -0.97493
vn 0.86603 0.11126 -0.48746
vn 0.86603 -0.11126 0.48746
vn -0.00000 -0.62349 0.78183
vn -0.86603 -0.31174 0.39092
vn -0.86603 0.31174 -0.39092
vn -0.00000 0.62349 -0.78183
vn 0.86603 0.31174 -0.39092
vn 0.86603 -0.31174 0.39092
vn -0.00000 -0.90097 0.43388
vn -0.86603 -0.45048 0.21694
vn -0.86603 0.45048 -0.21694
vn -0.00000 0.90097 -0.43388
vn 0.86603 0.45048 -0.21694
vn 0.86603 -0.45048 0.21694
vn -0.00000 -1.00000 0.00000
vn -0.86603 -0.50000 0.00000
vn -0.86603 0.50000 -0.00000
vn -0.00000 1.00000 -0.00000
vn 0.86603 0.50000 -0.00000
vn 0.86603 -0.50000 0.00000
vn -0.00000 -0.90097 -0.43388
vn -0.86603 -0.45048 -0.21694
vn -0.86603 0.45048 0.21694
vn -0.00000 0.90097 0.43388
vn 0.86603 0.45048 0.21694
vn 0.86603 -0.45048 -0.21694
vn -0.00000 -0.62349 -0.78183
vn -0.86603 -0.31174 -0.39092
vn -0.86603 0.31174 0.39092
vn -0.00000 0.62349 0.78183
vn 0.86603 0.31174 0.39092
vn 0.86603 -0.31174 -0.39092
vn -0.00000 -0.22252 -0.97493
vn -0.86603 -0.11126 -0.48746
vn -0.86603 0.11126 0.48746
vn -0.00000 0.22252 0.97493
vn 0.86603 0.11126 0.48746
vn 0.86603 -0.11126 -0.48746
vn -0.00000 0.22252 -0.97493
vn -0.86603 0.11126 -0.48746
vn -0.86603 -0.11126 0.48746
vn -0.00000 -0.22252 0.97493
vn 0.86603 -0.11126 0.48746
vn 0.86603 0.11126 -0.48746
vn -0.00000 0.62349 -0.78183
vn -0.86603 0.31174 -0.39092
vn -0.86603 -0.31174 0.39092
vn -0.00000 -0.62349 0.78183
vn 0.86603 -0.31174 0.39092
vn 0.86603 0.31174 -0.39092
vn -0.00000 0.90097 -0.43388
vn -0.86603 0.45048 -0.21694
vn -0.86603 -0.45048 0.21694
vn -0.00000 -0.90097 0.43388
vn 0.86603 -0.45048 0.21694
vn 0.86603 0.45048 -0.21694
vn 1.00000 0.00000 0.00000
vn 0.50000 0.86603 0.00000
vn -0.50000 0.86603 -0.00000
vn -1.00000 0.00000 -0.00000
vn -0.50000 -0.86603 -0.00000
vn 0.50000 -0.86603 0.00000
vn 0.90097 0.00000 0.43388
vn 0.45048 0.86603 0.21694
vn -0.45048 0.86603 -0.21694
vn -0.90097 0.00000 -0.43388
vn -0.45048 -0.86603 -0.21694
vn 0.45048 -0.86603 0.21694
vn 0.62349 0.00000 0.78183
vn 0.31174 0.86603 0.39092
vn -0.31174 0.86603 -0.39092
vn -0.62349 0.00000 -0.78183
vn -0.31174 -0.86603 -0.39092
vn 0.31174 -0.86603 0.39092
vn 0.22252 0.00000 0.97493
vn 0.11126 0.86603 0.48746
vn -0.11126 0.86603 -0.48746
vn -0.22252 0.00000 -0.97493
vn -0.11126 -0.86603 -0.48746
vn 0.11126 -0.86603 0.48746
vn -0.22252 0.00000 0.97493
vn -0.11126 0.86603 0.48746
vn 0.11126 0.86603 -0.48746
vn 0.22252 0.00000 -0.97493
vn 0.11126 -0.86603 -0.48746
vn -0.11126 -0.86603 0.48746
vn -0.62349 0.00000 0.78183
vn -0.31174 0.86603 0.39092
vn 0.31174 0.86603 -0.39092
vn 0.62349 0.00000 -0.78183
vn 0.31174 -0.86603 -0.39092
vn -0.31174 -0.86603 0.39092
vn -0.90097 0.00000 0.43388
vn -0.45048 0.86603 0.21694
vn 0.45048 0.86603 -0.21694
vn 0.90097 0.00000 -0.43388
vn 0.45048 -0.86603 -0.21694
vn -0.45048 -0.86603 0.21694
vn -1.00000 0.00000 0.00000
vn -0.50000 0.86603 0.00000
vn 0.50000 0.86603 -0.00000
vn 1.00000 0.00000 -0.00000
vn 0.50000 -0.86603 -0.00000
vn -0.50000 -0.86603 0.00000
vn -0.90097 0.00000 -0.43388
vn -0.45048 0.86603 -0.21694
vn 0.45048 0.86603 0.21694
vn 0.90097 0.00000 0.43388
vn 0.45048 -0.86603 0.21694
vn -0.45048 -0.86603 -0.21694
vn -0.62349 0.00000 -0.78183
vn -0.31174 0.86603 -0.39092
vn 0.31174 0.86603 0.39092
vn 0.62349 0.00000 0.78183
vn 0.31174 -0.86603 0.39092
vn -0.31174 -0.86603 -0.39092
vn -0.22252 0.00000 -0.97493
vn -0.11126 0.86603 -0.48746
vn 0.11126 0.86603 0.48746
vn 0.22252 0.00000 0.97493
vn 0.11126 -0.86603 0.48746
vn -0.11126 -0.86603 -0.48746
vn 0.22252 0.00000 -0.97493
vn 0.11126 0.86603 -0.48746
vn -0.11126 0.86603 0.48746
vn -0.22252 0.00000 0.97493
vn -0.11126 -0.86603 0.48746
vn 0.11126 -0.86603 -0.48746
vn 0.62349 0.00000 -0.78183
vn 0.31174 0.86603 -0.39092
vn -0.31174 0.86603 0.39092
vn -0.62349 0.00000 0.78183
vn -0.31174 -0.86603 0.39092
vn 0.31174 -0.86603 -0.39092
vn 0.90097 0.00000 -0.43388
vn 0.45048 0.86603 -0.21694
vn -0.45048 0.86603 0.21694
vn -0.90097 0.00000 0.43388
vn -0.45048 -0.86603 0.21694
vn 0.45048 -0.86603 -0.21694
vn -0.00000 1.00000 0.00000
vn -0.86603 0.50000 0.00000
vn -0.86603 -0.50000 -0.00000
vn -0.00000 -1.00000 -0.00000
vn 0.86603 -0.50000 -0.00000
vn 0.86603 0.50000 0.00000
vn -0.00000 0.90097 0.43388
vn -0.86603 0.45048 0.21694
vn -0.86603 -0.45048 -0.21694
vn -0.00000 -0.90097 -0.43388
vn 0.86603 -0.45048 -0.21694
vn 0.86603 0.45048 0.21694
vn -0.00000 0.62349 0.78183
vn -0.86603 0.31174 0.39092
vn -0.86603 -0.31174 -0.39092
vn -0.00000 -0.62349 -0.78183
vn 0.86603 -0.31174 -0.39092
vn 0.86603 0.31174 0.39092
vn -0.00000 0.22252 0.97493
vn -0.86603 0.11126 0.48746
vn -0.86603 -0.11126 -0.48746
vn -0.00000 -0.22252 -0.97493
vn 0.86603 -0.11126 -0.48746
vn 0.86603 0.11126 0.48746
vn -0.00000 -0.22252 0.97493
vn -0.86603 -0.11126 0.48746
vn -0.86603 0.11126 -0.48746
vn -0.00000 0.22252 -0.97493
vn 0.86603 0.11126 -0.48746
vn 0.86603 -0.11126 0.48746
vn -0.00000 -0.62349 0.78183
vn -0.86603 -0.31174 0.39092
vn -0.86603 0.31174 -0.39092
vn -0.00000 0.62349 -0.78183
vn 0.86603 0.31174 -0.39092
vn 0.86603 -0.31174 0.39092
vn -0.00000 -0.90097 0.43388
vn -0.86603 -0.45048 0.21694
vn -0.86603 0.45048 -0.21694
vn -0.00000 0.90097 -0.43388
vn 0.86603 0.45048 -0.21694
vn 0.86603 -0.45048 0.21694
vn -0.00000 -1.00000 0.00000
vn -0.86603 -0.50000 0.00000
vn -0.86603 0.50000 -0.00000
vn -0.00000 1.00000 -0.00000
vn 0.86603 0.50000 -0.00000
vn 0.86603 -0.50000 0.00000
vn -0.00000 -0.90097 -0.43388
vn -0.86603 -0.45048 -0.21694
vn -0.86603 0.45048 0.21694
vn -0.00000 0.90097 0.43388
vn 0.86603 0.45048 0.21694
vn 0.86603 -0.45048 -0.21694
vn -0.00000 -0.62349 -0.78183
vn -0.86603 -0.31174 -0.39092
vn -0.86603 0.31174 0.39092
vn -0.00000 0.62349 0.78183
vn 0.86603 0.31174 0.39092
vn 0.86603 -0.31174 -0.39092
vn -0.00000 -0.22252 -0.97493
vn -0.86603 -0.11126 -0.48746
vn -0.86603 0.11126 0.48746
vn -0.00000 0.22252 0.97493
vn 0.86603 0.11126 0.48746
vn 0.86603 -0.11126 -0.48746
vn -0.00000 0.22252 -0.97493
vn -0.86603 0.11126 -0.48746
vn -0.86603 -0.11126 0.48746
vn -0.00000 -0.22252 0.97493
vn 0.86603 -0.11126 0.48746
vn 0.86603 0.11126 -0.48746
vn -0.00000 0.62349 -0.78183
vn -0.86603 0.31174 -0.39092
vn -0.86603 -0.31174 0.39092
vn -0.00000 -0.62349 0.78183
vn 0.86603 -0.31174 0.39092
vn 0.86603 0.31174 -0.39092
vn -0.00000 0.90097 -0.43388
vn -0.86603 0.45048 -0.21694
vn -0.86603 -0.45048 0.21694
vn -0.00000 -0.90097 0.43388
vn 0.86603 -0.45048 0.21694
vn 0.86603 0.45048 -0.21694
vn 1.00000 0.00000 0.00000
vn 0.50000 0.86603 0.00000
vn -0.50000 0.86603 -0.00000
vn -1.00000 0.00000 -0.00000
vn -0.50000 -0.86603 -0.00000
vn 0.50000 -0.86603 0.00000
vn 0.90097 0.00000 0.43388
vn 0.45048 0.86603 0.21694
vn -0.45048 0.86603 -0.21694
vn -0.90097 0.00000 -0.43388
vn -0.45048 -0.86603 -0.21694
vn 0.45048 -0.86603 0.21694
vn 0.62349 0.00000 0.78183
vn 0.31174 0.86603 0.39092
vn -0.31174 0.86603 -0.39092
vn -0.62349 0.00000 -0.78183
vn -0.31174 -0.86603 -0.39092
vn 0.31174 -0.86603 0.39092
vn 0.22252 0.00000 0.97493
vn 0.11126 0.86603 0.48746
vn -0.11126 0.86603 -0.48746
vn -0.22252 0.00000 -0.97493
vn -0.11126 -0.86603 -0.48746
vn 0.11126 -0.86603 0.48746
vn -0.22252 0.00000 0.97493
vn -0.11126 0.86603 0.48746
vn 0.11126 0.86603 -0.48746
vn 0.22252 0.00000 -0.97493
vn 0.11126 -0.86603 -0.48746
vn -0.11126 -0.86603 0.48746
vn -0.62349 0.00000 0.78183
vn -0.31174 0.86603 0.39092
vn 0.31174 0.86603 -0.39092
vn 0.62349 0.00000 -0.78183
vn 0.31174 -0.86603 -0.39092
vn -0.31174 -0.86603 0.39092
vn -0.90097 0.00000 0.43388
vn -0.45048 0.86603 0.21694
vn 0.45048 0.86603 -0.21694
vn 0.90097 0.00000 -0.43388
vn 0.45048 -0.86603 -0.21694
vn -0.45048 -0.86603 0.21694
vn -1.00000 0.00000 0.00000
vn -0.50000 0.86603 0.00000
vn 0.50000 0.86603 -0.00000
vn 1.00000 0.00000 -0.00000
vn 0.50000 -0.86603 -0.00000
vn -0.50000 -0.86603 0.00000
vn -0.90097 0.00000 -0.43388
vn -0.45048 0.86603 -0.21694
vn 0.45048 0.86603 0.21694
vn 0.90097 0.00000 0.43388
vn 0.45048 -0.86603 0.21694
vn -0.45048 -0.86603 -0.21694
vn -0.62349 0.00000 -0.78183
vn -0.31174 0.86603 -0.39092
vn 0.31174 0.86603 0.39092
vn 0.62349 0.00000 0.78183
vn 0.31174 -0.86603 0.39092
vn -0.31174 -0.86603 -0.39092
vn -0.22252 0.00000 -0.97493
vn -0.11126 0.86603 -0.48746
vn 0.11126 0.86603 0.48746
vn 0.22252 0.00000 0.97493
vn 0.11126 -0.86603 0.48746
vn -0.11126 -0.86603 -0.48746
vn 0.22252 0.00000 -0.97493
vn 0.11126 0.86603 -0.48746
vn -0.11126 0.86603 0.48746
vn -0.22252 0.00000 0.97493
vn -0.11126 -0.86603 0.48746
vn 0.11126 -0.86603 -0.48746
vn 0.62349 0.00000 -0.78183
vn 0.31174 0.86603 -0.39092
vn -0.31174 0.86603 0.39092
vn -0.62349 0.00000 0.78183
vn -0.31174 -0.86603 0.39092
vn 0.31174 -0.86603 -0.39092
vn 0.90097 0.00000 -0.43388
vn 0.45048 0.86603 -0.21694
vn -0.45048 0.86603 0.21694
vn -0.90097 0.00000 0.43388
vn -0.45048 -0.86603 0.21694
vn 0.45048 -0.86603 -0.21694
vn -0.00000 1.00000 0.00000
vn -0.86603 0.50000 0.00000
vn -0.86603 -0.50000 -0.00000
vn -0.00000 -1.00000 -0.00000
vn 0.86603 -0.50000 -0.00000
vn 0.86603 0.50000 0.00000
vn -0.00000 0.90097 0.43388
vn -0.86603 0.45048 0.21694
vn -0.86603 -0.45048 -0.21694
vn -0.00000 -0.90097 -0.43388
vn 0.86603 -0.45048 -0.21694
vn 0.86603 0.45048 0.21694
vn -0.00000 0.62349 0.78183
vn -0.86603 0.31174 0.39092
vn -0.86603 -0.31174 -0.39092
vn -0.00000 -0.62349 -0.78183
vn 0.86603 -0.31174 -0.39092
vn 0.86603 0.31174 0.39092
vn -0.00000 0.22252 0.97493
vn -0.86603 0.11126 0.48746
vn -0.86603 -0.11126 -0.48746
vn -0.00000 -0.22252 -0.97493
vn 0.86603 -0.11126 -0.48746
vn 0.86603 0.11126 0.48746
vn -0.00000 -0.22252 0.97493
vn -0.86603 -0.11126 0.48746
vn -0.86603 0.11126 -0.48746
vn -0.00000 0.22252 -0.97493
vn 0.86603 0.11126 -0.48746
vn 0.86603 -0.11126 0.48746
vn -0.00000 -0.62349 0.78183
vn -0.86603 -0.31174 0.39092
vn -0.86603 0.31174 -0.39092
vn -0.00000 0.62349 -0.78183
vn 0.86603 0.31174 -0.39092
vn 0.86603 -0.31174 0.39092
vn -0.00000 -0.90097 0.43388
vn -0.86603 -0.45048 0.21694
vn -0.86603 0.45048 -0.21694
vn -0.00000 0.90097 -0.43388
vn 0.86603 0.45048 -0.21694
vn 0.86603 -0.45048 0.21694
vn -0.00000 -1.00000 0.00000
vn -0.86603 -0.50000 0.00000
vn -0.86603 0.50000 -0.00000
vn -0.00000 1.00000 -0.00000
vn 0.86603 0.50000 -0.00000
vn 0.86603 -0.50000 0.00000
vn -0.00000 -0.90097 -0.43388
vn -0.86603 -0.45048 -0.21694
vn -0.86603 0.45048 0.21694
vn -0.00000 0.90097 0.43388
vn 0.86603 0.45048 0.21694
vn 0.86603 -0.45048 -0.21694
vn -0.00000 -0.62349 -0.78183
vn -0.86603 -0.31174 -0.39092
vn -0.86603 0.31174 0.39092
vn -0.00000 0.62349 0.78183
vn 0.86603 0.31174 0.39092
vn 0.86603 -0.31174 -0.39092
vn -0.00000 -0.22252 -0.97493
vn -0.86603 -0.11126 -0.48746
vn -0.86603 0.11126 0.48746
vn -0.00000 0.22252 0.97493
vn 0.86603 0.11126 0.48746
vn 0.86603 -0.11126 -0.48746
vn -0.00000 0.22252 -0.97493
vn -0.86603 0.11126 -0.48746
vn -0.86603 -0.11126 0.48746
vn -0.00000 -0.22252 0.97493
vn 0.86603 -0.11126 0.48746
vn 0.86603 0.11126 -0.48746
vn -0.00000 0.62349 -0.78183
vn -0.86603 0.31174 -0.39092
vn -0.86603 -0.31174 0.39092
vn -0.00000 -0.62349 0.78183
vn 0.86603 -0.31174 0.39092
vn 0.86603 0.31174 -0.39092
vn -0.00000 0.90097 -0.43388
vn -0.86603 0.45048 -0.21694
vn -0.86603 -0.45048 0.21694
vn -0.00000 -0.90097 0.43388
vn 0.86603 -0.45048 0.21694
vn 0.86603 0.45048 -0.21694
vn 1.00000 0.00000 0.00000
vn 0.50000 0.86603 0.00000
vn -0.50000 0.86603 -0.00000
vn -1.00000 0.00000 -0.00000
vn -0.50000 -0.86603 -0.00000
vn 0.50000 -0.86603 0.00000
vn 0.90097 0.00000 0.43388
vn 0.45048 0.86603 0.21694
vn -0.45048 0.86603 -0.21694
vn -0.90097 0.00000 -0.43388
vn -0.45048 -0.86603 -0.21694
vn 0.45048 -0.86603 0.21694
vn 0.62349 0.00000 0.78183
vn 0.31174 0.86603 0.39092
vn -0.31174 0.86603 -0.39092
vn -0.62349 0.00000 -0.78183
vn -0.31174 -0.86603 -0.39092
vn 0.31174 -0.86603 0.39092
vn 0.22252 0.00000 0.97493
vn 0.11126 0.86603 0.48746
vn -0.11126 0.86603 -0.48746
vn -0.22252 0.00000 -0.97493
vn -0.11126 -0.86603 -0.48746
vn 0.11126 -0.86603 0.48746
vn -0.22252 0.00000 0.97493
vn -0.11126 0.86603 0.48746
vn 0.11126 0.86603 -0.48746
vn 0.22252 0.00000 -0.97493
vn 0.11126 -0.86603 -0.48746
vn -0.11126 -0.86603 0.48746
vn -0.62349 0.00000 0.78183
vn -0.31174 0.86603 0.39092
vn 0.31174 0.86603 -0.39092
vn 0.62349 0.00000 -0.78183
vn 0.31174 -0.86603 -0.39092
vn -0.31174 -0.86603 0.39092
vn -0.90097 0.00000 0.43388
vn -0.45048 0.86603 0.21694
vn 0.45048 0.86603 -0.21694
vn 0.90097 0.00000 -0.43388
vn 0.45048 -0.86603 -0.21694
vn -0.45048 -0.86603 0.21694
vn -1.00000 0.00000 0.00000
vn -0.50000 0.86603 0.00000
vn 0.50000 0.86603 -0.00000
vn 1.00000 0.00000 -0.00000
vn 0.50000 -0.86603 -0.00000
vn -0.50000 -0.86603 0.00000
vn -0.90097 0.00000 -0.43388
vn -0.45048 0.86603 -0.21694
vn 0.45048 0.86603 0.21694
vn 0.90097 0.00000 0.43388
vn 0.45048 -0.86603 0.21694
vn -0.45048 -0.86603 -0.21694
vn -0.62349 0.00000 -0.78183
vn -0.31174 0.86603 -0.39092
vn 0.31174 0.86603 0.39092
vn 0.62349 0.00000 0.78183
vn 0.31174 -0.86603 0.39092
vn -0.31174 -0.86603 -0.39092
vn -0.22252 0.00000 -0.97493
vn -0.11126 0.86603 -0.48746
vn 0.11126 0.86603 0.48746
vn 0.22252 0.00000 0.97493
vn 0.11126 -0.86603 0.48746
vn -0.11126 -0.86603 -0.48746
vn 0.22252 0.00000 -0.97493
vn 0.11126 0.86603 -0.48746
vn -0.11126 0.86603 0.48746
vn -0.22252 0.00000 0.97493
vn -0.11126 -0.86603 0.48746
vn 0.11126 -0.86603 -0.48746
vn 0.62349 0.00000 -0.78183
vn 0.31174 0.86603 -0.39092
vn -0.31174 0.86603 0.39092
vn -0.62349 0.00000 0.78183
vn -0.31174 -0.86603 0.39092
vn 0.31174 -0.86603 -0.39092
vn 0.90097 0.00000 -0.43388
vn 0.45048 0.86603 -0.21694
vn -0.45048 0.86603 0.21694
vn -0.90097 0.00000 0.43388
vn -0.45048 -0.86603 0.21694
vn 0.45048 -0.86603 -0.21694
f 1/1/1 7/7/7 8/8/8
f 1/1/1 8/8/8 2/2/2
f 2/2/2 8/8/8 9/9/9
f 2/2/2 9/9/9 3/3/3
f 3/3/3 9/9/9 10/10/10
f 3/3/3 10/10/10 4/4/4
f 4/4/4 10/10/10 11/11/11
f 4/4/4 11/11/11 5/5/5
f 5/5/5 11/11/11 12/12/12
f 5/5/5 12/12/12 6/6/6
f 6/6/6 12/12/12 7/7/7
f 6/6/6 7/7/7 1/1/1
f 7/7/7 13/13/13 14/14/14
f 7/7/7 14/14/14 8/8/8
f 8/8/8 14/14/14 15/15/15
f 8/8/8 15/15/15 9/9/9
f 9/9/9 15/15/15 16/16/16
f 9/9/9 16/16/16 10/10/10
f 10/10/10 16/16/16 17/17/17
f 10/10/10 17/17/17 11/11/11
f 11/11/11 17/17/17 18/18/18
f 11/11/11 18/18/18 12/12/12
f 12/12/12 18/18/18 13/13/13
f 12/12/12 13/13/13 7/7/7
f 13/13/13 19/19/19 20/20/20
f 13/13/13 20/20/20 14/14/14
f 14/14/14 20/20/20 21/21/21
f 14/14/14 21/21/21 15/15/15
f 15/15/15 21/21/21 22/22/22
f 15/15/15 22/22/22 16/16/16
f 16/16/16 22/22/22 23/23/23
f 16/16/16 23/23/23 17/17/17
f 17/17/17 23/23/23 24/24/24
f 17/17/17 24/24/24 18/18/18
f 18/18/18 24/24/24 19/19/19
f 18/18/18 19/19/19 13/13/13
f 19/19/19 25/25/25 26/26/26
f 19/19/19 26/26/26 20/20/20
f 20/20/20 26/26/26 27/27/27
f 20/20/20 27/27/27 21/21/21
f 21/21/21 27/27/27 28/28/28
f 21/21/21 28/28/28 22/22/22
f 22/22/22 28/28/28 29/29/29
f 22/22/22 29/29/29 23/23/23
f 23/23/23 29/29/29 30/30/30
f 23/23/23 30/30/30 24/24/24
f 24/24/24 30/30/30 25/25/25
f 24/24/24 25/25/25 19/19/19
f 25/25/25 31/31/31 32/32/32
f 25/25/25 32/32/32 26/26/26
f 26/26/26 32/32/32 33/33/33
f 26/26/26 33/33/33 27/27/27
f 27/27/27 33/33/33 34/34/34
f 27/27/27 34/34/34 28/28/28
f 28/28/28 34/34/34 35/35/35
f 28/28/28 35/35/35 29/29/29
f 29/29/29 35/35/35 36/36/36
f 29/29/29 36/36/36 30/30/30
f 30/30/30 36/36/36 31/31/31
f 30/30/30 31/31/31 25/25/25
f 31/31/31 37/37/37 38/38/38
f 31/31/31 38/38/38 32/32/32
f 32/32/32 38/38/38 39/39/39
f 32/32/32 39/39/39 33/33/33
f 33/33/33 39/39/39 40/40/40
f 33/33/33 40/40/40 34/34/34
f 34/34/34 40/40/40 41/41/41
f 34/34/34 41/41/41 35/35/35
f 35/35/35 41/41/41 42/42/42
f 35/35/35 42/42/42 36/36/36
f 36/36/36 42/42/42 37/37/37
f 36/36/36 37/37/37 31/31/31
f 37/37/37 43/43/43 44/44/44
f 37/37/37 44/44/44 38/38/38
f 38/38/38 44/44/44 45/45/45
f 38/38/38 45/45/45 39/39/39
f 39/39/39 45/45/45 46/46/46
f 39/39/39 46/46/46 40/40/40
f 40/40/40 46/46/46 47/47/47
f 40/40/40 47/47/47 41/41/41
f 41/41/41 47/47/47 48/48/48
f 41/41/41 48/48/48 42/42/42
f 42/42/42 48/48/48 43/43/43
f 42/42/42 43/43/43 37/37/37
f 43/43/43 49/49/49 50/50/50
f 43/43/43 50/50/50 44/44/44
f 44/44/44 50/50/50 51/51/51
f 44/44/44 51/51/51 45/45/45
f 45/45/45 51/51/51 52/52/52
f 45/45/45 52/52/52 46/46/46
f 46/46/46 52/52/52 53/53/53
f 46/46/46 53/53/53 47/47/47
f 47/47/47 53/53/53 54/54/54
f 47/47/47 54/54/54 48/48/48
f 48/48/48 54/54/54 49/49/49
f 48/48/48 49/49/49 43/43/43
f 49/49/49 55/55/55 56/56/56
f 49/49/49 56/56/56 50/50/50
f 50/50/50 56/56/56 57/57/57
f 50/50/50 57/57/57 51/51/51
f 51/51/51 57/57/57 58/58/58
f 51/51/51 58/58/58 52/52/52
f 52/52/52 58/58/58 59/59/59
f 52/52/52 59/59/59 53/53/53
f 53/53/53 59/59/59 60/60/60
f 53/53/53 60/60/60 54/54/54
f 54/54/54 60/60/60 55/55/55
f 54/54/54 55/55/55 49/49/49
f 55/55/55 61/61/61 62/62/62
f 55/55/55 62/62/62 56/56/56
f 56/56/56 62/62/62 63/63/63
f 56/56/56 63/63/63 57/57/57
f 57/57/57 63/63/63 64/64/64
f 57/57/57 64/64/64 58/58/58
f 58/58/58 64/64/64 65/65/65
f 58/58/58 65/65/65 59/59/59
f 59/59/59 65/65/65 66/66/66
f 59/59/59 66/66/66 60/60/60
f 60/60/60 66/66/66 61/61/61
f 60/60/60 61/61/61 55/55/55
f 61/61/61 67/67/67 68/68/68
f 61/61/61 68/68/68 62/62/62
f 62/62/62 68/68/68 69/69/69
f 62/62/62 69/69/69 63/63/63
f 63/63/63 69/69/69 70/70/70
f 63/63/63 70/70/70 64/64/64
f 64/64/64 70/70/70 71/71/71
f 64/64/64 71/71/71 65/65/65
f 65/65/65 71/71/71 72/72/72
f 65/65/65 72/72/72 66/66/66
f 66/66/66 72/72/72 67/67/67
f 66/66/66 67/67/67 61/61/61
f 67/67/67 73/73/73 74/74/74
f 67/67/67 74/74/74 68/68/68
f 68/68/68 74/74/74 75/75/75
f 68/68/68 75/75/75 69/69/69
f 69/69/69 75/75/75 76/76/76
f 69/69/69 76/76/76 70/70/70
f 70/70/70 76/76/76 77/77/77
f 70/70/70 77/77/77 71/71/71
f 71/71/71 77/77/77 78/78/78
f 71/71/71 78/78/78 72/72/72
f 72/72/72 78/78/78 73/73/73
f 72/72/72 73/73/73 67/67/67
f 73/73/73 79/79/79 80/80/80
f 73/73/73 80/80/80 74/74/74
f 74/74/74 80/80/80 81/81/81
f 74/74/74 81/81/81 75/75/75
f 75/75/75 81/81/81 82/82/82
f 75/75/75 82/82/82 76/76/76
f 76/76/76 82/82/82 83/83/83
f 76/76/76 83/83/83 77/77/77
f 77/77/77 83/83/83 84/84/84
f 77/77/77 84/84/84 78/78/78
f 78/78/78 84/84/84 79/79/79
f 78/78/78 79/79/79 73/73/73
f 79/79/79 1/1/1 2/2/2
f 79/79/79 2/2/2 80/80/80
f 80/80/80 2/2/2 3/3/3
f 80/80/80 3/3/3 81/81/81
f 81/81/81 3/3/3 4/4/4
f 81/81/81 4/4/4 82/82/82
f 82/82/82 4/4/4 5/5/5
f 82/82/82 5/5/5 83/83/83
f 83/83/83 5/5/5 6/6/6
f 83/83/83 6/6/6 84/84/84
f 84/84/84 6/6/6 1/1/1
f 84/84/84 1/1/1 79/79/79
f 85/85/85 91/91/91 92/92/92
f 85/85/85 92/92/92 86/86/86
f 86/86/86 92/92/92 93/93/93
f 86/86/86 93/93/93 87/87/87
f 87/87/87 93/93/93 94/94/94
f 87/87/87 94/94/94 88/88/88
f 88/88/88 94/94/94 95/95/95
f 88/88/88 95/95/95 89/89/89
f 89/89/89 95/95/95 96/96/96
f 89/89/89 96/96/96 90/90/90
f 90/90/90 96/96/96 91/91/91
f 90/90/90 91/91/91 85/85/85
f 91/91/91 97/97/97 98/98/98
f 91/91/91 98/98/98 92/92/92
f 92/92/92 98/98/98 99/99/99
f 92/92/92 99/99/99 93/93/93
f 93/93/93 99/99/99 100/100/100
f 93/93/93 100/100/100 94/94/94
f 94/94/94 100/100/100 101/101/101
f 94/94/94 101/101/101 95/95/95
f 95/95/95 101/101/101 102/102/102
f 95/95/95 102/102/102 96/96/96
f 96/96/96 102/102/102 97/97/97
f 96/96/96 97/97/97 91/91/91
f 97/97/97 103/103/103 104/104/104
f 97/97/97 104/104/104 98/98/98
f 98/98/98 104/104/104 105/105/105
f 98/98/98 105/105/105 99/99/99
f 99/99/99 105/105/105 106/106/106
f 99/99/99 106/106/106 100/100/100
f 100/100/100 106/106/106 107/107/107
f 100/100/100 107/107/107 101/101/101
f 101/101/101 107/107/107 108/108/108
f 101/101/101 108/108/108 102/102/102
f 102/102/102 108/108/108 103/103/103
f 102/102/102 103/103/103 97/97/97
f 103/103/103 109/109/109 110/110/110
f 103/103/103 110/110/110 104/104/104
f 104/104/104 110/110/110 111/111/111
f 104/104/104 111/111/111 105/105/105
f 105/105/105 111/111/111 112/112/112
f 105/105/105 112/112/112 106/106/106
f 106/106/106 112/112/112 113/113/113
f 106/106/106 113/113/113 107/107/107
f 107/107/107 113/113/113 114/114/114
f 107/107/107 114/114/114 108/108/108
f 108/108/108 114/114/114 109/109/109
f 108/108/108 109/109/109 103/103/103
f 109/109/109 115/115/115 116/116/116
f 109/109/109 116/116/116 110/110/110
f 110/110/110 116/116/116 117/117/117
f 110/110/110 117/117/117 111/111/111
f 111/111/111 117/117/117 118/118/118
f 111/111/111 118/118/118 112/112/112
f 112/112/112 118/118/118 119/119/119
f 112/112/112 119/119/119 113/113/113
f 113/113/113 119/119/119 120/120/120
f 113/113/113 120/120/120 114/114/114
f 114/114/114 120/120/120 115/115/115
f 114/114/114 115/115/115 109/109/109
f 115/115/115 121/121/121 122/122/122
f 115/115/115 122/122/122 116/116/116
f 116/116/116 122/122/122 123/123/123
f 116/116/116 123/123/123 117/117/117
f 117/117/117 123/123/123 124/124/124
f 117/117/117 124/124/124 118/118/118
f 118/118/118 124/124/124 125/125/125
f 118/118/118 125/125/125 119/119/119
f 119/119/119 125/125/125 126/126/126
f 119/119/119 126/126/126 120/120/120
f 120/120/120 126/126/126 121/121/121
f 120/120/120 121/121/121 115/115/115
f 121/121/121 127/127/127 128/128/128
f 121/121/121 128/128/128 122/122/122
f 122/122/122 128/128/128 129/129/129
f 122/122/122 129/129/129 123/123/123
f 123/123/123 129/129/129 130/130/130
f 123/123/123 130/130/130 124/124/124
f 124/124/124 130/130/130 131/131/131
f 124/124/124 131/131/131 125/125/125
f 125/125/125 131/131/131 132/132/132
f 125/125/125 132/132/132 126/126/126
f 126/126/126 132/132/132 127/127/127
f 126/126/126 127/127/127 121/121/121
f 127/127/127 133/133/133 134/134/134
f 127/127/127 134/134/134 128/128/128
f 128/128/128 134/134/134 135/135/135
f 128/128/128 135/135/135 129/129/129
f 129/129/129 135/135/135 136/136/136
f 129/129/129 136/136/136 130/130/130
f 130/130/130 136/136/136 137/137/137
f 130/130/130 137/137/137 131/131/131
f 131/131/131 137/137/137 138/138/138
f 131/131/131 138/138/138 132/132/132
f 132/132/132 138/138/138 133/133/133
f 132/132/132 133/133/133 127/127/127
f 133/133/133 139/139/139 140/140/140
f 133/133/133 140/140/140 134/134/134
f 134/134/134 140/140/140 141/141/141
f 134/134/134 141/141/141 135/135/135
f 135/135/135 141/141/141 142/142/142
f 135/135/135 142/142/142 136/136/136
f 136/136/136 142/142/142 143/143/143
f 136/136/136 143/143/143 137/137/137
f 137/137/137 143/143/143 144/144/144
f 137/137/137 144/144/144 138/138/138
f 138/138/138 144/144/144 139/139/139
f 138/138/138 139/139/139 133/133/133
f 139/139/139 145/145/145 146/146/146
f 139/139/139 146/146/146 140/140/140
f 140/140/140 146/146/146 147/147/147
f 140/140/140 147/147/147 141/141/141
f 141/141/141 147/147/147 148/148/148
f 141/141/141 148/148/148 142/142/142
f 142/142/142 148/148/148 149/149/149
f 142/142/142 149/149/149 143/143/143
f 143/143/143 149/149/149 150/150/150
f 143/143/143 150/150/150 144/144/144
f 144/144/144 150/150/150 145/145/145
f 144/144/144 145/145/145 139/139/139
f 145/145/145 151/151/151 152/152/152
f 145/145/145 152/152/152 146/146/146
f 146/146/146 152/152/152 153/153/153
f 146/146/146 153/153/153 147/147/147
f 147/147/147 153/153/153 154/154/154
f 147/147/147 154/154/154 148/148/148
f 148/148/148 154/154/154 155/155/155
f 148/148/148 155/155/155 149/149/149
f 149/149/149 155/155/155 156/156/156
f 149/149/149 156/156/156 150/150/150
f 150/150/150 156/156/156 151/151/151
f 150/150/150 151/151/151 145/145/145
f 151/151/151 157/157/157 158/158/158
f 151/151/151 158/158/158 152/152/152
f 152/152/152 158/158/158 159/159/159
f 152/152/152 159/159/159 153/153/153
f 153/153/153 159/159/159 160/160/160
f 153/153/153 160/160/160 154/154/154
f 154/154/154 160/160/160 161/161/161
f 154/154/154 161/161/161 155/155/155
f 155/155/155 161/161/161 162/162/162
f 155/155/155 162/162/162 156/156/156
f 156/156/156 162/162/162 157/157/157
f 156/156/156 157/157/157 151/151/151
f 157/157/157 163/163/163 164/164/164
f 157/157/157 164/164/164 158/158/158
f 158/158/158 164/164/164 165/165/165
f 158/158/158 165/165/165 159/159/159
f 159/159/159 165/165/165 166/166/166
f 159/159/159 166/166/166 160/160/160
f 160/160/160 166/166/166 167/167/167
f 160/160/160 167/167/167 161/161/161
f 161/161/161 167/167/167 168/168/168
f 161/161/161 168/168/168 162/162/162
f 162/162/162 168/168/168 163/163/163
f 162/162/162 163/163/163 157/157/157
f 163/163/163 85/85/85 86/86/86
f 163/163/163 86/86/86 164/164/164
f 164/164/164 86/86/86 87/87/87
f 164/164/164 87/87/87 165/165/165
f 165/165/165 87/87/87 88/88/88
f 165/165/165 88/88/88 166/166/166
f 166/166/166 88/88/88 89/89/89
f 166/166/166 89/89/89 167/167/167
f 167/167/167 89/89/89 90/90/90
f 167/167/167 90/90/90 168/168/168
f 168/168/168 90/90/90 85/85/85
f 168/168/168 85/85/85 163/163/163
f 169/169/169 175/175/175 176/176/176
f 169/169/169 176/176/176 170/170/170
f 170/170/170 176/176/176 177/177/177
f 170/170/170 177/177/177 171/171/171
f 171/171/171 177/177/177 178/178/178
f 171/171/171 178/178/178 172/172/172
f 172/172/172 178/178/178 179/179/179
f 172/172/172 179/179/179 173/173/173
f 173/173/173 179/179/179 180/180/180
f 173/173/173 180/180/180 174/174/174
f 174/174/174 180/180/180 175/175/175
f 174/174/174 175/175/175 169/169/169
f 175/175/175 181/181/181 182/182/182
f 175/175/175 182/182/182 176/176/176
f 176/176/176 182/182/182 183/183/183
f 176/176/176 183/183/183 177/177/177
f 177/177/177 183/183/183 184/184/184
f 177/177/177 184/184/184 178/178/178
f 178/178/178 184/184/184 185/185/185
f 178/178/178 185/185/185 179/179/179
f 179/179/179 185/185/185 186/186/186
f 179/179/179 186/186/186 180/180/180
f 180/180/180 186/186/186 181/181/181
f 180/180/180 181/181/181 175/175/175
f 181/181/181 187/187/187 188/188/188
f 181/181/181 188/188/188 182/182/182
f 182/182/182 188/188/188 189/189/189
f 182/182/182 189/189/189 183/183/183
f 183/183/183 189/189/189 190/190/190
f 183/183/183 190/190/190 184/184/184
f 184/184/184 190/190/190 191/191/191
f 184/184/184 191/191/191 185/185/185
f 185/185/185 191/191/191 192/192/192
f 185/185/185 192/192/192 186/186/186
f 186/186/186 192/192/192 187/187/187
f 186/186/186 187/187/187 181/181/181
f 187/187/187 193/193/193 194/194/194
f 187/187/187 194/194/194 188/188/188
f 188/188/188 194/194/194 195/195/195
f 188/188/188 195/195/195 189/189/189
f 189/189/189 195/195/195 196/196/196
f 189/189/189 196/196/196 190/190/190
f 190/190/190 196/196/196 197/197/197
f 190/190/190 197/197/197 191/191/191
f 191/191/191 197/197/197 198/198/198
f 191/191/191 198/198/198 192/192/192
f 192/192/192 198/198/198 193/193/193
f 192/192/192 193/193/193 187/187/187
f 193/193/193 199/199/199 200/200/200
f 193/193/193 200/200/200 194/194/194
f 194/194/194 200/200/200 201/201/201
f 194/194/194 201/201/201 195/195/195
f 195/195/195 201/201/201 202/202/202
f 195/195/195 202/202/202 196/196/196
f 196/196/196 202/202/202 203/203/203
f 196/196/196 203/203/203 197/197/197
f 197/197/197 203/203/203 204/204/204
f 197/197/197 204/204/204 198/198/198
f 198/198/198 204/204/204 199/199/199
f 198/198/198 199/199/199 193/193/193
f 199/199/199 205/205/205 206/206/206
f 199/199/199 206/206/206 200/200/200
f 200/200/200 206/206/206 207/207/207
f 200/200/200 207/207/207 201/201/201
f 201/201/201 207/207/207 208/208/208
f 201/201/201 208/208/208 202/202/202
f 202/202/202 208/208/208 209/209/209
f 202/202/202 209/209/209 203/203/203
f 203/203/203 209/209/209 210/210/210
f 203/203/203 210/210/210 204/204/204
f 204/204/204 210/210/210 205/205/205
f 204/204/204 205/205/205 199/199/199
f 205/205/205 211/211/211 212/212/212
f 205/205/205 212/212/212 206/206/206
f 206/206/206 212/212/212 213/213/213
f 206/206/206 213/213/213 207/207/207
f 207/207/207 213/213/213 214/214/214
f 207/207/207 214/214/214 208/208/208
f 208/208/208 214/214/214 215/215/215
f 208/208/208 215/215/215 209/209/209
f 209/209/209 215/215/215 216/216/216
f 209/209/209 216/216/216 210/210/210
f 210/210/210 216/216/216 211/211/211
f 210/210/210 211/211/211 205/205/205
f 211/211/211 217/217/217 218/218/218
f 211/211/211 218/218/218 212/212/212
f 212/212/212 218/218/218 219/219/219
f 212/212/212 219/219/219 213/213/213
f 213/213/213 219/219/219 220/220/220
f 213/213/213 220/220/220 214/214/214
f 214/214/214 220/220/220 221/221/221
f 214/214/214 221/221/221 215/215/215
f 215/215/215 221/221/221 222/222/222
f 215/215/215 222/222/222 216/216/216
f 216/216/216 222/222/222 217/217/217
f 216/216/216 217/217/217 211/211/211
f 217/217/217 223/223/223 224/224/224
f 217/217/217 224/224/224 218/218/218
f 218/218/218 224/224/224 225/225/225
f 218/218/218 225/225/225 219/219/219
f 219/219/219 225/225/225 226/226/226
f 219/219/219 226/226/226 220/220/220
f 220/220/220 226/226/226 227/227/227
f 220/220/220 227/227/227 221/221/221
f 221/221/221 227/227/227 228/228/228
f 221/221/221 228/228/228 222/222/222
f 222/222/222 228/228/228 223/223/223
f 222/222/222 223/223/223 217/217/217
f 223/223/223 229/229/229 230/230/230
f 223/223/223 230/230/230 224/224/224
f 224/224/224 230/230/230 231/231/231
f 224/224/224 231/231/231 225/225/225
f 225/225/225 231/231/231 232/232/232
f 225/225/225 232/232/232 226/226/226
f 226/226/226 232/232/232 233/233/233
f 226/226/226 233/233/233 227/227/227
f 227/227/227 233/233/233 234/234/234
f 227/227/227 234/234/234 228/228/228
f 228/228/228 234/234/234 229/229/229
f 228/228/228 229/229/229 223/223/223
f 229/229/229 235/235/235 236/236/236
f 229/229/229 236/236/236 230/230/230
f 230/230/230 236/236/236 237/237/237
f 230/230/230 237/237/237 231/231/231
f 231/231/231 237/237/237 238/238/238
f 231/231/231 238/238/238 232/232/232
f 232/232/232 238/238/238 239/239/239
f 232/232/232 239/239/239 233/233/233
f 233/233/233 239/239/239 240/240/240
f 233/233/233 240/240/240 234/234/234
f 234/234/234 240/240/240 235/235/235
f 234/234/234 235/235/235 229/229/229
f 235/235/235 241/241/241 242/242/242
f 235/235/235 242/242/242 236/236/236
f 236/236/236 242/242/242 243/243/243
f 236/236/236 243/243/243 237/237/237
f 237/237/237 243/243/243 244/244/244
f 237/237/237 244/244/244 238/238/238
f 238/238/238 244/244/244 245/245/245
f 238/238/238 245/245/245 239/239/239
f 239/239/239 245/245/245 246/246/246
f 239/239/239 246/246/246 240/240/240
f 240/240/240 246/246/246 241/241/241
f 240/240/240 241/241/241 235/235/235
f 241/241/241 247/247/247 248/248/248
f 241/241/241 248/248/248 242/242/242
f 242/242/242 248/248/248 249/249/249
f 242/242/242 249/249/249 243/243/243
f 243/243/243 249/249/249 250/250/250
f 243/243/243 250/250/250 244/244/244
f 244/244/244 250/250/250 251/251/251
f 244/244/244 251/251/251 245/245/245
f 245/245/245 251/251/251 252/252/252
f 245/245/245 252/252/252 246/246/246
f 246/246/246 252/252/252 247/247/247
f 246/246/246 247/247/247 241/241/241
f 247/247/247 169/169/169 170/170/170
f 247/247/247 170/170/170 248/248/248
f 248/248/248 170/170/170 171/171/171
f 248/248/248 171/171/171 249/249/249
f 249/249/249 171/171/171 172/172/172
f 249/249/249 172/172/172 250/250/250
f 250/250/250 172/172/172 173/173/173
f 250/250/250 173/173/173 251/251/251
f 251/251/251 173/173/173 174/174/174
f 251/251/251 174/174/174 252/252/252
f 252/252/252 174/174/174 169/169/169
f 252/252/252 169/169/169 247/247/247
f 253/253/253 259/259/259 260/260/260
f 253/253/253 260/260/260 254/254/254
f 254/254/254 260/260/260 261/261/261
f 254/254/254 261/261/261 255/255/255
f 255/255/255 261/261/261 262/262/262
f 255/255/255 262/262/262 256/256/256
f 256/256/256 262/262/262 263/263/263
f 256/256/256 263/263/263 257/257/257
f 257/257/257 263/263/263 264/264/264
f 257/257/257 264/264/264 258/258/258
f 258/258/258 264/264/264 259/259/259
f 258/258/258 259/259/259 253/253/253
f 259/259/259 265/265/265 266/266/266
f 259/259/259 266/266/266 260/260/260
f 260/260/260 266/266/266 267/267/267
f 260/260/260 267/267/267 261/261/261
f 261/261/261 267/267/267 268/268/268
f 261/261/261 268/268/268 262/262/262
f 262/262/262 268/268/268 269/269/269
f 262/262/262 269/269/269 263/263/263
f 263/263/263 269/269/269 270/270/270
f 263/263/263 270/270/270 264/264/264
f 264/264/264 270/270/270 265/265/265
f 264/264/264 265/265/265 259/259/259
f 265/265/265 271/271/271 272/272/272
f 265/265/265 272/272/272 266/266/266
f 266/266/266 272/272/272 273/273/273
f 266/266/266 273/273/273 267/267/267
f 267/267/267 273/273/273 274/274/274
f 267/267/267 274/274/274 268/268/268
f 268/268/268 274/274/274 275/275/275
f 268/268/268 275/275/275 269/269/269
f 269/269/269 275/275/275 276/276/276
f 269/269/269 276/276/276 270/270/270
f 270/270/270 276/276/276 271/271/271
f 270/270/270 271/271/271 265/265/265
f 271/271/271 277/277/277 278/278/278
f 271/271/271 278/278/278 272/272/272
f 272/272/272 278/278/278 279/279/279
f 272/272/272 279/279/279 273/273/273
f 273/273/273 279/279/279 280/280/280
f 273/273/273 280/280/280 274/274/274
f 274/274/274 280/280/280 281/281/281
f 274/274/274 281/281/281 275/275/275
f 275/275/275 281/281/281 282/282/282
f 275/275/275 282/282/282 276/276/276
f 276/276/276 282/282/282 277/277/277
f 276/276/276 277/277/277 271/271/271
f 277/277/277 283/283/283 284/284/284
f 277/277/277 284/284/284 278/278/278
f 278/278/278 284/284/284 285/285/285
f 278/278/278 285/285/285 279/279/279
f 279/279/279 285/285/285 286/286/286
f 279/279/279 286/286/286 280/280/280
f 280/280/280 286/286/286 287/287/287
f 280/280/280 287/287/287 281/281/281
f 281/281/281 287/287/287 288/288/288
f 281/281/281 288/288/288 282/282/282
f 282/282/282 288/288/288 283/283/283
f 282/282/282 283/283/283 277/277/277
f 283/283/283 289/289/289 290/290/290
f 283/283/283 290/290/290 284/284/284
f 284/284/284 290/290/290 291/291/291
f 284/284/284 291/291/291 285/285/285
f 285/285/285 291/291/291 292/292/292
f 285/285/285 292/292/292 286/286/286
f 286/286/286 292/292/292 293/293/293
f 286/286/286 293/293/293 287/287/287
f 287/287/287 293/293/293 294/294/294
f 287/287/287 294/294/294 288/288/288
f 288/288/288 294/294/294 289/289/289
f 288/288/288 289/289/289 283/283/283
f 289/289/289 295/295/295 296/296/296
f 289/289/289 296/296/296 290/290/290
f 290/290/290 296/296/296 297/297/297
f 290/290/290 297/297/297 291/291/291
f 291/291/291 297/297/297 298/298/298
f 291/291/291 298/298/298 292/292/292
f 292/292/292 298/298/298 299/299/299
f 292/292/292 299/299/299 293/293/293
f 293/293/293 299/299/299 300/300/300
f 293/293/293 300/300/300 294/294/294
f 294/294/294 300/300/300 295/295/295
f 294/294/294 295/295/295 289/289/289
f 295/295/295 301/301/301 302/302/302
f 295/295/295 302/302/302 296/296/296
f 296/296/296 302/302/302 303/303/303
f 296/296/296 303/303/303 297/297/297
f 297/297/297 303/303/303 304/304/304
f 297/297/297 304/304/304 298/298/298
f 298/298/298 304/304/304 305/305/305
f 298/298/298 305/305/305 299/299/299
f 299/299/299 305/305/305 306/306/306
f 299/299/299 306/306/306 300/300/300
f 300/300/300 306/306/306 301/301/301
f 300/300/300 301/301/301 295/295/295
f 301/301/301 307/307/307 308/308/308
f 301/301/301 308/308/308 302/302/302
f 302/302/302 308/308/308 309/309/309
f 302/302/302 309/309/309 303/303/303
f 303/303/303 309/309/309 310/310/310
f 303/303/303 310/310/310 304/304/304
f 304/304/304 310/310/310 311/311/311
f 304/304/304 311/311/311 305/305/305
f 305/305/305 311/311/311 312/312/312
f 305/305/305 312/312/312 306/306/306
f 306/306/306 312/312/312 307/307/307
f 306/306/306 307/307/307 301/301/301
f 307/307/307 313/313/313 314/314/314
f 307/307/307 314/314/314 308/308/308
f 308/308/308 314/314/314 315/315/315
f 308/308/308 315/315/315 309/309/309
f 309/309/309 315/315/315 316/316/316
f 309/309/309 316/316/316 310/310/310
f 310/310/310 316/316/316 317/317/317
f 310/310/310 317/317/317 311/311/311
f 311/311/311 317/317/317 318/318/318
f 311/311/311 318/318/318 312/312/312
f 312/312/312 318/318/318 313/313/313
f 312/312/312 313/313/313 307/307/307
f 313/313/313 319/319/319 320/320/320
f 313/313/313 320/320/320 314/314/314
f 314/314/314 320/320/320 321/321/321
f 314/314/314 321/321/321 315/315/315
f 315/315/315 321/321/321 322/322/322
f 315/315/315 322/322/322 316/316/316
f 316/316/316 322/322/322 323/323/323
f 316/316/316 323/323/323 317/317/317
f 317/317/317 323/323/323 324/324/324
f 317/317/317 324/324/324 318/318/318
f 318/318/318 324/324/324 319/319/319
f 318/318/318 319/319/319 313/313/313
f 319/319/319 325/325/325 326/326/326
f 319/319/319 326/326/326 320/320/320
f 320/320/320 326/326/326 327/327/327
f 320/320/320 327/327/327 321/321/321
f 321/321/321 327/327/327 328/328/328
f 321/321/321 328/328/328 322/322/322
f 322/322/322 328/328/328 329/329/329
f 322/322/322 329/329/329 323/323/323
f 323/323/323 329/329/329 330/330/330
f 323/323/323 330/330/330 324/324/324
f 324/324/324 330/330/330 325/325/325
f 324/324/324 325/325/325 319/319/319
f 325/325/325 331/331/331 332/332/332
f 325/325/325 332/332/332 326/326/326
f 326/326/326 332/332/332 333/333/333
f 326/326/326 333/333/333 327/327/327
f 327/327/327 333/333/333 334/334/334
f 327/327/327 334/334/334 328/328/328
f 328/328/328 334/334/334 335/335/335
f 328/328/328 335/335/335 329/329/329
f 329/329/329 335/335/335 336/336/336
f 329/329/329 336/336/336 330/330/330
f 330/330/330 336/336/336 331/331/331
f 330/330/330 331/331/331 325/325/325
f 331/331/331 253/253/253 254/254/254
f 331/331/331 254/254/254 332/332/332
f 332/332/332 254/254/254 255/255/255
f 332/332/332 255/255/255 333/333/333
f 333/333/333 255/255/255 256/256/256
f 333/333/333 256/256/256 334/334/334
f 334/334/334 256/256/256 257/257/257
f 334/334/334 257/257/257 335/335/335
f 335/335/335 257/257/257 258/258/258
f 335/335/335 258/258/258 336/336/336
f 336/336/336 258/258/258 253/253/253
f 336/336/336 253/253/253 331/331/331
f 337/337/337 343/343/343 344/344/344
f 337/337/337 344/344/344 338/338/338
f 338/338/338 344/344/344 345/345/345
f 338/338/338 345/345/345 339/339/339
f 339/339/339 345/345/345 346/346/346
f 339/339/339 346/346/346 340/340/340
f 340/340/340 346/346/346 347/347/347
f 340/340/340 347/347/347 341/341/341
f 341/341/341 347/347/347 348/348/348
f 341/341/341 348/348/348 342/342/342
f 342/342/342 348/348/348 343/343/343
f 342/342/342 343/343/343 337/337/337
f 343/343/343 349/349/349 350/350/350
f 343/343/343 350/350/350 344/344/344
f 344/344/344 350/350/350 351/351/351
f 344/344/344 351/351/351 345/345/345
f 345/345/345 351/351/351 352/352/352
f 345/345/345 352/352/352 346/346/346
f 346/346/346 352/352/352 353/353/353
f 346/346/346 353/353/353 347/347/347
f 347/347/347 353/353/353 354/354/354
f 347/347/347 354/354/354 348/348/348
f 348/348/348 354/354/354 349/349/349
f 348/348/348 349/349/349 343/343/343
f 349/349/349 355/355/355 356/356/356
f 349/349/349 356/356/356 350/350/350
f 350/350/350 356/356/356 357/357/357
f 350/350/350 357/357/357 351/351/351
f 351/351/351 357/357/357 358/358/358
f 351/351/351 358/358/358 352/352/352
f 352/352/352 358/358/358 359/359/359
f 352/352/352 359/359/359 353/353/353
f 353/353/353 359/359/359 360/360/360
f 353/353/353 360/360/360 354/354/354
f 354/354/354 360/360/360 355/355/355
f 354/354/354 355/355/355 349/349/349
f 355/355/355 361/361/361 362/362/362
f 355/355/355 362/362/362 356/356/356
f 356/356/356 362/362/362 363/363/363
f 356/356/356 363/363/363 357/357/357
f 357/357/357 363/363/363 364/364/364
f 357/357/357 364/364/364 358/358/358
f 358/358/358 364/364/364 365/365/365
f 358/358/358 365/365/365 359/359/359
f 359/359/359 365/365/365 366/366/366
f 359/359/359 366/366/366 360/360/360
f 360/360/360 366/366/366 361/361/361
f 360/360/360 361/361/361 355/355/355
f 361/361/361 367/367/367 368/368/368
f 361/361/361 368/368/368 362/362/362
f 362/362/362 368/368/368 369/369/369
f 362/362/362 369/369/369 363/363/363
f 363/363/363 369/369/369 370/370/370
f 363/363/363 370/370/370 364/364/364
f 364/364/364 370/370/370 371/371/371
f 364/364/364 371/371/371 365/365/365
f 365/365/365 371/371/371 372/372/372
f 365/365/365 372/372/372 366/366/366
f 366/366/366 372/372/372 367/367/367
f 366/366/366 367/367/367 361/361/361
f 367/367/367 373/373/373 374/374/374
f 367/367/367 374/374/374 368/368/368
f 368/368/368 374/374/374 375/375/375
f 368/368/368 375/375/375 369/369/369
f 369/369/369 375/375/375 376/376/376
f 369/369/369 376/376/376 370/370/370
f 370/370/370 376/376/376 377/377/377
f 370/370/370 377/377/377 371/371/371
f 371/371/371 377/377/377 378/378/378
f 371/371/371 378/378/378 372/372/372
f 372/372/372 378/378/378 373/373/373
f 372/372/372 373/373/373 367/367/367
f 373/373/373 379/379/379 380/380/380
f 373/373/373 380/380/380 374/374/374
f 374/374/374 380/380/380 381/381/381
f 374/374/374 381/381/381 375/375/375
f 375/375/375 381/381/381 382/382/382
f 375/375/375 382/382/382 376/376/376
f 376/376/376 382/382/382 383/383/383
f 376/376/376 383/383/383 377/377/377
f 377/377/377 383/383/383 384/384/384
f 377/377/377 384/384/384 378/378/378
f 378/378/378 384/384/384 379/379/379
f 378/378/378 379/379/379 373/373/373
f 379/379/379 385/385/385 386/386/386
f 379/379/379 386/386/386 380/380/380
f 380/380/380 386/386/386 387/387/387
f 380/380/380 387/387/387 381/381/381
f 381/381/381 387/387/387 388/388/388
f 381/381/381 388/388/388 382/382/382
f 382/382/382 388/388/388 389/389/389
f 382/382/382 389/389/389 383/383/383
f 383/383/383 389/389/389 390/390/390
f 383/383/383 390/390/390 384/384/384
f 384/384/384 390/390/390 385/385/385
f 384/384/384 385/385/385 379/379/379
f 385/385/385 391/391/391 392/392/392
f 385/385/385 392/392/392 386/386/386
f 386/386/386 392/392/392 393/393/393
f 386/386/386 393/393/393 387/387/387
f 387/387/387 393/393/393 394/394/394
f 387/387/387 394/394/394 388/388/388
f 388/388/388 394/394/394 395/395/395
f 388/388/388 395/395/395 389/389/389
f 389/389/389 395/395/395 396/396/396
f 389/389/389 396/396/396 390/390/390
f 390/390/390 396/396/396 391/391/391
f 390/390/390 391/391/391 385/385/385
f 391/391/391 397/397/397 398/398/398
f 391/391/391 398/398/398 392/392/392
f 392/392/392 398/398/398 399/399/399
f 392/392/392 399/399/399 393/393/393
f 393/393/393 399/399/399 400/400/400
f 393/393/393 400/400/400 394/394/394
f 394/394/394 400/400/400 401/401/401
f 394/394/394 401/401/401 395/395/395
f 395/395/395 401/401/401 402/402/402
f 395/395/395 402/402/402 396/396/396
f 396/396/396 402/402/402 397/397/397
f 396/396/396 397/397/397 391/391/391
f 397/397/397 403/403/403 404/404/404
f 397/397/397 404/404/404 398/398/398
f 398/398/398 404/404/404 405/405/405
f 398/398/398 405/405/405 399/399/399
f 399/399/399 405/405/405 406/406/406
f 399/399/399 406/406/406 400/400/400
f 400/400/400 406/406/406 407/407/407
f 400/400/400 407/407/407 401/401/401
f 401/401/401 407/407/407 408/408/408
f 401/401/401 408/408/408 402/402/402
f 402/402/402 408/408/408 403/403/403
f 402/402/402 403/403/403 397/397/397
f 403/403/403 409/409/409 410/410/410
f 403/403/403 410/410/410 404/404/404
f 404/404/404 410/410/410 411/411/411
f 404/404/404 411/411/411 405/405/405
f 405/405/405 411/411/411 412/412/412
f 405/405/405 412/412/412 406/406/406
f 406/406/406 412/412/412 413/413/413
f 406/406/406 413/413/413 407/407/407
f 407/407/407 413/413/413 414/414/414
f 407/407/407 414/414/414 408/408/408
f 408/408/408 414/414/414 409/409/409
f 408/408/408 409/409/409 403/403/403
f 409/409/409 415/415/415 416/416/416
f 409/409/409 416/416/416 410/410/410
f 410/410/410 416/416/416 417/417/417
f 410/410/410 417/417/417 411/411/411
f 411/411/411 417/417/417 418/418/418
f 411/411/411 418/418/418 412/412/412
f 412/412/412 418/418/418 419/419/419
f 412/412/412 419/419/419 413/413/413
f 413/413/413 419/419/419 420/420/420
f 413/413/413 420/420/420 414/414/414
f 414/414/414 420/420/420 415/415/415
f 414/414/414 415/415/415 409/409/409
f 415/415/415 337/337/337 338/338/338
f 415/415/415 338/338/338 416/416/416
f 416/416/416 338/338/338 339/339/339
f 416/416/416 339/339/339 417/417/417
f 417/417/417 339/339/339 340/340/340
f 417/417/417 340/340/340 418/418/418
f 418/418/418 340/340/340 341/341/341
f 418/418/418 341/341/341 419/419/419
f 419/419/419 341/341/341 342/342/342
f 419/419/419 342/342/342 420/420/420
f 420/420/420 342/342/342 337/337/337
f 420/420/420 337/337/337 415/415/415
f 421/421/421 427/427/427 428/428/428
f 421/421/421 428/428/428 422/422/422
f 422/422/422 428/428/428 429/429/429
f 422/422/422 429/429/429 423/423/423
f 423/423/423 429/429/429 430/430/430
f 423/423/423 430/430/430 424/424/424
f 424/424/424 430/430/430 431/431/431
f 424/424/424 431/431/431 425/425/425
f 425/425/425 431/431/431 432/432/432
f 425/425/425 432/432/432 426/426/426
f 426/426/426 432/432/432 427/427/427
f 426/426/426 427/427/427 421/421/421
f 427/427/427 433/433/433 434/434/434
f 427/427/427 434/434/434 428/428/428
f 428/428/428 434/434/434 435/435/435
f 428/428/428 435/435/435 429/429/429
f 429/429/429 435/435/435 436/436/436
f 429/429/429 436/436/436 430/430/430
f 430/430/430 436/436/436 437/437/437
f 430/430/430 437/437/437 431/431/431
f 431/431/431 437/437/437 438/438/438
f 431/431/431 438/438/438 432/432/432
f 432/432/432 438/438/438 433/433/433
f 432/432/432 433/433/433 427/427/427
f 433/433/433 439/439/439 440/440/440
f 433/433/433 440/440/440 434/434/434
f 434/434/434 440/440/440 441/441/441
f 434/434/434 441/441/441 435/435/435
f 435/435/435 441/441/441 442/442/442
f 435/435/435 442/442/442 436/436/436
f 436/436/436 442/442/442 443/443/443
f 436/436/436 443/443/443 437/437/437
f 437/437/437 443/443/443 444/444/444
f 437/437/437 444/444/444 438/438/438
f 438/438/438 444/444/444 439/439/439
f 438/438/438 439/439/439 433/433/433
f 439/439/439 445/445/445 446/446/446
f 439/439/439 446/446/446 440/440/440
f 440/440/440 446/446/446 447/447/447
f 440/440/440 447/447/447 441/441/441
f 441/441/441 447/447/447 448/448/448
f 441/441/441 448/448/448 442/442/442
f 442/442/442 448/448/448 449/449/449
f 442/442/442 449/449/449 443/443/443
f 443/443/443 449/449/449 450/450/450
f 443/443/443 450/450/450 444/444/444
f 444/444/444 450/450/450 445/445/445
f 444/444/444 445/445/445 439/439/439
f 445/445/445 451/451/451 452/452/452
f 445/445/445 452/452/452 446/446/446
f 446/446/446 452/452/452 453/453/453
f 446/446/446 453/453/453 447/447/447
f 447/447/447 453/453/453 454/454/454
f 447/447/447 454/454/454 448/448/448
f 448/448/448 454/454/454 455/455/455
f 448/448/448 455/455/455 449/449/449
f 449/449/449 455/455/455 456/456/456
f 449/449/449 456/456/456 450/450/450
f 450/450/450 456/456/456 451/451/451
f 450/450/450 451/451/451 445/445/445
f 451/451/451 457/457/457 458/458/458
f 451/451/451 458/458/458 452/452/452
f 452/452/452 458/458/458 459/459/459
f 452/452/452 459/459/459 453/453/453
f 453/453/453 459/459/459 460/460/460
f 453/453/453 460/460/460 454/454/454
f 454/454/454 460/460/460 461/461/461
f 454/454/454 461/461/461 455/455/455
f 455/455/455 461/461/461 462/462/462
f 455/455/455 462/462/462 456/456/456
f 456/456/456 462/462/462 457/457/457
f 456/456/456 457/457/457 451/451/451
f 457/457/457 463/463/463 464/464/464
f 457/457/457 464/464/464 458/458/458
f 458/458/458 464/464/464 465/465/465
f 458/458/458 465/465/465 459/459/459
f 459/459/459 465/465/465 466/466/466
f 459/459/459 466/466/466 460/460/460
f 460/460/460 466/466/466 467/467/467
f 460/460/460 467/467/467 461/461/461
f 461/461/461 467/467/467 468/468/468
f 461/461/461 468/468/468 462/462/462
f 462/462/462 468/468/468 463/463/463
f 462/462/462 463/463/463 457/457/457
f 463/463/463 469/469/469 470/470/470
f 463/463/463 470/470/470 464/464/464
f 464/464/464 470/470/470 471/471/471
f 464/464/464 471/471/471 465/465/465
f 465/465/465 471/471/471 472/472/472
f 465/465/465 472/472/472 466/466/466
f 466/466/466 472/472/472 473/473/473
f 466/466/466 473/473/473 467/467/467
f 467/467/467 473/473/473 474/474/474
f 467/467/467 474/474/474 468/468/468
f 468/468/468 474/474/474 469/469/469
f 468/468/468 469/469/469 463/463/463
f 469/469/469 475/475/475 476/476/476
f 469/469/469 476/476/476 470/470/470
f 470/470/470 476/476/476 477/477/477
f 470/470/470 477/477/477 471/471/471
f 471/471/471 477/477/477 478/478/478
f 471/471/471 478/478/478 472/472/472
f 472/472/472 478/478/478 479/479/479
f 472/472/472 479/479/479 473/473/473
f 473/473/473 479/479/479 480/480/480
f 473/473/473 480/480/480 474/474/474
f 474/474/474 480/480/480 475/475/475
f 474/474/474 475/475/475 469/469/469
f 475/475/475 481/481/481 482/482/482
f 475/475/475 482/482/482 476/476/476
f 476/476/476 482/482/482 483/483/483
f 476/476/476 483/483/483 477/477/477
f 477/477/477 483/483/483 484/484/484
f 477/477/477 484/484/484 478/478/478
f 478/478/478 484/484/484 485/485/485
f 478/478/478 485/485/485 479/479/479
f 479/479/479 485/485/485 486/486/486
f 479/479/479 486/486/486 480/480/480
f 480/480/480 486/486/486 481/481/481
f 480/480/480 481/481/481 475/475/475
f 481/481/481 487/487/487 488/488/488
f 481/481/481 488/488/488 482/482/482
f 482/482/482 488/488/488 489/489/489
f 482/482/482 489/489/489 483/483/483
f 483/483/483 489/489/489 490/490/490
f 483/483/483 490/490/490 484/484/484
f 484/484/484 490/490/490 491/491/491
f 484/484/484 491/491/491 485/485/485
f 485/485/485 491/491/491 492/492/492
f 485/485/485 492/492/492 486/486/486
f 486/486/486 492/492/492 487/487/487
f 486/486/486 487/487/487 481/481/481
f 487/487/487 493/493/493 494/494/494
f 487/487/487 494/494/494 488/488/488
f 488/488/488 494/494/494 495/495/495
f 488/488/488 495/495/495 489/489/489
f 489/489/489 495/495/495 496/496/496
f 489/489/489 496/496/496 490/490/490
f 490/490/490 496/496/496 497/497/497
f 490/490/490 497/497/497 491/491/491
f 491/491/491 497/497/497 498/498/498
f 491/491/491 498/498/498 492/492/492
f 492/492/492 498/498/498 493/493/493
f 492/492/492 493/493/493 487/487/487
f 493/493/493 499/499/499 500/500/500
f 493/493/493 500/500/500 494/494/494
f 494/494/494 500/500/500 501/501/501
f 494/494/494 501/501/501 495/495/495
f 495/495/495 501/501/501 502/502/502
f 495/495/495 502/502/502 496/496/496
f 496/496/496 502/502/502 503/503/503
f 496/496/496 503/503/503 497/497/497
f 497/497/497 503/503/503 504/504/504
f 497/497/497 504/504/504 498/498/498
f 498/498/498 504/504/504 499/499/499
f 498/498/498 499/499/499 493/493/493
f 499/499/499 421/421/421 422/422/422
f 499/499/499 422/422/422 500/500/500
f 500/500/500 422/422/422 423/423/423
f 500/500/500 423/423/423 501/501/501
f 501/501/501 423/423/423 424/424/424
f 501/501/501 424/424/424 502/502/502
f 502/502/502 424/424/424 425/425/425
f 502/502/502 425/425/425 503/503/503
f 503/503/503 425/425/425 426/426/426
f 503/503/503 426/426/426 504/504/504
f 504/504/504 426/426/426 421/421/421
f 504/504/504 421/421/421 499/499/499
f 505/505/505 511/511/511 512/512/512
f 505/505/505 512/512/512 506/506/506
f 506/506/506 512/512/512 513/513/513
f 506/506/506 513/513/513 507/507/507
f 507/507/507 513/513/513 514/514/514
f 507/507/507 514/514/514 508/508/508
f 508/508/508 514/514/514 515/515/515
f 508/508/508 515/515/515 509/509/509
f 509/509/509 515/515/515 516/516/516
f 509/509/509 516/516/516 510/510/510
f 510/510/510 516/516/516 511/511/511
f 510/510/510 511/511/511 505/505/505
f 511/511/511 517/517/517 518/518/518
f 511/511/511 518/518/518 512/512/512
f 512/512/512 518/518/518 519/519/519
f 512/512/512 519/519/519 513/513/513
f 513/513/513 519/519/519 520/520/520
f 513/513/513 520/520/520 514/514/514
f 514/514/514 520/520/520 521/521/521
f 514/514/514 521/521/521 515/515/515
f 515/515/515 521/521/521 522/522/522
f 515/515/515 522/522/522 516/516/516
f 516/516/516 522/522/522 517/517/517
f 516/516/516 517/517/517 511/511/511
f 517/517/517 523/523/523 524/524/524
f 517/517/517 524/524/524 518/518/518
f 518/518/518 524/524/524 525/525/525
f 518/518/518 525/525/525 519/519/519
f 519/519/519 525/525/525 526/526/526
f 519/519/519 526/526/526 520/520/520
f 520/520/520 526/526/526 527/527/527
f 520/520/520 527/527/527 521/521/521
f 521/521/521 527/527/527 528/528/528
f 521/521/521 528/528/528 522/522/522
f 522/522/522 528/528/528 523/523/523
f 522/522/522 523/523/523 517/517/517
f 523/523/523 529/529/529 530/530/530
f 523/523/523 530/530/530 524/524/524
f 524/524/524 530/530/530 531/531/531
f 524/524/524 531/531/531 525/525/525
f 525/525/525 531/531/531 532/532/532
f 525/525/525 532/532/532 526/526/526
f 526/526/526 532/532/532 533/533/533
f 526/526/526 533/533/533 527/527/527
f 527/527/527 533/533/533 534/534/534
f 527/527/527 534/534/534 528/528/528
f 528/528/528 534/534/534 529/529/529
f 528/528/528 529/529/529 523/523/523
f 529/529/529 535/535/535 536/536/536
f 529/529/529 536/536/536 530/530/530
f 530/530/530 536/536/536 537/537/537
f 530/530/530 537/537/537 531/531/531
f 531/531/531 537/537/537 538/538/538
f 531/531/531 538/538/538 532/532/532
f 532/532/532 538/538/538 539/539/539
f 532/532/532 539/539/539 533/533/533
f 533/533/533 539/539/539 540/540/540
f 533/533/533 540/540/540 534/534/534
f 534/534/534 540/540/540 535/535/535
f 534/534/534 535/535/535 529/529/529
f 535/535/535 541/541/541 542/542/542
f 535/535/535 542/542/542 536/536/536
f 536/536/536 542/542/542 543/543/543
f 536/536/536 543/543/543 537/537/537
f 537/537/537 543/543/543 544/544/544
f 537/537/537 544/544/544 538/538/538
f 538/538/538 544/544/544 545/545/545
f 538/538/538 545/545/545 539/539/539
f 539/539/539 545/545/545 546/546/546
f 539/539/539 546/546/546 540/540/540
f 540/540/540 546/546/546 541/541/541
f 540/540/540 541/541/541 535/535/535
f 541/541/541 547/547/547 548/548/548
f 541/541/541 548/548/548 542/542/542
f 542/542/542 548/548/548 549/549/549
f 542/542/542 549/549/549 543/543/543
f 543/543/543 549/549/549 550/550/550
f 543/543/543 550/550/550 544/544/544
f 544/544/544 550/550/550 551/551/551
f 544/544/544 551/551/551 545/545/545
f 545/545/545 551/551/551 552/552/552
f 545/545/545 552/552/552 546/546/546
f 546/546/546 552/552/552 547/547/547
f 546/546/546 547/547/547 541/541/541
f 547/547/547 553/553/553 554/554/554
f 547/547/547 554/554/554 548/548/548
f 548/548/548 554/554/554 555/555/555
f 548/548/548 555/555/555 549/549/549
f 549/549/549 555/555/555 556/556/556
f 549/549/549 556/556/556 550/550/550
f 550/550/550 556/556/556 557/557/557
f 550/550/550 557/557/557 551/551/551
f 551/551/551 557/557/557 558/558/558
f 551/551/551 558/558/558 552/552/552
f 552/552/552 558/558/558 553/553/553
f 552/552/552 553/553/553 547/547/547
f 553/553/553 559/559/559 560/560/560
f 553/553/553 560/560/560 554/554/554
f 554/554/554 560/560/560 561/561/561
f 554/554/554 561/561/561 555/555/555
f 555/555/555 561/561/561 562/562/562
f 555/555/555 562/562/562 556/556/556
f 556/556/556 562/562/562 563/563/563
f 556/556/556 563/563/563 557/557/557
f 557/557/557 563/563/563 564/564/564
f 557/557/557 564/564/564 558/558/558
f 558/558/558 564/564/564 559/559/559
f 558/558/558 559/559/559 553/553/553
f 559/559/559 565/565/565 566/566/566
f 559/559/559 566/566/566 560/560/560
f 560/560/560 566/566/566 567/567/567
f 560/560/560 567/567/567 561/561/561
f 561/561/561 567/567/567 568/568/568
f 561/561/561 568/568/568 562/562/562
f 562/562/562 568/568/568 569/569/569
f 562/562/562 569/569/569 563/563/563
f 563/563/563 569/569/569 570/570/570
f 563/563/563 570/570/570 564/564/564
f 564/564/564 570/570/570 565/565/565
f 564/564/564 565/565/565 559/559/559
f 565/565/565 571/571/571 572/572/572
f 565/565/565 572/572/572 566/566/566
f 566/566/566 572/572/572 573/573/573
f 566/566/566 573/573/573 567/567/567
f 567/567/567 573/573/573 574/574/574
f 567/567/567 574/574/574 568/568/568
f 568/568/568 574/574/574 575/575/575
f 568/568/568 575/575/575 569/569/569
f 569/569/569 575/575/575 576/576/576
f 569/569/569 576/576/576 570/570/570
f 570/570/570 576/576/576 571/571/571
f 570/570/570 571/571/571 565/565/565
f 571/571/571 577/577/577 578/578/578
f 571/571/571 578/578/578 572/572/572
f 572/572/572 578/578/578 579/579/579
f 572/572/572 579/579/579 573/573/573
f 573/573/573 579/579/579 580/580/580
f 573/573/573 580/580/580 574/574/574
f 574/574/574 580/580/580 581/581/581
f 574/574/574 581/581/581 575/575/575
f 575/575/575 581/581/581 582/582/582
f 575/575/575 582/582/582 576/576/576
f 576/576/576 582/582/582 577/577/577
f 576/576/576 577/577/577 571/571/571
f 577/577/577 583/583/583 584/584/584
f 577/577/577 584/584/584 578/578/578
f 578/578/578 584/584/584 585/585/585
f 578/578/578 585/585/585 579/579/579
f 579/579/579 585/585/585 586/586/586
f 579/579/579 586/586/586 580/580/580
f 580/580/580 586/586/586 587/587/587
f 580/580/580 587/587/587 581/581/581
f 581/581/581 587/587/587 588/588/588
f 581/581/581 588/588/588 582/582/582
f 582/582/582 588/588/588 583/583/583
f 582/582/582 583/583/583 577/577/577
f 583/583/583 505/505/505 506/506/506
f 583/583/583 506/506/506 584/584/584
f 584/584/584 506/506/506 507/507/507
f 584/584/584 507/507/507 585/585/585
f 585/585/585 507/507/507 508/508/508
f 585/585/585 508/508/508 586/586/586
f 586/586/586 508/508/508 509/509/509
f 586/586/586 509/509/509 587/587/587
f 587/587/587 509/509/509 510/510/510
f 587/587/587 510/510/510 588/588/588
f 588/588/588 510/510/510 505/505/505
f 588/588/588 505/505/505 583/583/583
f 589/589/589 595/595/595 596/596/596
f 589/589/589 596/596/596 590/590/590
f 590/590/590 596/596/596 597/597/597
f 590/590/590 597/597/597 591/591/591
f 591/591/591 597/597/597 598/598/598
f 591/591/591 598/598/598 592/592/592
f 592/592/592 598/598/598 599/599/599
f 592/592/592 599/599/599 593/593/593
f 593/593/593 599/599/599 600/600/600
f 593/593/593 600/600/600 594/594/594
f 594/594/594 600/600/600 595/595/595
f 594/594/594 595/595/595 589/589/589
f 595/595/595 601/601/601 602/602/602
f 595/595/595 602/602/602 596/596/596
f 596/596/596 602/602/602 603/603/603
f 596/596/596 603/603/603 597/597/597
f 597/597/597 603/603/603 604/604/604
f 597/597/597 604/604/604 598/598/598
f 598/598/598 604/604/604 605/605/605
f 598/598/598 605/605/605 599/599/599
f 599/599/599 605/605/605 606/606/606
f 599/599/599 606/606/606 600/600/600
f 600/600/600 606/606/606 601/601/601
f 600/600/600 601/601/601 595/595/595
f 601/601/601 607/607/607 608/608/608
f 601/601/601 608/608/608 602/602/602
f 602/602/602 608/608/608 609/609/609
f 602/602/602 609/609/609 603/603/603
f 603/603/603 609/609/609 610/610/610
f 603/603/603 610/610/610 604/604/604
f 604/604/604 610/610/610 611/611/611
f 604/604/604 611/611/611 605/605/605
f 605/605/605 611/611/611 612/612/612
f 605/605/605 612/612/612 606/606/606
f 606/606/606 612/612/612 607/607/607
f 606/606/606 607/607/607 601/601/601
f 607/607/607 613/613/613 614/614/614
f 607/607/607 614/614/614 608/608/608
f 608/608/608 614/614/614 615/615/615
f 608/608/608 615/615/615 609/609/609
f 609/609/609 615/615/615 616/616/616
f 609/609/609 616/616/616 610/610/610
f 610/610/610 616/616/616 617/617/617
f 610/610/610 617/617/617 611/611/611
f 611/611/611 617/617/617 618/618/618
f 611/611/611 618/618/618 612/612/612
f 612/612/612 618/618/618 613/613/613
f 612/612/612 613/613/613 607/607/607
f 613/613/613 619/619/619 620/620/620
f 613/613/613 620/620/620 614/614/614
f 614/614/614 620/620/620 621/621/621
f 614/614/614 621/621/621 615/615/615
f 615/615/615 621/621/621 622/622/622
f 615/615/615 622/622/622 616/616/616
f 616/616/616 622/622/622 623/623/623
f 616/616/616 623/623/623 617/617/617
f 617/617/617 623/623/623 624/624/624
f 617/617/617 624/624/624 618/618/618
f 618/618/618 624/624/624 619/619/619
f 618/618/618 619/619/619 613/613/613
f 619/619/619 625/625/625 626/626/626
f 619/619/619 626/626/626 620/620/620
f 620/620/620 626/626/626 627/627/627
f 620/620/620 627/627/627 621/621/621
f 621/621/621 627/627/627 628/628/628
f 621/621/621 628/628/628 622/622/622
f 622/622/622 628/628/628 629/629/629
f 622/622/622 629/629/629 623/623/623
f 623/623/623 629/629/629 630/630/630
f 623/623/623 630/630/630 624/624/624
f 624/624/624 630/630/630 625/625/625
f 624/624/624 625/625/625 619/619/619
f 625/625/625 631/631/631 632/632/632
f 625/625/625 632/632/632 626/626/626
f 626/626/626 632/632/632 633/633/633
f 626/626/626 633/633/633 627/627/627
f 627/627/627 633/633/633 634/634/634
f 627/627/627 634/634/634 628/628/628
f 628/628/628 634/634/634 635/635/635
f 628/628/628 635/635/635 629/629/629
f 629/629/629 635/635/635 636/636/636
f 629/629/629 636/636/636 630/630/630
f 630/630/630 636/636/636 631/631/631
f 630/630/630 631/631/631 625/625/625
f 631/631/631 637/637/637 638/638/638
f 631/631/631 638/638/638 632/632/632
f 632/632/632 638/638/638 639/639/639
f 632/632/632 639/639/639 633/633/633
f 633/633/633 639/639/639 640/640/640
f 633/633/633 640/640/640 634/634/634
f 634/634/634 640/640/640 641/641/641
f 634/634/634 641/641/641 635/635/635
f 635/635/635 641/641/641 642/642/642
f 635/635/635 642/642/642 636/636/636
f 636/636/636 642/642/642 637/637/637
f 636/636/636 637/637/637 631/631/631
f 637/637/637 643/643/643 644/644/644
f 637/637/637 644/644/644 638/638/638
f 638/638/638 644/644/644 645/645/645
f 638/638/638 645/645/645 639/639/639
f 639/639/639 645/645/645 646/646/646
f 639/639/639 646/646/646 640/640/640
f 640/640/640 646/646/646 647/647/647
f 640/640/640 647/647/647 641/641/641
f 641/641/641 647/647/647 648/648/648
f 641/641/641 648/648/648 642/642/642
f 642/642/642 648/648/648 643/643/643
f 642/642/642 643/643/643 637/637/637
f 643/643/643 649/649/649 650/650/650
f 643/643/643 650/650/650 644/644/644
f 644/644/644 650/650/650 651/651/651
f 644/644/644 651/651/651 645/645/645
f 645/645/645 651/651/651 652/652/652
f 645/645/645 652/652/652 646/646/646
f 646/646/646 652/652/652 653/653/653
f 646/646/646 653/653/653 647/647/647
f 647/647/647 653/653/653 654/654/654
f 647/647/647 654/654/654 648/648/648
f 648/648/648 654/654/654 649/649/649
f 648/648/648 649/649/649 643/643/643
f 649/649/649 655/655/655 656/656/656
f 649/649/649 656/656/656 650/650/650
f 650/650/650 656/656/656 657/657/657
f 650/650/650 657/657/657 651/651/651
f 651/651/651 657/657/657 658/658/658
f 651/651/651 658/658/658 652/652/652
f 652/652/652 658/658/658 659/659/659
f 652/652/652 659/659/659 653/653/653
f 653/653/653 659/659/659 660/660/660
f 653/653/653 660/660/660 654/654/654
f 654/654/654 660/660/660 655/655/655
f 654/654/654 655/655/655 649/649/649
f 655/655/655 661/661/661 662/662/662
f 655/655/655 662/662/662 656/656/656
f 656/656/656 662/662/662 663/663/663
f 656/656/656 663/663/663 657/657/657
f 657/657/657 663/663/663 664/664/664
f 657/657/657 664/664/664 658/658/658
f 658/658/658 664/664/664 665/665/665
f 658/658/658 665/665/665 659/659/659
f 659/659/659 665/665/665 666/666/666
f 659/659/659 666/666/666 660/660/660
f 660/660/660 666/666/666 661/661/661
f 660/660/660 661/661/661 655/655/655
f 661/661/661 667/667/667 668/668/668
f 661/661/661 668/668/668 662/662/662
f 662/662/662 668/668/668 669/669/669
f 662/662/662 669/669/669 663/663/663
f 663/663/663 669/669/669 670/670/670
f 663/663/663 670/670/670 664/664/664
f 664/664/664 670/670/670 671/671/671
f 664/664/664 671/671/671 665/665/665
f 665/665/665 671/671/671 672/672/672
f 665/665/665 672/672/672 666/666/666
f 666/666/666 672/672/672 667/667/667
f 666/666/666 667/667/667 661/661/661
f 667/667/667 589/589/589 590/590/590
f 667/667/667 590/590/590 668/668/668
f 668/668/668 590/590/590 591/591/591
f 668/668/668 591/591/591 669/669/669
f 669/669/669 591/591/591 592/592/592
f 669/669/669 592/592/592 670/670/670
f 670/670/670 592/592/592 593/593/593
f 670/670/670 593/593/593 671/671/671
f 671/671/671 593/593/593 594/594/594
f 671/671/671 594/594/594 672/672/672
f 672/672/672 594/594/594 589/589/589
f 672/672/672 589/589/589 667/667/667
f 673/673/673 679/679/679 680/680/680
f 673/673/673 680/680/680 674/674/674
f 674/674/674 680/680/680 681/681/681
f 674/674/674 681/681/681 675/675/675
f 675/675/675 681/681/681 682/682/682
f 675/675/675 682/682/682 676/676/676
f 676/676/676 682/682/682 683/683/683
f 676/676/676 683/683/683 677/677/677
f 677/677/677 683/683/683 684/684/684
f 677/677/677 684/684/684 678/678/678
f 678/678/678 684/684/684 679/679/679
f 678/678/678 679/679/679 673/673/673
f 679/679/679 685/685/685 686/686/686
f 679/679/679 686/686/686 680/680/680
f 680/680/680 686/686/686 687/687/687
f 680/680/680 687/687/687 681/681/681
f 681/681/681 687/687/687 688/688/688
f 681/681/681 688/688/688 682/682/682
f 682/682/682 688/688/688 689/689/689
f 682/682/682 689/689/689 683/683/683
f 683/683/683 689/689/689 690/690/690
f 683/683/683 690/690/690 684/684/684
f 684/684/684 690/690/690 685/685/685
f 684/684/684 685/685/685 679/679/679
f 685/685/685 691/691/691 692/692/692
f 685/685/685 692/692/692 686/686/686
f 686/686/686 692/692/692 693/693/693
f 686/686/686 693/693/693 687/687/687
f 687/687/687 693/693/693 694/694/694
f 687/687/687 694/694/694 688/688/688
f 688/688/688 694/694/694 695/695/695
f 688/688/688 695/695/695 689/689/689
f 689/689/689 695/695/695 696/696/696
f 689/689/689 696/696/696 690/690/690
f 690/690/690 696/696/696 691/691/691
f 690/690/690 691/691/691 685/685/685
f 691/691/691 697/697/697 698/698/698
f 691/691/691 698/698/698 692/692/692
f 692/692/692 698/698/698 699/699/699
f 692/692/692 699/699/699 693/693/693
f 693/693/693 699/699/699 700/700/700
f 693/693/693 700/700/700 694/694/694
f 694/694/694 700/700/700 701/701/701
f 694/694/694 701/701/701 695/695/695
f 695/695/695 701/701/701 702/702/702
f 695/695/695 702/702/702 696/696/696
f 696/696/696 702/702/702 697/697/697
f 696/696/696 697/697/697 691/691/691
f 697/697/697 703/703/703 704/704/704
f 697/697/697 704/704/704 698/698/698
f 698/698/698 704/704/704 705/705/705
f 698/698/698 705/705/705 699/699/699
f 699/699/699 705/705/705 706/706/706
f 699/699/699 706/706/706 700/700/700
f 700/700/700 706/706/706 707/707/707
f 700/700/700 707/707/707 701/701/701
f 701/701/701 707/707/707 708/708/708
f 701/701/701 708/708/708 702/702/702
f 702/702/702 708/708/708 703/703/703
f 702/702/702 703/703/703 697/697/697
f 703/703/703 709/709/709 710/710/710
f 703/703/703 710/710/710 704/704/704
f 704/704/704 710/710/710 711/711/711
f 704/704/704 711/711/711 705/705/705
f 705/705/705 711/711/711 712/712/712
f 705/705/705 712/712/712 706/706/706
f 706/706/706 712/712/712 713/713/713
f 706/706/706 713/713/713 707/707/707
f 707/707/707 713/713/713 714/714/714
f 707/707/707 714/714/714 708/708/708
f 708/708/708 714/714/714 709/709/709
f 708/708/708 709/709/709 703/703/703
f 709/709/709 715/715/715 716/716/716
f 709/709/709 716/716/716 710/710/710
f 710/710/710 716/716/716 717/717/717
f 710/710/710 717/717/717 711/711/711
f 711/711/711 717/717/717 718/718/718
f 711/711/711 718/718/718 712/712/712
f 712/712/712 718/718/718 719/719/719
f 712/712/712 719/719/719 713/713/713
f 713/713/713 719/719/719 720/720/720
f 713/713/713 720/720/720 714/714/714
f 714/714/714 720/720/720 715/715/715
f 714/714/714 715/715/715 709/709/709
f 715/715/715 721/721/721 722/722/722
f 715/715/715 722/722/722 716/716/716
f 716/716/716 722/722/722 723/723/723
f 716/716/716 723/723/723 717/717/717
f 717/717/717 723/723/723 724/724/724
f 717/717/717 724/724/724 718/718/718
f 718/718/718 724/724/724 725/725/725
f 718/718/718 725/725/725 719/719/719
f 719/719/719 725/725/725 726/726/726
f 719/719/719 726/726/726 720/720/720
f 720/720/720 726/726/726 721/721/721
f 720/720/720 721/721/721 715/715/715
f 721/721/721 727/727/727 728/728/728
f 721/721/721 728/728/728 722/722/722
f 722/722/722 728/728/728 729/729/729
f 722/722/722 729/729/729 723/723/723
f 723/723/723 729/729/729 730/730/730
f 723/723/723 730/730/730 724/724/724
f 724/724/724 730/730/730 731/731/731
f 724/724/724 731/731/731 725/725/725
f 725/725/725 731/731/731 732/732/732
f 725/725/725 732/732/732 726/726/726
f 726/726/726 732/732/732 727/727/727
f 726/726/726 727/727/727 721/721/721
f 727/727/727 733/733/733 734/734/734
f 727/727/727 734/734/734 728/728/728
f 728/728/728 734/734/734 735/735/735
f 728/728/728 735/735/735 729/729/729
f 729/729/729 735/735/735 736/736/736
f 729/729/729 736/736/736 730/730/730
f 730/730/730 736/736/736 737/737/737
f 730/730/730 737/737/737 731/731/731
f 731/731/731 737/737/737 738/738/738
f 731/731/731 738/738/738 732/732/732
f 732/732/732 738/738/738 733/733/733
f 732/732/732 733/733/733 727/727/727
f 733/733/733 739/739/739 740/740/740
f 733/733/733 740/740/740 734/734/734
f 734/734/734 740/740/740 741/741/741
f 734/734/734 741/741/741 735/735/735
f 735/735/735 741/741/741 742/742/742
f 735/735/735 742/742/742 736/736/736
f 736/736/736 742/742/742 743/743/743
f 736/736/736 743/743/743 737/737/737
f 737/737/737 743/743/743 744/744/744
f 737/737/737 744/744/744 738/738/738
f 738/738/738 744/744/744 739/739/739
f 738/738/738 739/739/739 733/733/733
f 739/739/739 745/745/745 746/746/746
f 739/739/739 746/746/746 740/740/740
f 740/740/740 746/746/746 747/747/747
f 740/740/740 747/747/747 741/741/741
f 741/741/741 747/747/747 748/748/748
f 741/741/741 748/748/748 742/742/742
f 742/742/742 748/748/748 749/749/749
f 742/742/742 749/749/749 743/743/743
f 743/743/743 749/749/749 750/750/750
f 743/743/743 750/750/750 744/744/744
f 744/744/744 750/750/750 745/745/745
f 744/744/744 745/745/745 739/739/739
f 745/745/745 751/751/751 752/752/752
f 745/745/745 752/752/752 746/746/746
f 746/746/746 752/752/752 753/753/753
f 746/746/746 753/753/753 747/747/747
f 747/747/747 753/753/753 754/754/754
f 747/747/747 754/754/754 748/748/748
f 748/748/748 754/754/754 755/755/755
f 748/748/748 755/755/755 749/749/749
f 749/749/749 755/755/755 756/756/756
f 749/749/749 756/756/756 750/750/750
f 750/750/750 756/756/756 751/751/751
f 750/750/750 751/751/751 745/745/745
f 751/751/751 673/673/673 674/674/674
f 751/751/751 674/674/674 752/752/752
f 752/752/752 674/674/674 675/675/675
f 752/752/752 675/675/675 753/753/753
f 753/753/753 675/675/675 676/676/676
f 753/753/753 676/676/676 754/754/754
f 754/754/754 676/676/676 677/677/677
f 754/754/754 677/677/677 755/755/755
f 755/755/755 677/677/677 678/678/678
f 755/755/755 678/678/678 756/756/756
f 756/756/756 678/678/678 673/673/673
f 756/756/756 673/673/673 751/751/751
