# CyberCube 3D Model for PixelGame
o CyberCube

v -0.340000 0.160000 0.500000
v -0.387239 0.160000 0.492868
v -0.421077 0.160000 0.477937
v -0.440634 0.160000 0.464390
v -0.450264 0.160000 0.455939
v -0.340000 0.160000 0.500000
v -0.170000 0.160000 0.500000
v 0.000000 0.160000 0.500000
v 0.170000 0.160000 0.500000
v 0.340000 0.160000 0.500000
v 0.387239 0.160000 0.492868
v 0.421077 0.160000 0.477937
v 0.440634 0.160000 0.464390
v 0.450264 0.160000 0.455939
v 0.453137 0.160000 0.453137
v -0.340000 0.112761 0.492868
v -0.385305 0.114695 0.486611
v -0.418345 0.118812 0.473288
v -0.437849 0.122625 0.460949
v -0.447600 0.125039 0.453137
v -0.340000 0.112761 0.492868
v -0.170000 0.112761 0.492868
v 0.000000 0.112761 0.492868
v 0.170000 0.112761 0.492868
v 0.340000 0.112761 0.492868
v 0.385305 0.114695 0.486611
v 0.418345 0.118812 0.473288
v 0.437849 0.122625 0.460949
v 0.447600 0.125039 0.453137
v 0.450529 0.125845 0.450529
v -0.340000 0.078923 0.477937
v -0.381188 0.081655 0.473288
v -0.412322 0.087678 0.463041
v -0.431530 0.093500 0.453137
v -0.441446 0.097303 0.446667
v -0.340000 0.078923 0.477937
v -0.170000 0.078923 0.477937
v 0.000000 0.078923 0.477937
v 0.170000 0.078923 0.477937
v 0.340000 0.078923 0.477937
v 0.381188 0.081655 0.473288
v 0.412322 0.087678 0.463041
v 0.431530 0.093500 0.453137
v 0.441446 0.097303 0.446667
v 0.444473 0.098592 0.444473
v -0.340000 0.059366 0.464390
v -0.377375 0.062151 0.460949
v -0.406500 0.068470 0.453137
v -0.425185 0.074815 0.445295
v -0.435124 0.079083 0.440019
v -0.340000 0.059366 0.464390
v -0.170000 0.059366 0.464390
v 0.000000 0.059366 0.464390
v 0.170000 0.059366 0.464390
v 0.340000 0.059366 0.464390
v 0.377375 0.062151 0.460949
v 0.406500 0.068470 0.453137
v 0.425185 0.074815 0.445295
v 0.435124 0.079083 0.440019
v 0.438204 0.080552 0.438204
v -0.340000 0.049736 0.455939
v -0.374961 0.052400 0.453137
v -0.402697 0.058554 0.446667
v -0.420917 0.064876 0.440019
v -0.430792 0.069208 0.435465
v -0.340000 0.049736 0.455939
v -0.170000 0.049736 0.455939
v 0.000000 0.049736 0.455939
v 0.170000 0.049736 0.455939
v 0.340000 0.049736 0.455939
v 0.374961 0.052400 0.453137
v 0.402697 0.058554 0.446667
v 0.420917 0.064876 0.440019
v 0.430792 0.069208 0.435465
v 0.433882 0.070713 0.433882
v -0.340000 0.160000 0.500000
v -0.387239 0.160000 0.492868
v -0.421077 0.160000 0.477937
v -0.440634 0.160000 0.464390
v -0.450264 0.160000 0.455939
v -0.340000 0.160000 0.500000
v -0.170000 0.160000 0.500000
v 0.000000 0.160000 0.500000
v 0.170000 0.160000 0.500000
v 0.340000 0.160000 0.500000
v 0.387239 0.160000 0.492868
v 0.421077 0.160000 0.477937
v 0.440634 0.160000 0.464390
v 0.450264 0.160000 0.455939
v 0.453137 0.160000 0.453137
v -0.340000 0.330000 0.500000
v -0.387239 0.330000 0.492868
v -0.421077 0.330000 0.477937
v -0.440634 0.330000 0.464390
v -0.450264 0.330000 0.455939
v -0.340000 0.330000 0.500000
v -0.170000 0.330000 0.500000
v 0.000000 0.330000 0.500000
v 0.170000 0.330000 0.500000
v 0.340000 0.330000 0.500000
v 0.387239 0.330000 0.492868
v 0.421077 0.330000 0.477937
v 0.440634 0.330000 0.464390
v 0.450264 0.330000 0.455939
v 0.453137 0.330000 0.453137
v -0.340000 0.500000 0.500000
v -0.387239 0.500000 0.492868
v -0.421077 0.500000 0.477937
v -0.440634 0.500000 0.464390
v -0.450264 0.500000 0.455939
v -0.340000 0.500000 0.500000
v -0.170000 0.500000 0.500000
v 0.000000 0.500000 0.500000
v 0.170000 0.500000 0.500000
v 0.340000 0.500000 0.500000
v 0.387239 0.500000 0.492868
v 0.421077 0.500000 0.477937
v 0.440634 0.500000 0.464390
v 0.450264 0.500000 0.455939
v 0.453137 0.500000 0.453137
v -0.340000 0.670000 0.500000
v -0.387239 0.670000 0.492868
v -0.421077 0.670000 0.477937
v -0.440634 0.670000 0.464390
v -0.450264 0.670000 0.455939
v -0.340000 0.670000 0.500000
v -0.170000 0.670000 0.500000
v 0.000000 0.670000 0.500000
v 0.170000 0.670000 0.500000
v 0.340000 0.670000 0.500000
v 0.387239 0.670000 0.492868
v 0.421077 0.670000 0.477937
v 0.440634 0.670000 0.464390
v 0.450264 0.670000 0.455939
v 0.453137 0.670000 0.453137
v -0.340000 0.840000 0.500000
v -0.387239 0.840000 0.492868
v -0.421077 0.840000 0.477937
v -0.440634 0.840000 0.464390
v -0.450264 0.840000 0.455939
v -0.340000 0.840000 0.500000
v -0.170000 0.840000 0.500000
v 0.000000 0.840000 0.500000
v 0.170000 0.840000 0.500000
v 0.340000 0.840000 0.500000
v 0.387239 0.840000 0.492868
v 0.421077 0.840000 0.477937
v 0.440634 0.840000 0.464390
v 0.450264 0.840000 0.455939
v 0.453137 0.840000 0.453137
v -0.340000 0.887239 0.492868
v -0.385305 0.885305 0.486611
v -0.418345 0.881188 0.473288
v -0.437849 0.877375 0.460949
v -0.447600 0.874961 0.453137
v -0.340000 0.887239 0.492868
v -0.170000 0.887239 0.492868
v 0.000000 0.887239 0.492868
v 0.170000 0.887239 0.492868
v 0.340000 0.887239 0.492868
v 0.385305 0.885305 0.486611
v 0.418345 0.881188 0.473288
v 0.437849 0.877375 0.460949
v 0.447600 0.874961 0.453137
v 0.450529 0.874155 0.450529
v -0.340000 0.921077 0.477937
v -0.381188 0.918345 0.473288
v -0.412322 0.912322 0.463041
v -0.431530 0.906500 0.453137
v -0.441446 0.902697 0.446667
v -0.340000 0.921077 0.477937
v -0.170000 0.921077 0.477937
v 0.000000 0.921077 0.477937
v 0.170000 0.921077 0.477937
v 0.340000 0.921077 0.477937
v 0.381188 0.918345 0.473288
v 0.412322 0.912322 0.463041
v 0.431530 0.906500 0.453137
v 0.441446 0.902697 0.446667
v 0.444473 0.901408 0.444473
v -0.340000 0.940634 0.464390
v -0.377375 0.937849 0.460949
v -0.406500 0.931530 0.453137
v -0.425185 0.925185 0.445295
v -0.435124 0.920917 0.440019
v -0.340000 0.940634 0.464390
v -0.170000 0.940634 0.464390
v 0.000000 0.940634 0.464390
v 0.170000 0.940634 0.464390
v 0.340000 0.940634 0.464390
v 0.377375 0.937849 0.460949
v 0.406500 0.931530 0.453137
v 0.425185 0.925185 0.445295
v 0.435124 0.920917 0.440019
v 0.438204 0.919448 0.438204
v -0.340000 0.950264 0.455939
v -0.374961 0.947600 0.453137
v -0.402697 0.941446 0.446667
v -0.420917 0.935124 0.440019
v -0.430792 0.930792 0.435465
v -0.340000 0.950264 0.455939
v -0.170000 0.950264 0.455939
v 0.000000 0.950264 0.455939
v 0.170000 0.950264 0.455939
v 0.340000 0.950264 0.455939
v 0.374961 0.947600 0.453137
v 0.402697 0.941446 0.446667
v 0.420917 0.935124 0.440019
v 0.430792 0.930792 0.435465
v 0.433882 0.929287 0.433882
v -0.340000 0.953137 0.453137
v -0.374155 0.950529 0.450529
v -0.401408 0.944473 0.444473
v -0.419448 0.938204 0.438204
v -0.429287 0.933882 0.433882
v -0.340000 0.953137 0.453137
v -0.170000 0.953137 0.453137
v 0.000000 0.953137 0.453137
v 0.170000 0.953137 0.453137
v 0.340000 0.953137 0.453137
v 0.374155 0.950529 0.450529
v 0.401408 0.944473 0.444473
v 0.419448 0.938204 0.438204
v 0.429287 0.933882 0.433882
v 0.432376 0.932376 0.432376
v 0.453137 0.160000 -0.453137
v 0.450264 0.160000 -0.455939
v 0.440634 0.160000 -0.464390
v 0.421077 0.160000 -0.477937
v 0.387239 0.160000 -0.492868
v 0.340000 0.160000 -0.500000
v 0.170000 0.160000 -0.500000
v 0.000000 0.160000 -0.500000
v -0.170000 0.160000 -0.500000
v -0.340000 0.160000 -0.500000
v -0.450264 0.160000 -0.455939
v -0.440634 0.160000 -0.464390
v -0.421077 0.160000 -0.477937
v -0.387239 0.160000 -0.492868
v -0.340000 0.160000 -0.500000
v 0.450529 0.125845 -0.450529
v 0.447600 0.125039 -0.453137
v 0.437849 0.122625 -0.460949
v 0.418345 0.118812 -0.473288
v 0.385305 0.114695 -0.486611
v 0.340000 0.112761 -0.492868
v 0.170000 0.112761 -0.492868
v 0.000000 0.112761 -0.492868
v -0.170000 0.112761 -0.492868
v -0.340000 0.112761 -0.492868
v -0.447600 0.125039 -0.453137
v -0.437849 0.122625 -0.460949
v -0.418345 0.118812 -0.473288
v -0.385305 0.114695 -0.486611
v -0.340000 0.112761 -0.492868
v 0.444473 0.098592 -0.444473
v 0.441446 0.097303 -0.446667
v 0.431530 0.093500 -0.453137
v 0.412322 0.087678 -0.463041
v 0.381188 0.081655 -0.473288
v 0.340000 0.078923 -0.477937
v 0.170000 0.078923 -0.477937
v 0.000000 0.078923 -0.477937
v -0.170000 0.078923 -0.477937
v -0.340000 0.078923 -0.477937
v -0.441446 0.097303 -0.446667
v -0.431530 0.093500 -0.453137
v -0.412322 0.087678 -0.463041
v -0.381188 0.081655 -0.473288
v -0.340000 0.078923 -0.477937
v 0.438204 0.080552 -0.438204
v 0.435124 0.079083 -0.440019
v 0.425185 0.074815 -0.445295
v 0.406500 0.068470 -0.453137
v 0.377375 0.062151 -0.460949
v 0.340000 0.059366 -0.464390
v 0.170000 0.059366 -0.464390
v 0.000000 0.059366 -0.464390
v -0.170000 0.059366 -0.464390
v -0.340000 0.059366 -0.464390
v -0.435124 0.079083 -0.440019
v -0.425185 0.074815 -0.445295
v -0.406500 0.068470 -0.453137
v -0.377375 0.062151 -0.460949
v -0.340000 0.059366 -0.464390
v 0.433882 0.070713 -0.433882
v 0.430792 0.069208 -0.435465
v 0.420917 0.064876 -0.440019
v 0.402697 0.058554 -0.446667
v 0.374961 0.052400 -0.453137
v 0.340000 0.049736 -0.455939
v 0.170000 0.049736 -0.455939
v 0.000000 0.049736 -0.455939
v -0.170000 0.049736 -0.455939
v -0.340000 0.049736 -0.455939
v -0.430792 0.069208 -0.435465
v -0.420917 0.064876 -0.440019
v -0.402697 0.058554 -0.446667
v -0.374961 0.052400 -0.453137
v -0.340000 0.049736 -0.455939
v 0.453137 0.160000 -0.453137
v 0.450264 0.160000 -0.455939
v 0.440634 0.160000 -0.464390
v 0.421077 0.160000 -0.477937
v 0.387239 0.160000 -0.492868
v 0.340000 0.160000 -0.500000
v 0.170000 0.160000 -0.500000
v 0.000000 0.160000 -0.500000
v -0.170000 0.160000 -0.500000
v -0.340000 0.160000 -0.500000
v -0.450264 0.160000 -0.455939
v -0.440634 0.160000 -0.464390
v -0.421077 0.160000 -0.477937
v -0.387239 0.160000 -0.492868
v -0.340000 0.160000 -0.500000
v 0.453137 0.330000 -0.453137
v 0.450264 0.330000 -0.455939
v 0.440634 0.330000 -0.464390
v 0.421077 0.330000 -0.477937
v 0.387239 0.330000 -0.492868
v 0.340000 0.330000 -0.500000
v 0.170000 0.330000 -0.500000
v 0.000000 0.330000 -0.500000
v -0.170000 0.330000 -0.500000
v -0.340000 0.330000 -0.500000
v -0.450264 0.330000 -0.455939
v -0.440634 0.330000 -0.464390
v -0.421077 0.330000 -0.477937
v -0.387239 0.330000 -0.492868
v -0.340000 0.330000 -0.500000
v 0.453137 0.500000 -0.453137
v 0.450264 0.500000 -0.455939
v 0.440634 0.500000 -0.464390
v 0.421077 0.500000 -0.477937
v 0.387239 0.500000 -0.492868
v 0.340000 0.500000 -0.500000
v 0.170000 0.500000 -0.500000
v 0.000000 0.500000 -0.500000
v -0.170000 0.500000 -0.500000
v -0.340000 0.500000 -0.500000
v -0.450264 0.500000 -0.455939
v -0.440634 0.500000 -0.464390
v -0.421077 0.500000 -0.477937
v -0.387239 0.500000 -0.492868
v -0.340000 0.500000 -0.500000
v 0.453137 0.670000 -0.453137
v 0.450264 0.670000 -0.455939
v 0.440634 0.670000 -0.464390
v 0.421077 0.670000 -0.477937
v 0.387239 0.670000 -0.492868
v 0.340000 0.670000 -0.500000
v 0.170000 0.670000 -0.500000
v 0.000000 0.670000 -0.500000
v -0.170000 0.670000 -0.500000
v -0.340000 0.670000 -0.500000
v -0.450264 0.670000 -0.455939
v -0.440634 0.670000 -0.464390
v -0.421077 0.670000 -0.477937
v -0.387239 0.670000 -0.492868
v -0.340000 0.670000 -0.500000
v 0.453137 0.840000 -0.453137
v 0.450264 0.840000 -0.455939
v 0.440634 0.840000 -0.464390
v 0.421077 0.840000 -0.477937
v 0.387239 0.840000 -0.492868
v 0.340000 0.840000 -0.500000
v 0.170000 0.840000 -0.500000
v 0.000000 0.840000 -0.500000
v -0.170000 0.840000 -0.500000
v -0.340000 0.840000 -0.500000
v -0.450264 0.840000 -0.455939
v -0.440634 0.840000 -0.464390
v -0.421077 0.840000 -0.477937
v -0.387239 0.840000 -0.492868
v -0.340000 0.840000 -0.500000
v 0.450529 0.874155 -0.450529
v 0.447600 0.874961 -0.453137
v 0.437849 0.877375 -0.460949
v 0.418345 0.881188 -0.473288
v 0.385305 0.885305 -0.486611
v 0.340000 0.887239 -0.492868
v 0.170000 0.887239 -0.492868
v 0.000000 0.887239 -0.492868
v -0.170000 0.887239 -0.492868
v -0.340000 0.887239 -0.492868
v -0.447600 0.874961 -0.453137
v -0.437849 0.877375 -0.460949
v -0.418345 0.881188 -0.473288
v -0.385305 0.885305 -0.486611
v -0.340000 0.887239 -0.492868
v 0.444473 0.901408 -0.444473
v 0.441446 0.902697 -0.446667
v 0.431530 0.906500 -0.453137
v 0.412322 0.912322 -0.463041
v 0.381188 0.918345 -0.473288
v 0.340000 0.921077 -0.477937
v 0.170000 0.921077 -0.477937
v 0.000000 0.921077 -0.477937
v -0.170000 0.921077 -0.477937
v -0.340000 0.921077 -0.477937
v -0.441446 0.902697 -0.446667
v -0.431530 0.906500 -0.453137
v -0.412322 0.912322 -0.463041
v -0.381188 0.918345 -0.473288
v -0.340000 0.921077 -0.477937
v 0.438204 0.919448 -0.438204
v 0.435124 0.920917 -0.440019
v 0.425185 0.925185 -0.445295
v 0.406500 0.931530 -0.453137
v 0.377375 0.937849 -0.460949
v 0.340000 0.940634 -0.464390
v 0.170000 0.940634 -0.464390
v 0.000000 0.940634 -0.464390
v -0.170000 0.940634 -0.464390
v -0.340000 0.940634 -0.464390
v -0.435124 0.920917 -0.440019
v -0.425185 0.925185 -0.445295
v -0.406500 0.931530 -0.453137
v -0.377375 0.937849 -0.460949
v -0.340000 0.940634 -0.464390
v 0.433882 0.929287 -0.433882
v 0.430792 0.930792 -0.435465
v 0.420917 0.935124 -0.440019
v 0.402697 0.941446 -0.446667
v 0.374961 0.947600 -0.453137
v 0.340000 0.950264 -0.455939
v 0.170000 0.950264 -0.455939
v 0.000000 0.950264 -0.455939
v -0.170000 0.950264 -0.455939
v -0.340000 0.950264 -0.455939
v -0.430792 0.930792 -0.435465
v -0.420917 0.935124 -0.440019
v -0.402697 0.941446 -0.446667
v -0.374961 0.947600 -0.453137
v -0.340000 0.950264 -0.455939
v 0.432376 0.932376 -0.432376
v 0.429287 0.933882 -0.433882
v 0.419448 0.938204 -0.438204
v 0.401408 0.944473 -0.444473
v 0.374155 0.950529 -0.450529
v 0.340000 0.953137 -0.453137
v 0.170000 0.953137 -0.453137
v 0.000000 0.953137 -0.453137
v -0.170000 0.953137 -0.453137
v -0.340000 0.953137 -0.453137
v -0.429287 0.933882 -0.433882
v -0.419448 0.938204 -0.438204
v -0.401408 0.944473 -0.444473
v -0.374155 0.950529 -0.450529
v -0.340000 0.953137 -0.453137
v 0.453137 0.160000 0.453137
v 0.455939 0.160000 0.450264
v 0.464390 0.160000 0.440634
v 0.477937 0.160000 0.421077
v 0.492868 0.160000 0.387239
v 0.500000 0.160000 0.340000
v 0.500000 0.160000 0.170000
v 0.500000 0.160000 0.000000
v 0.500000 0.160000 -0.170000
v 0.500000 0.160000 -0.340000
v 0.455939 0.160000 -0.450264
v 0.464390 0.160000 -0.440634
v 0.477937 0.160000 -0.421077
v 0.492868 0.160000 -0.387239
v 0.500000 0.160000 -0.340000
v 0.450529 0.125845 0.450529
v 0.453137 0.125039 0.447600
v 0.460949 0.122625 0.437849
v 0.473288 0.118812 0.418345
v 0.486611 0.114695 0.385305
v 0.492868 0.112761 0.340000
v 0.492868 0.112761 0.170000
v 0.492868 0.112761 0.000000
v 0.492868 0.112761 -0.170000
v 0.492868 0.112761 -0.340000
v 0.453137 0.125039 -0.447600
v 0.460949 0.122625 -0.437849
v 0.473288 0.118812 -0.418345
v 0.486611 0.114695 -0.385305
v 0.492868 0.112761 -0.340000
v 0.444473 0.098592 0.444473
v 0.446667 0.097303 0.441446
v 0.453137 0.093500 0.431530
v 0.463041 0.087678 0.412322
v 0.473288 0.081655 0.381188
v 0.477937 0.078923 0.340000
v 0.477937 0.078923 0.170000
v 0.477937 0.078923 0.000000
v 0.477937 0.078923 -0.170000
v 0.477937 0.078923 -0.340000
v 0.446667 0.097303 -0.441446
v 0.453137 0.093500 -0.431530
v 0.463041 0.087678 -0.412322
v 0.473288 0.081655 -0.381188
v 0.477937 0.078923 -0.340000
v 0.438204 0.080552 0.438204
v 0.440019 0.079083 0.435124
v 0.445295 0.074815 0.425185
v 0.453137 0.068470 0.406500
v 0.460949 0.062151 0.377375
v 0.464390 0.059366 0.340000
v 0.464390 0.059366 0.170000
v 0.464390 0.059366 0.000000
v 0.464390 0.059366 -0.170000
v 0.464390 0.059366 -0.340000
v 0.440019 0.079083 -0.435124
v 0.445295 0.074815 -0.425185
v 0.453137 0.068470 -0.406500
v 0.460949 0.062151 -0.377375
v 0.464390 0.059366 -0.340000
v 0.433882 0.070713 0.433882
v 0.435465 0.069208 0.430792
v 0.440019 0.064876 0.420917
v 0.446667 0.058554 0.402697
v 0.453137 0.052400 0.374961
v 0.455939 0.049736 0.340000
v 0.455939 0.049736 0.170000
v 0.455939 0.049736 0.000000
v 0.455939 0.049736 -0.170000
v 0.455939 0.049736 -0.340000
v 0.435465 0.069208 -0.430792
v 0.440019 0.064876 -0.420917
v 0.446667 0.058554 -0.402697
v 0.453137 0.052400 -0.374961
v 0.455939 0.049736 -0.340000
v 0.453137 0.160000 0.453137
v 0.455939 0.160000 0.450264
v 0.464390 0.160000 0.440634
v 0.477937 0.160000 0.421077
v 0.492868 0.160000 0.387239
v 0.500000 0.160000 0.340000
v 0.500000 0.160000 0.170000
v 0.500000 0.160000 0.000000
v 0.500000 0.160000 -0.170000
v 0.500000 0.160000 -0.340000
v 0.455939 0.160000 -0.450264
v 0.464390 0.160000 -0.440634
v 0.477937 0.160000 -0.421077
v 0.492868 0.160000 -0.387239
v 0.500000 0.160000 -0.340000
v 0.453137 0.330000 0.453137
v 0.455939 0.330000 0.450264
v 0.464390 0.330000 0.440634
v 0.477937 0.330000 0.421077
v 0.492868 0.330000 0.387239
v 0.500000 0.330000 0.340000
v 0.500000 0.330000 0.170000
v 0.500000 0.330000 0.000000
v 0.500000 0.330000 -0.170000
v 0.500000 0.330000 -0.340000
v 0.455939 0.330000 -0.450264
v 0.464390 0.330000 -0.440634
v 0.477937 0.330000 -0.421077
v 0.492868 0.330000 -0.387239
v 0.500000 0.330000 -0.340000
v 0.453137 0.500000 0.453137
v 0.455939 0.500000 0.450264
v 0.464390 0.500000 0.440634
v 0.477937 0.500000 0.421077
v 0.492868 0.500000 0.387239
v 0.500000 0.500000 0.340000
v 0.500000 0.500000 0.170000
v 0.500000 0.500000 0.000000
v 0.500000 0.500000 -0.170000
v 0.500000 0.500000 -0.340000
v 0.455939 0.500000 -0.450264
v 0.464390 0.500000 -0.440634
v 0.477937 0.500000 -0.421077
v 0.492868 0.500000 -0.387239
v 0.500000 0.500000 -0.340000
v 0.453137 0.670000 0.453137
v 0.455939 0.670000 0.450264
v 0.464390 0.670000 0.440634
v 0.477937 0.670000 0.421077
v 0.492868 0.670000 0.387239
v 0.500000 0.670000 0.340000
v 0.500000 0.670000 0.170000
v 0.500000 0.670000 0.000000
v 0.500000 0.670000 -0.170000
v 0.500000 0.670000 -0.340000
v 0.455939 0.670000 -0.450264
v 0.464390 0.670000 -0.440634
v 0.477937 0.670000 -0.421077
v 0.492868 0.670000 -0.387239
v 0.500000 0.670000 -0.340000
v 0.453137 0.840000 0.453137
v 0.455939 0.840000 0.450264
v 0.464390 0.840000 0.440634
v 0.477937 0.840000 0.421077
v 0.492868 0.840000 0.387239
v 0.500000 0.840000 0.340000
v 0.500000 0.840000 0.170000
v 0.500000 0.840000 0.000000
v 0.500000 0.840000 -0.170000
v 0.500000 0.840000 -0.340000
v 0.455939 0.840000 -0.450264
v 0.464390 0.840000 -0.440634
v 0.477937 0.840000 -0.421077
v 0.492868 0.840000 -0.387239
v 0.500000 0.840000 -0.340000
v 0.450529 0.874155 0.450529
v 0.453137 0.874961 0.447600
v 0.460949 0.877375 0.437849
v 0.473288 0.881188 0.418345
v 0.486611 0.885305 0.385305
v 0.492868 0.887239 0.340000
v 0.492868 0.887239 0.170000
v 0.492868 0.887239 0.000000
v 0.492868 0.887239 -0.170000
v 0.492868 0.887239 -0.340000
v 0.453137 0.874961 -0.447600
v 0.460949 0.877375 -0.437849
v 0.473288 0.881188 -0.418345
v 0.486611 0.885305 -0.385305
v 0.492868 0.887239 -0.340000
v 0.444473 0.901408 0.444473
v 0.446667 0.902697 0.441446
v 0.453137 0.906500 0.431530
v 0.463041 0.912322 0.412322
v 0.473288 0.918345 0.381188
v 0.477937 0.921077 0.340000
v 0.477937 0.921077 0.170000
v 0.477937 0.921077 0.000000
v 0.477937 0.921077 -0.170000
v 0.477937 0.921077 -0.340000
v 0.446667 0.902697 -0.441446
v 0.453137 0.906500 -0.431530
v 0.463041 0.912322 -0.412322
v 0.473288 0.918345 -0.381188
v 0.477937 0.921077 -0.340000
v 0.438204 0.919448 0.438204
v 0.440019 0.920917 0.435124
v 0.445295 0.925185 0.425185
v 0.453137 0.931530 0.406500
v 0.460949 0.937849 0.377375
v 0.464390 0.940634 0.340000
v 0.464390 0.940634 0.170000
v 0.464390 0.940634 0.000000
v 0.464390 0.940634 -0.170000
v 0.464390 0.940634 -0.340000
v 0.440019 0.920917 -0.435124
v 0.445295 0.925185 -0.425185
v 0.453137 0.931530 -0.406500
v 0.460949 0.937849 -0.377375
v 0.464390 0.940634 -0.340000
v 0.433882 0.929287 0.433882
v 0.435465 0.930792 0.430792
v 0.440019 0.935124 0.420917
v 0.446667 0.941446 0.402697
v 0.453137 0.947600 0.374961
v 0.455939 0.950264 0.340000
v 0.455939 0.950264 0.170000
v 0.455939 0.950264 0.000000
v 0.455939 0.950264 -0.170000
v 0.455939 0.950264 -0.340000
v 0.435465 0.930792 -0.430792
v 0.440019 0.935124 -0.420917
v 0.446667 0.941446 -0.402697
v 0.453137 0.947600 -0.374961
v 0.455939 0.950264 -0.340000
v 0.432376 0.932376 0.432376
v 0.433882 0.933882 0.429287
v 0.438204 0.938204 0.419448
v 0.444473 0.944473 0.401408
v 0.450529 0.950529 0.374155
v 0.453137 0.953137 0.340000
v 0.453137 0.953137 0.170000
v 0.453137 0.953137 0.000000
v 0.453137 0.953137 -0.170000
v 0.453137 0.953137 -0.340000
v 0.433882 0.933882 -0.429287
v 0.438204 0.938204 -0.419448
v 0.444473 0.944473 -0.401408
v 0.450529 0.950529 -0.374155
v 0.453137 0.953137 -0.340000
v -0.500000 0.160000 -0.340000
v -0.492868 0.160000 -0.387239
v -0.477937 0.160000 -0.421077
v -0.464390 0.160000 -0.440634
v -0.455939 0.160000 -0.450264
v -0.500000 0.160000 -0.340000
v -0.500000 0.160000 -0.170000
v -0.500000 0.160000 0.000000
v -0.500000 0.160000 0.170000
v -0.500000 0.160000 0.340000
v -0.492868 0.160000 0.387239
v -0.477937 0.160000 0.421077
v -0.464390 0.160000 0.440634
v -0.455939 0.160000 0.450264
v -0.453137 0.160000 0.453137
v -0.492868 0.112761 -0.340000
v -0.486611 0.114695 -0.385305
v -0.473288 0.118812 -0.418345
v -0.460949 0.122625 -0.437849
v -0.453137 0.125039 -0.447600
v -0.492868 0.112761 -0.340000
v -0.492868 0.112761 -0.170000
v -0.492868 0.112761 0.000000
v -0.492868 0.112761 0.170000
v -0.492868 0.112761 0.340000
v -0.486611 0.114695 0.385305
v -0.473288 0.118812 0.418345
v -0.460949 0.122625 0.437849
v -0.453137 0.125039 0.447600
v -0.450529 0.125845 0.450529
v -0.477937 0.078923 -0.340000
v -0.473288 0.081655 -0.381188
v -0.463041 0.087678 -0.412322
v -0.453137 0.093500 -0.431530
v -0.446667 0.097303 -0.441446
v -0.477937 0.078923 -0.340000
v -0.477937 0.078923 -0.170000
v -0.477937 0.078923 0.000000
v -0.477937 0.078923 0.170000
v -0.477937 0.078923 0.340000
v -0.473288 0.081655 0.381188
v -0.463041 0.087678 0.412322
v -0.453137 0.093500 0.431530
v -0.446667 0.097303 0.441446
v -0.444473 0.098592 0.444473
v -0.464390 0.059366 -0.340000
v -0.460949 0.062151 -0.377375
v -0.453137 0.068470 -0.406500
v -0.445295 0.074815 -0.425185
v -0.440019 0.079083 -0.435124
v -0.464390 0.059366 -0.340000
v -0.464390 0.059366 -0.170000
v -0.464390 0.059366 0.000000
v -0.464390 0.059366 0.170000
v -0.464390 0.059366 0.340000
v -0.460949 0.062151 0.377375
v -0.453137 0.068470 0.406500
v -0.445295 0.074815 0.425185
v -0.440019 0.079083 0.435124
v -0.438204 0.080552 0.438204
v -0.455939 0.049736 -0.340000
v -0.453137 0.052400 -0.374961
v -0.446667 0.058554 -0.402697
v -0.440019 0.064876 -0.420917
v -0.435465 0.069208 -0.430792
v -0.455939 0.049736 -0.340000
v -0.455939 0.049736 -0.170000
v -0.455939 0.049736 0.000000
v -0.455939 0.049736 0.170000
v -0.455939 0.049736 0.340000
v -0.453137 0.052400 0.374961
v -0.446667 0.058554 0.402697
v -0.440019 0.064876 0.420917
v -0.435465 0.069208 0.430792
v -0.433882 0.070713 0.433882
v -0.500000 0.160000 -0.340000
v -0.492868 0.160000 -0.387239
v -0.477937 0.160000 -0.421077
v -0.464390 0.160000 -0.440634
v -0.455939 0.160000 -0.450264
v -0.500000 0.160000 -0.340000
v -0.500000 0.160000 -0.170000
v -0.500000 0.160000 0.000000
v -0.500000 0.160000 0.170000
v -0.500000 0.160000 0.340000
v -0.492868 0.160000 0.387239
v -0.477937 0.160000 0.421077
v -0.464390 0.160000 0.440634
v -0.455939 0.160000 0.450264
v -0.453137 0.160000 0.453137
v -0.500000 0.330000 -0.340000
v -0.492868 0.330000 -0.387239
v -0.477937 0.330000 -0.421077
v -0.464390 0.330000 -0.440634
v -0.455939 0.330000 -0.450264
v -0.500000 0.330000 -0.340000
v -0.500000 0.330000 -0.170000
v -0.500000 0.330000 0.000000
v -0.500000 0.330000 0.170000
v -0.500000 0.330000 0.340000
v -0.492868 0.330000 0.387239
v -0.477937 0.330000 0.421077
v -0.464390 0.330000 0.440634
v -0.455939 0.330000 0.450264
v -0.453137 0.330000 0.453137
v -0.500000 0.500000 -0.340000
v -0.492868 0.500000 -0.387239
v -0.477937 0.500000 -0.421077
v -0.464390 0.500000 -0.440634
v -0.455939 0.500000 -0.450264
v -0.500000 0.500000 -0.340000
v -0.500000 0.500000 -0.170000
v -0.500000 0.500000 0.000000
v -0.500000 0.500000 0.170000
v -0.500000 0.500000 0.340000
v -0.492868 0.500000 0.387239
v -0.477937 0.500000 0.421077
v -0.464390 0.500000 0.440634
v -0.455939 0.500000 0.450264
v -0.453137 0.500000 0.453137
v -0.500000 0.670000 -0.340000
v -0.492868 0.670000 -0.387239
v -0.477937 0.670000 -0.421077
v -0.464390 0.670000 -0.440634
v -0.455939 0.670000 -0.450264
v -0.500000 0.670000 -0.340000
v -0.500000 0.670000 -0.170000
v -0.500000 0.670000 0.000000
v -0.500000 0.670000 0.170000
v -0.500000 0.670000 0.340000
v -0.492868 0.670000 0.387239
v -0.477937 0.670000 0.421077
v -0.464390 0.670000 0.440634
v -0.455939 0.670000 0.450264
v -0.453137 0.670000 0.453137
v -0.500000 0.840000 -0.340000
v -0.492868 0.840000 -0.387239
v -0.477937 0.840000 -0.421077
v -0.464390 0.840000 -0.440634
v -0.455939 0.840000 -0.450264
v -0.500000 0.840000 -0.340000
v -0.500000 0.840000 -0.170000
v -0.500000 0.840000 0.000000
v -0.500000 0.840000 0.170000
v -0.500000 0.840000 0.340000
v -0.492868 0.840000 0.387239
v -0.477937 0.840000 0.421077
v -0.464390 0.840000 0.440634
v -0.455939 0.840000 0.450264
v -0.453137 0.840000 0.453137
v -0.492868 0.887239 -0.340000
v -0.486611 0.885305 -0.385305
v -0.473288 0.881188 -0.418345
v -0.460949 0.877375 -0.437849
v -0.453137 0.874961 -0.447600
v -0.492868 0.887239 -0.340000
v -0.492868 0.887239 -0.170000
v -0.492868 0.887239 0.000000
v -0.492868 0.887239 0.170000
v -0.492868 0.887239 0.340000
v -0.486611 0.885305 0.385305
v -0.473288 0.881188 0.418345
v -0.460949 0.877375 0.437849
v -0.453137 0.874961 0.447600
v -0.450529 0.874155 0.450529
v -0.477937 0.921077 -0.340000
v -0.473288 0.918345 -0.381188
v -0.463041 0.912322 -0.412322
v -0.453137 0.906500 -0.431530
v -0.446667 0.902697 -0.441446
v -0.477937 0.921077 -0.340000
v -0.477937 0.921077 -0.170000
v -0.477937 0.921077 0.000000
v -0.477937 0.921077 0.170000
v -0.477937 0.921077 0.340000
v -0.473288 0.918345 0.381188
v -0.463041 0.912322 0.412322
v -0.453137 0.906500 0.431530
v -0.446667 0.902697 0.441446
v -0.444473 0.901408 0.444473
v -0.464390 0.940634 -0.340000
v -0.460949 0.937849 -0.377375
v -0.453137 0.931530 -0.406500
v -0.445295 0.925185 -0.425185
v -0.440019 0.920917 -0.435124
v -0.464390 0.940634 -0.340000
v -0.464390 0.940634 -0.170000
v -0.464390 0.940634 0.000000
v -0.464390 0.940634 0.170000
v -0.464390 0.940634 0.340000
v -0.460949 0.937849 0.377375
v -0.453137 0.931530 0.406500
v -0.445295 0.925185 0.425185
v -0.440019 0.920917 0.435124
v -0.438204 0.919448 0.438204
v -0.455939 0.950264 -0.340000
v -0.453137 0.947600 -0.374961
v -0.446667 0.941446 -0.402697
v -0.440019 0.935124 -0.420917
v -0.435465 0.930792 -0.430792
v -0.455939 0.950264 -0.340000
v -0.455939 0.950264 -0.170000
v -0.455939 0.950264 0.000000
v -0.455939 0.950264 0.170000
v -0.455939 0.950264 0.340000
v -0.453137 0.947600 0.374961
v -0.446667 0.941446 0.402697
v -0.440019 0.935124 0.420917
v -0.435465 0.930792 0.430792
v -0.433882 0.929287 0.433882
v -0.453137 0.953137 -0.340000
v -0.450529 0.950529 -0.374155
v -0.444473 0.944473 -0.401408
v -0.438204 0.938204 -0.419448
v -0.433882 0.933882 -0.429287
v -0.453137 0.953137 -0.340000
v -0.453137 0.953137 -0.170000
v -0.453137 0.953137 0.000000
v -0.453137 0.953137 0.170000
v -0.453137 0.953137 0.340000
v -0.450529 0.950529 0.374155
v -0.444473 0.944473 0.401408
v -0.438204 0.938204 0.419448
v -0.433882 0.933882 0.429287
v -0.432376 0.932376 0.432376
v -0.340000 1.000000 -0.340000
v -0.387239 0.992868 -0.340000
v -0.421077 0.977937 -0.340000
v -0.440634 0.964390 -0.340000
v -0.450264 0.955939 -0.340000
v -0.340000 1.000000 -0.340000
v -0.170000 1.000000 -0.340000
v 0.000000 1.000000 -0.340000
v 0.170000 1.000000 -0.340000
v 0.340000 1.000000 -0.340000
v 0.387239 0.992868 -0.340000
v 0.421077 0.977937 -0.340000
v 0.440634 0.964390 -0.340000
v 0.450264 0.955939 -0.340000
v 0.453137 0.953137 -0.340000
v -0.340000 0.992868 -0.387239
v -0.385305 0.986611 -0.385305
v -0.418345 0.973288 -0.381188
v -0.437849 0.960949 -0.377375
v -0.447600 0.953137 -0.374961
v -0.340000 0.992868 -0.387239
v -0.170000 0.992868 -0.387239
v 0.000000 0.992868 -0.387239
v 0.170000 0.992868 -0.387239
v 0.340000 0.992868 -0.387239
v 0.385305 0.986611 -0.385305
v 0.418345 0.973288 -0.381188
v 0.437849 0.960949 -0.377375
v 0.447600 0.953137 -0.374961
v 0.450529 0.950529 -0.374155
v -0.340000 0.977937 -0.421077
v -0.381188 0.973288 -0.418345
v -0.412322 0.963041 -0.412322
v -0.431530 0.953137 -0.406500
v -0.441446 0.946667 -0.402697
v -0.340000 0.977937 -0.421077
v -0.170000 0.977937 -0.421077
v 0.000000 0.977937 -0.421077
v 0.170000 0.977937 -0.421077
v 0.340000 0.977937 -0.421077
v 0.381188 0.973288 -0.418345
v 0.412322 0.963041 -0.412322
v 0.431530 0.953137 -0.406500
v 0.441446 0.946667 -0.402697
v 0.444473 0.944473 -0.401408
v -0.340000 0.964390 -0.440634
v -0.377375 0.960949 -0.437849
v -0.406500 0.953137 -0.431530
v -0.425185 0.945295 -0.425185
v -0.435124 0.940019 -0.420917
v -0.340000 0.964390 -0.440634
v -0.170000 0.964390 -0.440634
v 0.000000 0.964390 -0.440634
v 0.170000 0.964390 -0.440634
v 0.340000 0.964390 -0.440634
v 0.377375 0.960949 -0.437849
v 0.406500 0.953137 -0.431530
v 0.425185 0.945295 -0.425185
v 0.435124 0.940019 -0.420917
v 0.438204 0.938204 -0.419448
v -0.340000 0.955939 -0.450264
v -0.374961 0.953137 -0.447600
v -0.402697 0.946667 -0.441446
v -0.420917 0.940019 -0.435124
v -0.430792 0.935465 -0.430792
v -0.340000 0.955939 -0.450264
v -0.170000 0.955939 -0.450264
v 0.000000 0.955939 -0.450264
v 0.170000 0.955939 -0.450264
v 0.340000 0.955939 -0.450264
v 0.374961 0.953137 -0.447600
v 0.402697 0.946667 -0.441446
v 0.420917 0.940019 -0.435124
v 0.430792 0.935465 -0.430792
v 0.433882 0.933882 -0.429287
v -0.340000 1.000000 -0.340000
v -0.387239 0.992868 -0.340000
v -0.421077 0.977937 -0.340000
v -0.440634 0.964390 -0.340000
v -0.450264 0.955939 -0.340000
v -0.340000 1.000000 -0.340000
v -0.170000 1.000000 -0.340000
v 0.000000 1.000000 -0.340000
v 0.170000 1.000000 -0.340000
v 0.340000 1.000000 -0.340000
v 0.387239 0.992868 -0.340000
v 0.421077 0.977937 -0.340000
v 0.440634 0.964390 -0.340000
v 0.450264 0.955939 -0.340000
v 0.453137 0.953137 -0.340000
v -0.340000 1.000000 -0.170000
v -0.387239 0.992868 -0.170000
v -0.421077 0.977937 -0.170000
v -0.440634 0.964390 -0.170000
v -0.450264 0.955939 -0.170000
v -0.340000 1.000000 -0.170000
v -0.170000 1.000000 -0.170000
v 0.000000 1.000000 -0.170000
v 0.170000 1.000000 -0.170000
v 0.340000 1.000000 -0.170000
v 0.387239 0.992868 -0.170000
v 0.421077 0.977937 -0.170000
v 0.440634 0.964390 -0.170000
v 0.450264 0.955939 -0.170000
v 0.453137 0.953137 -0.170000
v -0.340000 1.000000 0.000000
v -0.387239 0.992868 0.000000
v -0.421077 0.977937 0.000000
v -0.440634 0.964390 0.000000
v -0.450264 0.955939 0.000000
v -0.340000 1.000000 0.000000
v -0.170000 1.000000 0.000000
v 0.000000 1.000000 0.000000
v 0.170000 1.000000 0.000000
v 0.340000 1.000000 0.000000
v 0.387239 0.992868 0.000000
v 0.421077 0.977937 0.000000
v 0.440634 0.964390 0.000000
v 0.450264 0.955939 0.000000
v 0.453137 0.953137 0.000000
v -0.340000 1.000000 0.170000
v -0.387239 0.992868 0.170000
v -0.421077 0.977937 0.170000
v -0.440634 0.964390 0.170000
v -0.450264 0.955939 0.170000
v -0.340000 1.000000 0.170000
v -0.170000 1.000000 0.170000
v 0.000000 1.000000 0.170000
v 0.170000 1.000000 0.170000
v 0.340000 1.000000 0.170000
v 0.387239 0.992868 0.170000
v 0.421077 0.977937 0.170000
v 0.440634 0.964390 0.170000
v 0.450264 0.955939 0.170000
v 0.453137 0.953137 0.170000
v -0.340000 1.000000 0.340000
v -0.387239 0.992868 0.340000
v -0.421077 0.977937 0.340000
v -0.440634 0.964390 0.340000
v -0.450264 0.955939 0.340000
v -0.340000 1.000000 0.340000
v -0.170000 1.000000 0.340000
v 0.000000 1.000000 0.340000
v 0.170000 1.000000 0.340000
v 0.340000 1.000000 0.340000
v 0.387239 0.992868 0.340000
v 0.421077 0.977937 0.340000
v 0.440634 0.964390 0.340000
v 0.450264 0.955939 0.340000
v 0.453137 0.953137 0.340000
v -0.340000 0.992868 0.387239
v -0.385305 0.986611 0.385305
v -0.418345 0.973288 0.381188
v -0.437849 0.960949 0.377375
v -0.447600 0.953137 0.374961
v -0.340000 0.992868 0.387239
v -0.170000 0.992868 0.387239
v 0.000000 0.992868 0.387239
v 0.170000 0.992868 0.387239
v 0.340000 0.992868 0.387239
v 0.385305 0.986611 0.385305
v 0.418345 0.973288 0.381188
v 0.437849 0.960949 0.377375
v 0.447600 0.953137 0.374961
v 0.450529 0.950529 0.374155
v -0.340000 0.977937 0.421077
v -0.381188 0.973288 0.418345
v -0.412322 0.963041 0.412322
v -0.431530 0.953137 0.406500
v -0.441446 0.946667 0.402697
v -0.340000 0.977937 0.421077
v -0.170000 0.977937 0.421077
v 0.000000 0.977937 0.421077
v 0.170000 0.977937 0.421077
v 0.340000 0.977937 0.421077
v 0.381188 0.973288 0.418345
v 0.412322 0.963041 0.412322
v 0.431530 0.953137 0.406500
v 0.441446 0.946667 0.402697
v 0.444473 0.944473 0.401408
v -0.340000 0.964390 0.440634
v -0.377375 0.960949 0.437849
v -0.406500 0.953137 0.431530
v -0.425185 0.945295 0.425185
v -0.435124 0.940019 0.420917
v -0.340000 0.964390 0.440634
v -0.170000 0.964390 0.440634
v 0.000000 0.964390 0.440634
v 0.170000 0.964390 0.440634
v 0.340000 0.964390 0.440634
v 0.377375 0.960949 0.437849
v 0.406500 0.953137 0.431530
v 0.425185 0.945295 0.425185
v 0.435124 0.940019 0.420917
v 0.438204 0.938204 0.419448
v -0.340000 0.955939 0.450264
v -0.374961 0.953137 0.447600
v -0.402697 0.946667 0.441446
v -0.420917 0.940019 0.435124
v -0.430792 0.935465 0.430792
v -0.340000 0.955939 0.450264
v -0.170000 0.955939 0.450264
v 0.000000 0.955939 0.450264
v 0.170000 0.955939 0.450264
v 0.340000 0.955939 0.450264
v 0.374961 0.953137 0.447600
v 0.402697 0.946667 0.441446
v 0.420917 0.940019 0.435124
v 0.430792 0.935465 0.430792
v 0.433882 0.933882 0.429287
v -0.340000 0.953137 0.453137
v -0.374155 0.950529 0.450529
v -0.401408 0.944473 0.444473
v -0.419448 0.938204 0.438204
v -0.429287 0.933882 0.433882
v -0.340000 0.953137 0.453137
v -0.170000 0.953137 0.453137
v 0.000000 0.953137 0.453137
v 0.170000 0.953137 0.453137
v 0.340000 0.953137 0.453137
v 0.374155 0.950529 0.450529
v 0.401408 0.944473 0.444473
v 0.419448 0.938204 0.438204
v 0.429287 0.933882 0.433882
v 0.432376 0.932376 0.432376
v -0.340000 0.000000 -0.340000
v -0.387239 0.007132 -0.340000
v -0.421077 0.022063 -0.340000
v -0.440634 0.035610 -0.340000
v -0.450264 0.044061 -0.340000
v -0.340000 0.000000 -0.340000
v -0.170000 0.000000 -0.340000
v 0.000000 0.000000 -0.340000
v 0.170000 0.000000 -0.340000
v 0.340000 0.000000 -0.340000
v 0.387239 0.007132 -0.340000
v 0.421077 0.022063 -0.340000
v 0.440634 0.035610 -0.340000
v 0.450264 0.044061 -0.340000
v 0.453137 0.046863 -0.340000
v -0.340000 0.007132 -0.387239
v -0.385305 0.013389 -0.385305
v -0.418345 0.026712 -0.381188
v -0.437849 0.039051 -0.377375
v -0.447600 0.046863 -0.374961
v -0.340000 0.007132 -0.387239
v -0.170000 0.007132 -0.387239
v 0.000000 0.007132 -0.387239
v 0.170000 0.007132 -0.387239
v 0.340000 0.007132 -0.387239
v 0.385305 0.013389 -0.385305
v 0.418345 0.026712 -0.381188
v 0.437849 0.039051 -0.377375
v 0.447600 0.046863 -0.374961
v 0.450529 0.049471 -0.374155
v -0.340000 0.022063 -0.421077
v -0.381188 0.026712 -0.418345
v -0.412322 0.036959 -0.412322
v -0.431530 0.046863 -0.406500
v -0.441446 0.053333 -0.402697
v -0.340000 0.022063 -0.421077
v -0.170000 0.022063 -0.421077
v 0.000000 0.022063 -0.421077
v 0.170000 0.022063 -0.421077
v 0.340000 0.022063 -0.421077
v 0.381188 0.026712 -0.418345
v 0.412322 0.036959 -0.412322
v 0.431530 0.046863 -0.406500
v 0.441446 0.053333 -0.402697
v 0.444473 0.055527 -0.401408
v -0.340000 0.035610 -0.440634
v -0.377375 0.039051 -0.437849
v -0.406500 0.046863 -0.431530
v -0.425185 0.054705 -0.425185
v -0.435124 0.059981 -0.420917
v -0.340000 0.035610 -0.440634
v -0.170000 0.035610 -0.440634
v 0.000000 0.035610 -0.440634
v 0.170000 0.035610 -0.440634
v 0.340000 0.035610 -0.440634
v 0.377375 0.039051 -0.437849
v 0.406500 0.046863 -0.431530
v 0.425185 0.054705 -0.425185
v 0.435124 0.059981 -0.420917
v 0.438204 0.061796 -0.419448
v -0.340000 0.044061 -0.450264
v -0.374961 0.046863 -0.447600
v -0.402697 0.053333 -0.441446
v -0.420917 0.059981 -0.435124
v -0.430792 0.064535 -0.430792
v -0.340000 0.044061 -0.450264
v -0.170000 0.044061 -0.450264
v 0.000000 0.044061 -0.450264
v 0.170000 0.044061 -0.450264
v 0.340000 0.044061 -0.450264
v 0.374961 0.046863 -0.447600
v 0.402697 0.053333 -0.441446
v 0.420917 0.059981 -0.435124
v 0.430792 0.064535 -0.430792
v 0.433882 0.066118 -0.429287
v -0.340000 0.000000 -0.340000
v -0.387239 0.007132 -0.340000
v -0.421077 0.022063 -0.340000
v -0.440634 0.035610 -0.340000
v -0.450264 0.044061 -0.340000
v -0.340000 0.000000 -0.340000
v -0.170000 0.000000 -0.340000
v 0.000000 0.000000 -0.340000
v 0.170000 0.000000 -0.340000
v 0.340000 0.000000 -0.340000
v 0.387239 0.007132 -0.340000
v 0.421077 0.022063 -0.340000
v 0.440634 0.035610 -0.340000
v 0.450264 0.044061 -0.340000
v 0.453137 0.046863 -0.340000
v -0.340000 0.000000 -0.170000
v -0.387239 0.007132 -0.170000
v -0.421077 0.022063 -0.170000
v -0.440634 0.035610 -0.170000
v -0.450264 0.044061 -0.170000
v -0.340000 0.000000 -0.170000
v -0.170000 0.000000 -0.170000
v 0.000000 0.000000 -0.170000
v 0.170000 0.000000 -0.170000
v 0.340000 0.000000 -0.170000
v 0.387239 0.007132 -0.170000
v 0.421077 0.022063 -0.170000
v 0.440634 0.035610 -0.170000
v 0.450264 0.044061 -0.170000
v 0.453137 0.046863 -0.170000
v -0.340000 0.000000 0.000000
v -0.387239 0.007132 0.000000
v -0.421077 0.022063 0.000000
v -0.440634 0.035610 0.000000
v -0.450264 0.044061 0.000000
v -0.340000 0.000000 0.000000
v -0.170000 0.000000 0.000000
v 0.000000 0.000000 0.000000
v 0.170000 0.000000 0.000000
v 0.340000 0.000000 0.000000
v 0.387239 0.007132 0.000000
v 0.421077 0.022063 0.000000
v 0.440634 0.035610 0.000000
v 0.450264 0.044061 0.000000
v 0.453137 0.046863 0.000000
v -0.340000 0.000000 0.170000
v -0.387239 0.007132 0.170000
v -0.421077 0.022063 0.170000
v -0.440634 0.035610 0.170000
v -0.450264 0.044061 0.170000
v -0.340000 0.000000 0.170000
v -0.170000 0.000000 0.170000
v 0.000000 0.000000 0.170000
v 0.170000 0.000000 0.170000
v 0.340000 0.000000 0.170000
v 0.387239 0.007132 0.170000
v 0.421077 0.022063 0.170000
v 0.440634 0.035610 0.170000
v 0.450264 0.044061 0.170000
v 0.453137 0.046863 0.170000
v -0.340000 0.000000 0.340000
v -0.387239 0.007132 0.340000
v -0.421077 0.022063 0.340000
v -0.440634 0.035610 0.340000
v -0.450264 0.044061 0.340000
v -0.340000 0.000000 0.340000
v -0.170000 0.000000 0.340000
v 0.000000 0.000000 0.340000
v 0.170000 0.000000 0.340000
v 0.340000 0.000000 0.340000
v 0.387239 0.007132 0.340000
v 0.421077 0.022063 0.340000
v 0.440634 0.035610 0.340000
v 0.450264 0.044061 0.340000
v 0.453137 0.046863 0.340000
v -0.340000 0.007132 0.387239
v -0.385305 0.013389 0.385305
v -0.418345 0.026712 0.381188
v -0.437849 0.039051 0.377375
v -0.447600 0.046863 0.374961
v -0.340000 0.007132 0.387239
v -0.170000 0.007132 0.387239
v 0.000000 0.007132 0.387239
v 0.170000 0.007132 0.387239
v 0.340000 0.007132 0.387239
v 0.385305 0.013389 0.385305
v 0.418345 0.026712 0.381188
v 0.437849 0.039051 0.377375
v 0.447600 0.046863 0.374961
v 0.450529 0.049471 0.374155
v -0.340000 0.022063 0.421077
v -0.381188 0.026712 0.418345
v -0.412322 0.036959 0.412322
v -0.431530 0.046863 0.406500
v -0.441446 0.053333 0.402697
v -0.340000 0.022063 0.421077
v -0.170000 0.022063 0.421077
v 0.000000 0.022063 0.421077
v 0.170000 0.022063 0.421077
v 0.340000 0.022063 0.421077
v 0.381188 0.026712 0.418345
v 0.412322 0.036959 0.412322
v 0.431530 0.046863 0.406500
v 0.441446 0.053333 0.402697
v 0.444473 0.055527 0.401408
v -0.340000 0.035610 0.440634
v -0.377375 0.039051 0.437849
v -0.406500 0.046863 0.431530
v -0.425185 0.054705 0.425185
v -0.435124 0.059981 0.420917
v -0.340000 0.035610 0.440634
v -0.170000 0.035610 0.440634
v 0.000000 0.035610 0.440634
v 0.170000 0.035610 0.440634
v 0.340000 0.035610 0.440634
v 0.377375 0.039051 0.437849
v 0.406500 0.046863 0.431530
v 0.425185 0.054705 0.425185
v 0.435124 0.059981 0.420917
v 0.438204 0.061796 0.419448
v -0.340000 0.044061 0.450264
v -0.374961 0.046863 0.447600
v -0.402697 0.053333 0.441446
v -0.420917 0.059981 0.435124
v -0.430792 0.064535 0.430792
v -0.340000 0.044061 0.450264
v -0.170000 0.044061 0.450264
v 0.000000 0.044061 0.450264
v 0.170000 0.044061 0.450264
v 0.340000 0.044061 0.450264
v 0.374961 0.046863 0.447600
v 0.402697 0.053333 0.441446
v 0.420917 0.059981 0.435124
v 0.430792 0.064535 0.430792
v 0.433882 0.066118 0.429287
v -0.340000 0.046863 0.453137
v -0.374155 0.049471 0.450529
v -0.401408 0.055527 0.444473
v -0.419448 0.061796 0.438204
v -0.429287 0.066118 0.433882
v -0.340000 0.046863 0.453137
v -0.170000 0.046863 0.453137
v 0.000000 0.046863 0.453137
v 0.170000 0.046863 0.453137
v 0.340000 0.046863 0.453137
v 0.374155 0.049471 0.450529
v 0.401408 0.055527 0.444473
v 0.419448 0.061796 0.438204
v 0.429287 0.066118 0.433882
v 0.432376 0.067624 0.432376
v 0.290000 1.002000 0.180000
v 0.290000 1.095000 0.180000
v 0.261000 1.120000 0.162000
v 0.287886 1.002000 0.201460
v 0.287886 1.095000 0.201460
v 0.259098 1.120000 0.181314
v 0.281627 1.002000 0.222095
v 0.281627 1.095000 0.222095
v 0.253464 1.120000 0.199886
v 0.271462 1.002000 0.241113
v 0.271462 1.095000 0.241113
v 0.244315 1.120000 0.217001
v 0.257782 1.002000 0.257782
v 0.257782 1.095000 0.257782
v 0.232004 1.120000 0.232004
v 0.241113 1.002000 0.271462
v 0.241113 1.095000 0.271462
v 0.217001 1.120000 0.244315
v 0.222095 1.002000 0.281627
v 0.222095 1.095000 0.281627
v 0.199886 1.120000 0.253464
v 0.201460 1.002000 0.287886
v 0.201460 1.095000 0.287886
v 0.181314 1.120000 0.259098
v -0.180000 1.002000 0.290000
v -0.180000 1.095000 0.290000
v -0.162000 1.120000 0.261000
v -0.201460 1.002000 0.287886
v -0.201460 1.095000 0.287886
v -0.181314 1.120000 0.259098
v -0.222095 1.002000 0.281627
v -0.222095 1.095000 0.281627
v -0.199886 1.120000 0.253464
v -0.241113 1.002000 0.271462
v -0.241113 1.095000 0.271462
v -0.217001 1.120000 0.244315
v -0.257782 1.002000 0.257782
v -0.257782 1.095000 0.257782
v -0.232004 1.120000 0.232004
v -0.271462 1.002000 0.241113
v -0.271462 1.095000 0.241113
v -0.244315 1.120000 0.217001
v -0.281627 1.002000 0.222095
v -0.281627 1.095000 0.222095
v -0.253464 1.120000 0.199886
v -0.287886 1.002000 0.201460
v -0.287886 1.095000 0.201460
v -0.259098 1.120000 0.181314
v -0.290000 1.002000 -0.180000
v -0.290000 1.095000 -0.180000
v -0.261000 1.120000 -0.162000
v -0.287886 1.002000 -0.201460
v -0.287886 1.095000 -0.201460
v -0.259098 1.120000 -0.181314
v -0.281627 1.002000 -0.222095
v -0.281627 1.095000 -0.222095
v -0.253464 1.120000 -0.199886
v -0.271462 1.002000 -0.241113
v -0.271462 1.095000 -0.241113
v -0.244315 1.120000 -0.217001
v -0.257782 1.002000 -0.257782
v -0.257782 1.095000 -0.257782
v -0.232004 1.120000 -0.232004
v -0.241113 1.002000 -0.271462
v -0.241113 1.095000 -0.271462
v -0.217001 1.120000 -0.244315
v -0.222095 1.002000 -0.281627
v -0.222095 1.095000 -0.281627
v -0.199886 1.120000 -0.253464
v -0.201460 1.002000 -0.287886
v -0.201460 1.095000 -0.287886
v -0.181314 1.120000 -0.259098
v 0.180000 1.002000 -0.290000
v 0.180000 1.095000 -0.290000
v 0.162000 1.120000 -0.261000
v 0.201460 1.002000 -0.287886
v 0.201460 1.095000 -0.287886
v 0.181314 1.120000 -0.259098
v 0.222095 1.002000 -0.281627
v 0.222095 1.095000 -0.281627
v 0.199886 1.120000 -0.253464
v 0.241113 1.002000 -0.271462
v 0.241113 1.095000 -0.271462
v 0.217001 1.120000 -0.244315
v 0.257782 1.002000 -0.257782
v 0.257782 1.095000 -0.257782
v 0.232004 1.120000 -0.232004
v 0.271462 1.002000 -0.241113
v 0.271462 1.095000 -0.241113
v 0.244315 1.120000 -0.217001
v 0.281627 1.002000 -0.222095
v 0.281627 1.095000 -0.222095
v 0.253464 1.120000 -0.199886
v 0.287886 1.002000 -0.201460
v 0.287886 1.095000 -0.201460
v 0.259098 1.120000 -0.181314
v 0.000000 1.128000 0.000000
v 0.180000 0.670000 0.520000
v 0.169500 0.668500 0.546000
v 0.110000 0.660000 0.530000
v 0.171190 0.725623 0.520000
v 0.161204 0.720878 0.546000
v 0.104616 0.693992 0.530000
v 0.145623 0.775801 0.520000
v 0.137128 0.768130 0.546000
v 0.088992 0.724656 0.530000
v 0.105801 0.815623 0.520000
v 0.099630 0.805628 0.546000
v 0.064656 0.748992 0.530000
v 0.055623 0.841190 0.520000
v 0.052378 0.829704 0.546000
v 0.033992 0.764616 0.530000
v 0.000000 0.850000 0.520000
v 0.000000 0.838000 0.546000
v 0.000000 0.770000 0.530000
v -0.055623 0.841190 0.520000
v -0.052378 0.829704 0.546000
v -0.033992 0.764616 0.530000
v -0.105801 0.815623 0.520000
v -0.099630 0.805628 0.546000
v -0.064656 0.748992 0.530000
v -0.145623 0.775801 0.520000
v -0.137128 0.768130 0.546000
v -0.088992 0.724656 0.530000
v -0.171190 0.725623 0.520000
v -0.161204 0.720878 0.546000
v -0.104616 0.693992 0.530000
v -0.180000 0.330000 0.520000
v -0.169500 0.331500 0.546000
v -0.110000 0.340000 0.530000
v -0.171190 0.274377 0.520000
v -0.161204 0.279122 0.546000
v -0.104616 0.306008 0.530000
v -0.145623 0.224199 0.520000
v -0.137128 0.231870 0.546000
v -0.088992 0.275344 0.530000
v -0.105801 0.184377 0.520000
v -0.099630 0.194372 0.546000
v -0.064656 0.251008 0.530000
v -0.055623 0.158810 0.520000
v -0.052378 0.170296 0.546000
v -0.033992 0.235384 0.530000
v -0.000000 0.150000 0.520000
v -0.000000 0.162000 0.546000
v -0.000000 0.230000 0.530000
v 0.055623 0.158810 0.520000
v 0.052378 0.170296 0.546000
v 0.033992 0.235384 0.530000
v 0.105801 0.184377 0.520000
v 0.099630 0.194372 0.546000
v 0.064656 0.251008 0.530000
v 0.145623 0.224199 0.520000
v 0.137128 0.231870 0.546000
v 0.088992 0.275344 0.530000
v 0.171190 0.274377 0.520000
v 0.161204 0.279122 0.546000
v 0.104616 0.306008 0.530000
v 0.100000 0.660000 0.534000
v 0.075000 0.620000 0.554000
v 0.095106 0.690902 0.534000
v 0.071329 0.643176 0.554000
v 0.080902 0.718779 0.534000
v 0.060676 0.664084 0.554000
v 0.058779 0.740902 0.534000
v 0.044084 0.680676 0.554000
v 0.030902 0.755106 0.534000
v 0.023176 0.691329 0.554000
v 0.000000 0.760000 0.534000
v 0.000000 0.695000 0.554000
v -0.030902 0.755106 0.534000
v -0.023176 0.691329 0.554000
v -0.058779 0.740902 0.534000
v -0.044084 0.680676 0.554000
v -0.080902 0.718779 0.534000
v -0.060676 0.664084 0.554000
v -0.095106 0.690902 0.534000
v -0.071329 0.643176 0.554000
v -0.100000 0.340000 0.534000
v -0.075000 0.380000 0.554000
v -0.095106 0.309098 0.534000
v -0.071329 0.356824 0.554000
v -0.080902 0.281221 0.534000
v -0.060676 0.335916 0.554000
v -0.058779 0.259098 0.534000
v -0.044084 0.319324 0.554000
v -0.030902 0.244894 0.534000
v -0.023176 0.308671 0.554000
v -0.000000 0.240000 0.534000
v -0.000000 0.305000 0.554000
v 0.030902 0.244894 0.534000
v 0.023176 0.308671 0.554000
v 0.058779 0.259098 0.534000
v 0.044084 0.319324 0.554000
v 0.080902 0.281221 0.534000
v 0.060676 0.335916 0.554000
v 0.095106 0.309098 0.534000
v 0.071329 0.356824 0.554000
v 0.000000 0.500000 0.562000
v -0.180000 0.670000 -0.520000
v -0.169500 0.668500 -0.546000
v -0.110000 0.660000 -0.530000
v -0.171190 0.725623 -0.520000
v -0.161204 0.720878 -0.546000
v -0.104616 0.693992 -0.530000
v -0.145623 0.775801 -0.520000
v -0.137128 0.768130 -0.546000
v -0.088992 0.724656 -0.530000
v -0.105801 0.815623 -0.520000
v -0.099630 0.805628 -0.546000
v -0.064656 0.748992 -0.530000
v -0.055623 0.841190 -0.520000
v -0.052378 0.829704 -0.546000
v -0.033992 0.764616 -0.530000
v -0.000000 0.850000 -0.520000
v -0.000000 0.838000 -0.546000
v -0.000000 0.770000 -0.530000
v 0.055623 0.841190 -0.520000
v 0.052378 0.829704 -0.546000
v 0.033992 0.764616 -0.530000
v 0.105801 0.815623 -0.520000
v 0.099630 0.805628 -0.546000
v 0.064656 0.748992 -0.530000
v 0.145623 0.775801 -0.520000
v 0.137128 0.768130 -0.546000
v 0.088992 0.724656 -0.530000
v 0.171190 0.725623 -0.520000
v 0.161204 0.720878 -0.546000
v 0.104616 0.693992 -0.530000
v 0.180000 0.330000 -0.520000
v 0.169500 0.331500 -0.546000
v 0.110000 0.340000 -0.530000
v 0.171190 0.274377 -0.520000
v 0.161204 0.279122 -0.546000
v 0.104616 0.306008 -0.530000
v 0.145623 0.224199 -0.520000
v 0.137128 0.231870 -0.546000
v 0.088992 0.275344 -0.530000
v 0.105801 0.184377 -0.520000
v 0.099630 0.194372 -0.546000
v 0.064656 0.251008 -0.530000
v 0.055623 0.158810 -0.520000
v 0.052378 0.170296 -0.546000
v 0.033992 0.235384 -0.530000
v 0.000000 0.150000 -0.520000
v 0.000000 0.162000 -0.546000
v 0.000000 0.230000 -0.530000
v -0.055623 0.158810 -0.520000
v -0.052378 0.170296 -0.546000
v -0.033992 0.235384 -0.530000
v -0.105801 0.184377 -0.520000
v -0.099630 0.194372 -0.546000
v -0.064656 0.251008 -0.530000
v -0.145623 0.224199 -0.520000
v -0.137128 0.231870 -0.546000
v -0.088992 0.275344 -0.530000
v -0.171190 0.274377 -0.520000
v -0.161204 0.279122 -0.546000
v -0.104616 0.306008 -0.530000
v -0.100000 0.660000 -0.534000
v -0.075000 0.620000 -0.554000
v -0.095106 0.690902 -0.534000
v -0.071329 0.643176 -0.554000
v -0.080902 0.718779 -0.534000
v -0.060676 0.664084 -0.554000
v -0.058779 0.740902 -0.534000
v -0.044084 0.680676 -0.554000
v -0.030902 0.755106 -0.534000
v -0.023176 0.691329 -0.554000
v -0.000000 0.760000 -0.534000
v -0.000000 0.695000 -0.554000
v 0.030902 0.755106 -0.534000
v 0.023176 0.691329 -0.554000
v 0.058779 0.740902 -0.534000
v 0.044084 0.680676 -0.554000
v 0.080902 0.718779 -0.534000
v 0.060676 0.664084 -0.554000
v 0.095106 0.690902 -0.534000
v 0.071329 0.643176 -0.554000
v 0.100000 0.340000 -0.534000
v 0.075000 0.380000 -0.554000
v 0.095106 0.309098 -0.534000
v 0.071329 0.356824 -0.554000
v 0.080902 0.281221 -0.534000
v 0.060676 0.335916 -0.554000
v 0.058779 0.259098 -0.534000
v 0.044084 0.319324 -0.554000
v 0.030902 0.244894 -0.534000
v 0.023176 0.308671 -0.554000
v 0.000000 0.240000 -0.534000
v 0.000000 0.305000 -0.554000
v -0.030902 0.244894 -0.534000
v -0.023176 0.308671 -0.554000
v -0.058779 0.259098 -0.534000
v -0.044084 0.319324 -0.554000
v -0.080902 0.281221 -0.534000
v -0.060676 0.335916 -0.554000
v -0.095106 0.309098 -0.534000
v -0.071329 0.356824 -0.554000
v 0.000000 0.500000 -0.562000
v 0.520000 0.670000 -0.180000
v 0.546000 0.668500 -0.169500
v 0.530000 0.660000 -0.110000
v 0.520000 0.725623 -0.171190
v 0.546000 0.720878 -0.161204
v 0.530000 0.693992 -0.104616
v 0.520000 0.775801 -0.145623
v 0.546000 0.768130 -0.137128
v 0.530000 0.724656 -0.088992
v 0.520000 0.815623 -0.105801
v 0.546000 0.805628 -0.099630
v 0.530000 0.748992 -0.064656
v 0.520000 0.841190 -0.055623
v 0.546000 0.829704 -0.052378
v 0.530000 0.764616 -0.033992
v 0.520000 0.850000 -0.000000
v 0.546000 0.838000 -0.000000
v 0.530000 0.770000 -0.000000
v 0.520000 0.841190 0.055623
v 0.546000 0.829704 0.052378
v 0.530000 0.764616 0.033992
v 0.520000 0.815623 0.105801
v 0.546000 0.805628 0.099630
v 0.530000 0.748992 0.064656
v 0.520000 0.775801 0.145623
v 0.546000 0.768130 0.137128
v 0.530000 0.724656 0.088992
v 0.520000 0.725623 0.171190
v 0.546000 0.720878 0.161204
v 0.530000 0.693992 0.104616
v 0.520000 0.330000 0.180000
v 0.546000 0.331500 0.169500
v 0.530000 0.340000 0.110000
v 0.520000 0.274377 0.171190
v 0.546000 0.279122 0.161204
v 0.530000 0.306008 0.104616
v 0.520000 0.224199 0.145623
v 0.546000 0.231870 0.137128
v 0.530000 0.275344 0.088992
v 0.520000 0.184377 0.105801
v 0.546000 0.194372 0.099630
v 0.530000 0.251008 0.064656
v 0.520000 0.158810 0.055623
v 0.546000 0.170296 0.052378
v 0.530000 0.235384 0.033992
v 0.520000 0.150000 0.000000
v 0.546000 0.162000 0.000000
v 0.530000 0.230000 0.000000
v 0.520000 0.158810 -0.055623
v 0.546000 0.170296 -0.052378
v 0.530000 0.235384 -0.033992
v 0.520000 0.184377 -0.105801
v 0.546000 0.194372 -0.099630
v 0.530000 0.251008 -0.064656
v 0.520000 0.224199 -0.145623
v 0.546000 0.231870 -0.137128
v 0.530000 0.275344 -0.088992
v 0.520000 0.274377 -0.171190
v 0.546000 0.279122 -0.161204
v 0.530000 0.306008 -0.104616
v 0.534000 0.660000 -0.100000
v 0.554000 0.620000 -0.075000
v 0.534000 0.690902 -0.095106
v 0.554000 0.643176 -0.071329
v 0.534000 0.718779 -0.080902
v 0.554000 0.664084 -0.060676
v 0.534000 0.740902 -0.058779
v 0.554000 0.680676 -0.044084
v 0.534000 0.755106 -0.030902
v 0.554000 0.691329 -0.023176
v 0.534000 0.760000 -0.000000
v 0.554000 0.695000 -0.000000
v 0.534000 0.755106 0.030902
v 0.554000 0.691329 0.023176
v 0.534000 0.740902 0.058779
v 0.554000 0.680676 0.044084
v 0.534000 0.718779 0.080902
v 0.554000 0.664084 0.060676
v 0.534000 0.690902 0.095106
v 0.554000 0.643176 0.071329
v 0.534000 0.340000 0.100000
v 0.554000 0.380000 0.075000
v 0.534000 0.309098 0.095106
v 0.554000 0.356824 0.071329
v 0.534000 0.281221 0.080902
v 0.554000 0.335916 0.060676
v 0.534000 0.259098 0.058779
v 0.554000 0.319324 0.044084
v 0.534000 0.244894 0.030902
v 0.554000 0.308671 0.023176
v 0.534000 0.240000 0.000000
v 0.554000 0.305000 0.000000
v 0.534000 0.244894 -0.030902
v 0.554000 0.308671 -0.023176
v 0.534000 0.259098 -0.058779
v 0.554000 0.319324 -0.044084
v 0.534000 0.281221 -0.080902
v 0.554000 0.335916 -0.060676
v 0.534000 0.309098 -0.095106
v 0.554000 0.356824 -0.071329
v 0.562000 0.500000 0.000000
v -0.520000 0.670000 0.180000
v -0.546000 0.668500 0.169500
v -0.530000 0.660000 0.110000
v -0.520000 0.725623 0.171190
v -0.546000 0.720878 0.161204
v -0.530000 0.693992 0.104616
v -0.520000 0.775801 0.145623
v -0.546000 0.768130 0.137128
v -0.530000 0.724656 0.088992
v -0.520000 0.815623 0.105801
v -0.546000 0.805628 0.099630
v -0.530000 0.748992 0.064656
v -0.520000 0.841190 0.055623
v -0.546000 0.829704 0.052378
v -0.530000 0.764616 0.033992
v -0.520000 0.850000 0.000000
v -0.546000 0.838000 0.000000
v -0.530000 0.770000 0.000000
v -0.520000 0.841190 -0.055623
v -0.546000 0.829704 -0.052378
v -0.530000 0.764616 -0.033992
v -0.520000 0.815623 -0.105801
v -0.546000 0.805628 -0.099630
v -0.530000 0.748992 -0.064656
v -0.520000 0.775801 -0.145623
v -0.546000 0.768130 -0.137128
v -0.530000 0.724656 -0.088992
v -0.520000 0.725623 -0.171190
v -0.546000 0.720878 -0.161204
v -0.530000 0.693992 -0.104616
v -0.520000 0.330000 -0.180000
v -0.546000 0.331500 -0.169500
v -0.530000 0.340000 -0.110000
v -0.520000 0.274377 -0.171190
v -0.546000 0.279122 -0.161204
v -0.530000 0.306008 -0.104616
v -0.520000 0.224199 -0.145623
v -0.546000 0.231870 -0.137128
v -0.530000 0.275344 -0.088992
v -0.520000 0.184377 -0.105801
v -0.546000 0.194372 -0.099630
v -0.530000 0.251008 -0.064656
v -0.520000 0.158810 -0.055623
v -0.546000 0.170296 -0.052378
v -0.530000 0.235384 -0.033992
v -0.520000 0.150000 -0.000000
v -0.546000 0.162000 -0.000000
v -0.530000 0.230000 -0.000000
v -0.520000 0.158810 0.055623
v -0.546000 0.170296 0.052378
v -0.530000 0.235384 0.033992
v -0.520000 0.184377 0.105801
v -0.546000 0.194372 0.099630
v -0.530000 0.251008 0.064656
v -0.520000 0.224199 0.145623
v -0.546000 0.231870 0.137128
v -0.530000 0.275344 0.088992
v -0.520000 0.274377 0.171190
v -0.546000 0.279122 0.161204
v -0.530000 0.306008 0.104616
v -0.534000 0.660000 0.100000
v -0.554000 0.620000 0.075000
v -0.534000 0.690902 0.095106
v -0.554000 0.643176 0.071329
v -0.534000 0.718779 0.080902
v -0.554000 0.664084 0.060676
v -0.534000 0.740902 0.058779
v -0.554000 0.680676 0.044084
v -0.534000 0.755106 0.030902
v -0.554000 0.691329 0.023176
v -0.534000 0.760000 0.000000
v -0.554000 0.695000 0.000000
v -0.534000 0.755106 -0.030902
v -0.554000 0.691329 -0.023176
v -0.534000 0.740902 -0.058779
v -0.554000 0.680676 -0.044084
v -0.534000 0.718779 -0.080902
v -0.554000 0.664084 -0.060676
v -0.534000 0.690902 -0.095106
v -0.554000 0.643176 -0.071329
v -0.534000 0.340000 -0.100000
v -0.554000 0.380000 -0.075000
v -0.534000 0.309098 -0.095106
v -0.554000 0.356824 -0.071329
v -0.534000 0.281221 -0.080902
v -0.554000 0.335916 -0.060676
v -0.534000 0.259098 -0.058779
v -0.554000 0.319324 -0.044084
v -0.534000 0.244894 -0.030902
v -0.554000 0.308671 -0.023176
v -0.534000 0.240000 -0.000000
v -0.554000 0.305000 -0.000000
v -0.534000 0.244894 0.030902
v -0.554000 0.308671 0.023176
v -0.534000 0.259098 0.058779
v -0.554000 0.319324 0.044084
v -0.534000 0.281221 0.080902
v -0.554000 0.335916 0.060676
v -0.534000 0.309098 0.095106
v -0.554000 0.356824 0.071329
v -0.562000 0.500000 0.000000
v 0.360000 0.002000 0.280000
v 0.357274 0.002000 0.300706
v 0.349282 0.002000 0.320000
v 0.336569 0.002000 0.336569
v 0.320000 0.002000 0.349282
v 0.300706 0.002000 0.357274
v -0.280000 0.002000 0.360000
v -0.300706 0.002000 0.357274
v -0.320000 0.002000 0.349282
v -0.336569 0.002000 0.336569
v -0.349282 0.002000 0.320000
v -0.357274 0.002000 0.300706
v -0.360000 0.002000 -0.280000
v -0.357274 0.002000 -0.300706
v -0.349282 0.002000 -0.320000
v -0.336569 0.002000 -0.336569
v -0.320000 0.002000 -0.349282
v -0.300706 0.002000 -0.357274
v 0.280000 0.002000 -0.360000
v 0.300706 0.002000 -0.357274
v 0.320000 0.002000 -0.349282
v 0.336569 0.002000 -0.336569
v 0.349282 0.002000 -0.320000
v 0.357274 0.002000 -0.300706
v 0.000000 0.002000 0.000000
v 0.430000 0.000000 0.330000
v 0.430000 -0.026000 0.330000
v 0.416603 0.000000 0.380000
v 0.416603 -0.026000 0.380000
v 0.380000 0.000000 0.416603
v 0.380000 -0.026000 0.416603
v 0.330000 0.000000 0.430000
v 0.330000 -0.026000 0.430000
v 0.280000 0.000000 0.416603
v 0.280000 -0.026000 0.416603
v 0.243397 0.000000 0.380000
v 0.243397 -0.026000 0.380000
v 0.230000 0.000000 0.330000
v 0.230000 -0.026000 0.330000
v 0.243397 0.000000 0.280000
v 0.243397 -0.026000 0.280000
v 0.280000 0.000000 0.243397
v 0.280000 -0.026000 0.243397
v 0.330000 0.000000 0.230000
v 0.330000 -0.026000 0.230000
v 0.380000 0.000000 0.243397
v 0.380000 -0.026000 0.243397
v 0.416603 0.000000 0.280000
v 0.416603 -0.026000 0.280000
v 0.330000 -0.026000 0.330000
v -0.230000 0.000000 0.330000
v -0.230000 -0.026000 0.330000
v -0.243397 0.000000 0.380000
v -0.243397 -0.026000 0.380000
v -0.280000 0.000000 0.416603
v -0.280000 -0.026000 0.416603
v -0.330000 0.000000 0.430000
v -0.330000 -0.026000 0.430000
v -0.380000 0.000000 0.416603
v -0.380000 -0.026000 0.416603
v -0.416603 0.000000 0.380000
v -0.416603 -0.026000 0.380000
v -0.430000 0.000000 0.330000
v -0.430000 -0.026000 0.330000
v -0.416603 0.000000 0.280000
v -0.416603 -0.026000 0.280000
v -0.380000 0.000000 0.243397
v -0.380000 -0.026000 0.243397
v -0.330000 0.000000 0.230000
v -0.330000 -0.026000 0.230000
v -0.280000 0.000000 0.243397
v -0.280000 -0.026000 0.243397
v -0.243397 0.000000 0.280000
v -0.243397 -0.026000 0.280000
v -0.330000 -0.026000 0.330000
v -0.230000 0.000000 -0.330000
v -0.230000 -0.026000 -0.330000
v -0.243397 0.000000 -0.280000
v -0.243397 -0.026000 -0.280000
v -0.280000 0.000000 -0.243397
v -0.280000 -0.026000 -0.243397
v -0.330000 0.000000 -0.230000
v -0.330000 -0.026000 -0.230000
v -0.380000 0.000000 -0.243397
v -0.380000 -0.026000 -0.243397
v -0.416603 0.000000 -0.280000
v -0.416603 -0.026000 -0.280000
v -0.430000 0.000000 -0.330000
v -0.430000 -0.026000 -0.330000
v -0.416603 0.000000 -0.380000
v -0.416603 -0.026000 -0.380000
v -0.380000 0.000000 -0.416603
v -0.380000 -0.026000 -0.416603
v -0.330000 0.000000 -0.430000
v -0.330000 -0.026000 -0.430000
v -0.280000 0.000000 -0.416603
v -0.280000 -0.026000 -0.416603
v -0.243397 0.000000 -0.380000
v -0.243397 -0.026000 -0.380000
v -0.330000 -0.026000 -0.330000
v 0.430000 0.000000 -0.330000
v 0.430000 -0.026000 -0.330000
v 0.416603 0.000000 -0.280000
v 0.416603 -0.026000 -0.280000
v 0.380000 0.000000 -0.243397
v 0.380000 -0.026000 -0.243397
v 0.330000 0.000000 -0.230000
v 0.330000 -0.026000 -0.230000
v 0.280000 0.000000 -0.243397
v 0.280000 -0.026000 -0.243397
v 0.243397 0.000000 -0.280000
v 0.243397 -0.026000 -0.280000
v 0.230000 0.000000 -0.330000
v 0.230000 -0.026000 -0.330000
v 0.243397 0.000000 -0.380000
v 0.243397 -0.026000 -0.380000
v 0.280000 0.000000 -0.416603
v 0.280000 -0.026000 -0.416603
v 0.330000 0.000000 -0.430000
v 0.330000 -0.026000 -0.430000
v 0.380000 0.000000 -0.416603
v 0.380000 -0.026000 -0.416603
v 0.416603 0.000000 -0.380000
v 0.416603 -0.026000 -0.380000
v 0.330000 -0.026000 -0.330000

vt 0.160000 0.160000
vt 0.110557 0.160000
vt 0.065954 0.160000
vt 0.030557 0.160000
vt 0.007831 0.160000
vt 0.160000 0.160000
vt 0.330000 0.160000
vt 0.500000 0.160000
vt 0.670000 0.160000
vt 0.840000 0.160000
vt 0.889443 0.160000
vt 0.934046 0.160000
vt 0.969443 0.160000
vt 0.992169 0.160000
vt 1.000000 0.160000
vt 0.160000 0.110557
vt 0.110557 0.110557
vt 0.065954 0.110557
vt 0.030557 0.110557
vt 0.007831 0.110557
vt 0.160000 0.110557
vt 0.330000 0.110557
vt 0.500000 0.110557
vt 0.670000 0.110557
vt 0.840000 0.110557
vt 0.889443 0.110557
vt 0.934046 0.110557
vt 0.969443 0.110557
vt 0.992169 0.110557
vt 1.000000 0.110557
vt 0.160000 0.065954
vt 0.110557 0.065954
vt 0.065954 0.065954
vt 0.030557 0.065954
vt 0.007831 0.065954
vt 0.160000 0.065954
vt 0.330000 0.065954
vt 0.500000 0.065954
vt 0.670000 0.065954
vt 0.840000 0.065954
vt 0.889443 0.065954
vt 0.934046 0.065954
vt 0.969443 0.065954
vt 0.992169 0.065954
vt 1.000000 0.065954
vt 0.160000 0.030557
vt 0.110557 0.030557
vt 0.065954 0.030557
vt 0.030557 0.030557
vt 0.007831 0.030557
vt 0.160000 0.030557
vt 0.330000 0.030557
vt 0.500000 0.030557
vt 0.670000 0.030557
vt 0.840000 0.030557
vt 0.889443 0.030557
vt 0.934046 0.030557
vt 0.969443 0.030557
vt 0.992169 0.030557
vt 1.000000 0.030557
vt 0.160000 0.007831
vt 0.110557 0.007831
vt 0.065954 0.007831
vt 0.030557 0.007831
vt 0.007831 0.007831
vt 0.160000 0.007831
vt 0.330000 0.007831
vt 0.500000 0.007831
vt 0.670000 0.007831
vt 0.840000 0.007831
vt 0.889443 0.007831
vt 0.934046 0.007831
vt 0.969443 0.007831
vt 0.992169 0.007831
vt 1.000000 0.007831
vt 0.160000 0.160000
vt 0.110557 0.160000
vt 0.065954 0.160000
vt 0.030557 0.160000
vt 0.007831 0.160000
vt 0.160000 0.160000
vt 0.330000 0.160000
vt 0.500000 0.160000
vt 0.670000 0.160000
vt 0.840000 0.160000
vt 0.889443 0.160000
vt 0.934046 0.160000
vt 0.969443 0.160000
vt 0.992169 0.160000
vt 1.000000 0.160000
vt 0.160000 0.330000
vt 0.110557 0.330000
vt 0.065954 0.330000
vt 0.030557 0.330000
vt 0.007831 0.330000
vt 0.160000 0.330000
vt 0.330000 0.330000
vt 0.500000 0.330000
vt 0.670000 0.330000
vt 0.840000 0.330000
vt 0.889443 0.330000
vt 0.934046 0.330000
vt 0.969443 0.330000
vt 0.992169 0.330000
vt 1.000000 0.330000
vt 0.160000 0.500000
vt 0.110557 0.500000
vt 0.065954 0.500000
vt 0.030557 0.500000
vt 0.007831 0.500000
vt 0.160000 0.500000
vt 0.330000 0.500000
vt 0.500000 0.500000
vt 0.670000 0.500000
vt 0.840000 0.500000
vt 0.889443 0.500000
vt 0.934046 0.500000
vt 0.969443 0.500000
vt 0.992169 0.500000
vt 1.000000 0.500000
vt 0.160000 0.670000
vt 0.110557 0.670000
vt 0.065954 0.670000
vt 0.030557 0.670000
vt 0.007831 0.670000
vt 0.160000 0.670000
vt 0.330000 0.670000
vt 0.500000 0.670000
vt 0.670000 0.670000
vt 0.840000 0.670000
vt 0.889443 0.670000
vt 0.934046 0.670000
vt 0.969443 0.670000
vt 0.992169 0.670000
vt 1.000000 0.670000
vt 0.160000 0.840000
vt 0.110557 0.840000
vt 0.065954 0.840000
vt 0.030557 0.840000
vt 0.007831 0.840000
vt 0.160000 0.840000
vt 0.330000 0.840000
vt 0.500000 0.840000
vt 0.670000 0.840000
vt 0.840000 0.840000
vt 0.889443 0.840000
vt 0.934046 0.840000
vt 0.969443 0.840000
vt 0.992169 0.840000
vt 1.000000 0.840000
vt 0.160000 0.889443
vt 0.110557 0.889443
vt 0.065954 0.889443
vt 0.030557 0.889443
vt 0.007831 0.889443
vt 0.160000 0.889443
vt 0.330000 0.889443
vt 0.500000 0.889443
vt 0.670000 0.889443
vt 0.840000 0.889443
vt 0.889443 0.889443
vt 0.934046 0.889443
vt 0.969443 0.889443
vt 0.992169 0.889443
vt 1.000000 0.889443
vt 0.160000 0.934046
vt 0.110557 0.934046
vt 0.065954 0.934046
vt 0.030557 0.934046
vt 0.007831 0.934046
vt 0.160000 0.934046
vt 0.330000 0.934046
vt 0.500000 0.934046
vt 0.670000 0.934046
vt 0.840000 0.934046
vt 0.889443 0.934046
vt 0.934046 0.934046
vt 0.969443 0.934046
vt 0.992169 0.934046
vt 1.000000 0.934046
vt 0.160000 0.969443
vt 0.110557 0.969443
vt 0.065954 0.969443
vt 0.030557 0.969443
vt 0.007831 0.969443
vt 0.160000 0.969443
vt 0.330000 0.969443
vt 0.500000 0.969443
vt 0.670000 0.969443
vt 0.840000 0.969443
vt 0.889443 0.969443
vt 0.934046 0.969443
vt 0.969443 0.969443
vt 0.992169 0.969443
vt 1.000000 0.969443
vt 0.160000 0.992169
vt 0.110557 0.992169
vt 0.065954 0.992169
vt 0.030557 0.992169
vt 0.007831 0.992169
vt 0.160000 0.992169
vt 0.330000 0.992169
vt 0.500000 0.992169
vt 0.670000 0.992169
vt 0.840000 0.992169
vt 0.889443 0.992169
vt 0.934046 0.992169
vt 0.969443 0.992169
vt 0.992169 0.992169
vt 1.000000 0.992169
vt 0.160000 1.000000
vt 0.110557 1.000000
vt 0.065954 1.000000
vt 0.030557 1.000000
vt 0.007831 1.000000
vt 0.160000 1.000000
vt 0.330000 1.000000
vt 0.500000 1.000000
vt 0.670000 1.000000
vt 0.840000 1.000000
vt 0.889443 1.000000
vt 0.934046 1.000000
vt 0.969443 1.000000
vt 0.992169 1.000000
vt 1.000000 1.000000
vt 0.000000 0.160000
vt 0.007831 0.160000
vt 0.030557 0.160000
vt 0.065954 0.160000
vt 0.110557 0.160000
vt 0.160000 0.160000
vt 0.330000 0.160000
vt 0.500000 0.160000
vt 0.670000 0.160000
vt 0.840000 0.160000
vt 0.992169 0.160000
vt 0.969443 0.160000
vt 0.934046 0.160000
vt 0.889443 0.160000
vt 0.840000 0.160000
vt 0.000000 0.110557
vt 0.007831 0.110557
vt 0.030557 0.110557
vt 0.065954 0.110557
vt 0.110557 0.110557
vt 0.160000 0.110557
vt 0.330000 0.110557
vt 0.500000 0.110557
vt 0.670000 0.110557
vt 0.840000 0.110557
vt 0.992169 0.110557
vt 0.969443 0.110557
vt 0.934046 0.110557
vt 0.889443 0.110557
vt 0.840000 0.110557
vt 0.000000 0.065954
vt 0.007831 0.065954
vt 0.030557 0.065954
vt 0.065954 0.065954
vt 0.110557 0.065954
vt 0.160000 0.065954
vt 0.330000 0.065954
vt 0.500000 0.065954
vt 0.670000 0.065954
vt 0.840000 0.065954
vt 0.992169 0.065954
vt 0.969443 0.065954
vt 0.934046 0.065954
vt 0.889443 0.065954
vt 0.840000 0.065954
vt 0.000000 0.030557
vt 0.007831 0.030557
vt 0.030557 0.030557
vt 0.065954 0.030557
vt 0.110557 0.030557
vt 0.160000 0.030557
vt 0.330000 0.030557
vt 0.500000 0.030557
vt 0.670000 0.030557
vt 0.840000 0.030557
vt 0.992169 0.030557
vt 0.969443 0.030557
vt 0.934046 0.030557
vt 0.889443 0.030557
vt 0.840000 0.030557
vt 0.000000 0.007831
vt 0.007831 0.007831
vt 0.030557 0.007831
vt 0.065954 0.007831
vt 0.110557 0.007831
vt 0.160000 0.007831
vt 0.330000 0.007831
vt 0.500000 0.007831
vt 0.670000 0.007831
vt 0.840000 0.007831
vt 0.992169 0.007831
vt 0.969443 0.007831
vt 0.934046 0.007831
vt 0.889443 0.007831
vt 0.840000 0.007831
vt 0.000000 0.160000
vt 0.007831 0.160000
vt 0.030557 0.160000
vt 0.065954 0.160000
vt 0.110557 0.160000
vt 0.160000 0.160000
vt 0.330000 0.160000
vt 0.500000 0.160000
vt 0.670000 0.160000
vt 0.840000 0.160000
vt 0.992169 0.160000
vt 0.969443 0.160000
vt 0.934046 0.160000
vt 0.889443 0.160000
vt 0.840000 0.160000
vt 0.000000 0.330000
vt 0.007831 0.330000
vt 0.030557 0.330000
vt 0.065954 0.330000
vt 0.110557 0.330000
vt 0.160000 0.330000
vt 0.330000 0.330000
vt 0.500000 0.330000
vt 0.670000 0.330000
vt 0.840000 0.330000
vt 0.992169 0.330000
vt 0.969443 0.330000
vt 0.934046 0.330000
vt 0.889443 0.330000
vt 0.840000 0.330000
vt 0.000000 0.500000
vt 0.007831 0.500000
vt 0.030557 0.500000
vt 0.065954 0.500000
vt 0.110557 0.500000
vt 0.160000 0.500000
vt 0.330000 0.500000
vt 0.500000 0.500000
vt 0.670000 0.500000
vt 0.840000 0.500000
vt 0.992169 0.500000
vt 0.969443 0.500000
vt 0.934046 0.500000
vt 0.889443 0.500000
vt 0.840000 0.500000
vt 0.000000 0.670000
vt 0.007831 0.670000
vt 0.030557 0.670000
vt 0.065954 0.670000
vt 0.110557 0.670000
vt 0.160000 0.670000
vt 0.330000 0.670000
vt 0.500000 0.670000
vt 0.670000 0.670000
vt 0.840000 0.670000
vt 0.992169 0.670000
vt 0.969443 0.670000
vt 0.934046 0.670000
vt 0.889443 0.670000
vt 0.840000 0.670000
vt 0.000000 0.840000
vt 0.007831 0.840000
vt 0.030557 0.840000
vt 0.065954 0.840000
vt 0.110557 0.840000
vt 0.160000 0.840000
vt 0.330000 0.840000
vt 0.500000 0.840000
vt 0.670000 0.840000
vt 0.840000 0.840000
vt 0.992169 0.840000
vt 0.969443 0.840000
vt 0.934046 0.840000
vt 0.889443 0.840000
vt 0.840000 0.840000
vt 0.000000 0.889443
vt 0.007831 0.889443
vt 0.030557 0.889443
vt 0.065954 0.889443
vt 0.110557 0.889443
vt 0.160000 0.889443
vt 0.330000 0.889443
vt 0.500000 0.889443
vt 0.670000 0.889443
vt 0.840000 0.889443
vt 0.992169 0.889443
vt 0.969443 0.889443
vt 0.934046 0.889443
vt 0.889443 0.889443
vt 0.840000 0.889443
vt 0.000000 0.934046
vt 0.007831 0.934046
vt 0.030557 0.934046
vt 0.065954 0.934046
vt 0.110557 0.934046
vt 0.160000 0.934046
vt 0.330000 0.934046
vt 0.500000 0.934046
vt 0.670000 0.934046
vt 0.840000 0.934046
vt 0.992169 0.934046
vt 0.969443 0.934046
vt 0.934046 0.934046
vt 0.889443 0.934046
vt 0.840000 0.934046
vt 0.000000 0.969443
vt 0.007831 0.969443
vt 0.030557 0.969443
vt 0.065954 0.969443
vt 0.110557 0.969443
vt 0.160000 0.969443
vt 0.330000 0.969443
vt 0.500000 0.969443
vt 0.670000 0.969443
vt 0.840000 0.969443
vt 0.992169 0.969443
vt 0.969443 0.969443
vt 0.934046 0.969443
vt 0.889443 0.969443
vt 0.840000 0.969443
vt 0.000000 0.992169
vt 0.007831 0.992169
vt 0.030557 0.992169
vt 0.065954 0.992169
vt 0.110557 0.992169
vt 0.160000 0.992169
vt 0.330000 0.992169
vt 0.500000 0.992169
vt 0.670000 0.992169
vt 0.840000 0.992169
vt 0.992169 0.992169
vt 0.969443 0.992169
vt 0.934046 0.992169
vt 0.889443 0.992169
vt 0.840000 0.992169
vt 0.000000 1.000000
vt 0.007831 1.000000
vt 0.030557 1.000000
vt 0.065954 1.000000
vt 0.110557 1.000000
vt 0.160000 1.000000
vt 0.330000 1.000000
vt 0.500000 1.000000
vt 0.670000 1.000000
vt 0.840000 1.000000
vt 0.992169 1.000000
vt 0.969443 1.000000
vt 0.934046 1.000000
vt 0.889443 1.000000
vt 0.840000 1.000000
vt 1.000000 0.160000
vt 0.992169 0.160000
vt 0.969443 0.160000
vt 0.934046 0.160000
vt 0.889443 0.160000
vt 0.840000 0.160000
vt 0.670000 0.160000
vt 0.500000 0.160000
vt 0.330000 0.160000
vt 0.160000 0.160000
vt 0.007831 0.160000
vt 0.030557 0.160000
vt 0.065954 0.160000
vt 0.110557 0.160000
vt 0.160000 0.160000
vt 1.000000 0.110557
vt 0.992169 0.110557
vt 0.969443 0.110557
vt 0.934046 0.110557
vt 0.889443 0.110557
vt 0.840000 0.110557
vt 0.670000 0.110557
vt 0.500000 0.110557
vt 0.330000 0.110557
vt 0.160000 0.110557
vt 0.007831 0.110557
vt 0.030557 0.110557
vt 0.065954 0.110557
vt 0.110557 0.110557
vt 0.160000 0.110557
vt 1.000000 0.065954
vt 0.992169 0.065954
vt 0.969443 0.065954
vt 0.934046 0.065954
vt 0.889443 0.065954
vt 0.840000 0.065954
vt 0.670000 0.065954
vt 0.500000 0.065954
vt 0.330000 0.065954
vt 0.160000 0.065954
vt 0.007831 0.065954
vt 0.030557 0.065954
vt 0.065954 0.065954
vt 0.110557 0.065954
vt 0.160000 0.065954
vt 1.000000 0.030557
vt 0.992169 0.030557
vt 0.969443 0.030557
vt 0.934046 0.030557
vt 0.889443 0.030557
vt 0.840000 0.030557
vt 0.670000 0.030557
vt 0.500000 0.030557
vt 0.330000 0.030557
vt 0.160000 0.030557
vt 0.007831 0.030557
vt 0.030557 0.030557
vt 0.065954 0.030557
vt 0.110557 0.030557
vt 0.160000 0.030557
vt 1.000000 0.007831
vt 0.992169 0.007831
vt 0.969443 0.007831
vt 0.934046 0.007831
vt 0.889443 0.007831
vt 0.840000 0.007831
vt 0.670000 0.007831
vt 0.500000 0.007831
vt 0.330000 0.007831
vt 0.160000 0.007831
vt 0.007831 0.007831
vt 0.030557 0.007831
vt 0.065954 0.007831
vt 0.110557 0.007831
vt 0.160000 0.007831
vt 1.000000 0.160000
vt 0.992169 0.160000
vt 0.969443 0.160000
vt 0.934046 0.160000
vt 0.889443 0.160000
vt 0.840000 0.160000
vt 0.670000 0.160000
vt 0.500000 0.160000
vt 0.330000 0.160000
vt 0.160000 0.160000
vt 0.007831 0.160000
vt 0.030557 0.160000
vt 0.065954 0.160000
vt 0.110557 0.160000
vt 0.160000 0.160000
vt 1.000000 0.330000
vt 0.992169 0.330000
vt 0.969443 0.330000
vt 0.934046 0.330000
vt 0.889443 0.330000
vt 0.840000 0.330000
vt 0.670000 0.330000
vt 0.500000 0.330000
vt 0.330000 0.330000
vt 0.160000 0.330000
vt 0.007831 0.330000
vt 0.030557 0.330000
vt 0.065954 0.330000
vt 0.110557 0.330000
vt 0.160000 0.330000
vt 1.000000 0.500000
vt 0.992169 0.500000
vt 0.969443 0.500000
vt 0.934046 0.500000
vt 0.889443 0.500000
vt 0.840000 0.500000
vt 0.670000 0.500000
vt 0.500000 0.500000
vt 0.330000 0.500000
vt 0.160000 0.500000
vt 0.007831 0.500000
vt 0.030557 0.500000
vt 0.065954 0.500000
vt 0.110557 0.500000
vt 0.160000 0.500000
vt 1.000000 0.670000
vt 0.992169 0.670000
vt 0.969443 0.670000
vt 0.934046 0.670000
vt 0.889443 0.670000
vt 0.840000 0.670000
vt 0.670000 0.670000
vt 0.500000 0.670000
vt 0.330000 0.670000
vt 0.160000 0.670000
vt 0.007831 0.670000
vt 0.030557 0.670000
vt 0.065954 0.670000
vt 0.110557 0.670000
vt 0.160000 0.670000
vt 1.000000 0.840000
vt 0.992169 0.840000
vt 0.969443 0.840000
vt 0.934046 0.840000
vt 0.889443 0.840000
vt 0.840000 0.840000
vt 0.670000 0.840000
vt 0.500000 0.840000
vt 0.330000 0.840000
vt 0.160000 0.840000
vt 0.007831 0.840000
vt 0.030557 0.840000
vt 0.065954 0.840000
vt 0.110557 0.840000
vt 0.160000 0.840000
vt 1.000000 0.889443
vt 0.992169 0.889443
vt 0.969443 0.889443
vt 0.934046 0.889443
vt 0.889443 0.889443
vt 0.840000 0.889443
vt 0.670000 0.889443
vt 0.500000 0.889443
vt 0.330000 0.889443
vt 0.160000 0.889443
vt 0.007831 0.889443
vt 0.030557 0.889443
vt 0.065954 0.889443
vt 0.110557 0.889443
vt 0.160000 0.889443
vt 1.000000 0.934046
vt 0.992169 0.934046
vt 0.969443 0.934046
vt 0.934046 0.934046
vt 0.889443 0.934046
vt 0.840000 0.934046
vt 0.670000 0.934046
vt 0.500000 0.934046
vt 0.330000 0.934046
vt 0.160000 0.934046
vt 0.007831 0.934046
vt 0.030557 0.934046
vt 0.065954 0.934046
vt 0.110557 0.934046
vt 0.160000 0.934046
vt 1.000000 0.969443
vt 0.992169 0.969443
vt 0.969443 0.969443
vt 0.934046 0.969443
vt 0.889443 0.969443
vt 0.840000 0.969443
vt 0.670000 0.969443
vt 0.500000 0.969443
vt 0.330000 0.969443
vt 0.160000 0.969443
vt 0.007831 0.969443
vt 0.030557 0.969443
vt 0.065954 0.969443
vt 0.110557 0.969443
vt 0.160000 0.969443
vt 1.000000 0.992169
vt 0.992169 0.992169
vt 0.969443 0.992169
vt 0.934046 0.992169
vt 0.889443 0.992169
vt 0.840000 0.992169
vt 0.670000 0.992169
vt 0.500000 0.992169
vt 0.330000 0.992169
vt 0.160000 0.992169
vt 0.007831 0.992169
vt 0.030557 0.992169
vt 0.065954 0.992169
vt 0.110557 0.992169
vt 0.160000 0.992169
vt 1.000000 1.000000
vt 0.992169 1.000000
vt 0.969443 1.000000
vt 0.934046 1.000000
vt 0.889443 1.000000
vt 0.840000 1.000000
vt 0.670000 1.000000
vt 0.500000 1.000000
vt 0.330000 1.000000
vt 0.160000 1.000000
vt 0.007831 1.000000
vt 0.030557 1.000000
vt 0.065954 1.000000
vt 0.110557 1.000000
vt 0.160000 1.000000
vt 0.840000 0.160000
vt 0.889443 0.160000
vt 0.934046 0.160000
vt 0.969443 0.160000
vt 0.992169 0.160000
vt 0.840000 0.160000
vt 0.670000 0.160000
vt 0.500000 0.160000
vt 0.330000 0.160000
vt 0.160000 0.160000
vt 0.110557 0.160000
vt 0.065954 0.160000
vt 0.030557 0.160000
vt 0.007831 0.160000
vt 0.000000 0.160000
vt 0.840000 0.110557
vt 0.889443 0.110557
vt 0.934046 0.110557
vt 0.969443 0.110557
vt 0.992169 0.110557
vt 0.840000 0.110557
vt 0.670000 0.110557
vt 0.500000 0.110557
vt 0.330000 0.110557
vt 0.160000 0.110557
vt 0.110557 0.110557
vt 0.065954 0.110557
vt 0.030557 0.110557
vt 0.007831 0.110557
vt 0.000000 0.110557
vt 0.840000 0.065954
vt 0.889443 0.065954
vt 0.934046 0.065954
vt 0.969443 0.065954
vt 0.992169 0.065954
vt 0.840000 0.065954
vt 0.670000 0.065954
vt 0.500000 0.065954
vt 0.330000 0.065954
vt 0.160000 0.065954
vt 0.110557 0.065954
vt 0.065954 0.065954
vt 0.030557 0.065954
vt 0.007831 0.065954
vt 0.000000 0.065954
vt 0.840000 0.030557
vt 0.889443 0.030557
vt 0.934046 0.030557
vt 0.969443 0.030557
vt 0.992169 0.030557
vt 0.840000 0.030557
vt 0.670000 0.030557
vt 0.500000 0.030557
vt 0.330000 0.030557
vt 0.160000 0.030557
vt 0.110557 0.030557
vt 0.065954 0.030557
vt 0.030557 0.030557
vt 0.007831 0.030557
vt 0.000000 0.030557
vt 0.840000 0.007831
vt 0.889443 0.007831
vt 0.934046 0.007831
vt 0.969443 0.007831
vt 0.992169 0.007831
vt 0.840000 0.007831
vt 0.670000 0.007831
vt 0.500000 0.007831
vt 0.330000 0.007831
vt 0.160000 0.007831
vt 0.110557 0.007831
vt 0.065954 0.007831
vt 0.030557 0.007831
vt 0.007831 0.007831
vt 0.000000 0.007831
vt 0.840000 0.160000
vt 0.889443 0.160000
vt 0.934046 0.160000
vt 0.969443 0.160000
vt 0.992169 0.160000
vt 0.840000 0.160000
vt 0.670000 0.160000
vt 0.500000 0.160000
vt 0.330000 0.160000
vt 0.160000 0.160000
vt 0.110557 0.160000
vt 0.065954 0.160000
vt 0.030557 0.160000
vt 0.007831 0.160000
vt 0.000000 0.160000
vt 0.840000 0.330000
vt 0.889443 0.330000
vt 0.934046 0.330000
vt 0.969443 0.330000
vt 0.992169 0.330000
vt 0.840000 0.330000
vt 0.670000 0.330000
vt 0.500000 0.330000
vt 0.330000 0.330000
vt 0.160000 0.330000
vt 0.110557 0.330000
vt 0.065954 0.330000
vt 0.030557 0.330000
vt 0.007831 0.330000
vt 0.000000 0.330000
vt 0.840000 0.500000
vt 0.889443 0.500000
vt 0.934046 0.500000
vt 0.969443 0.500000
vt 0.992169 0.500000
vt 0.840000 0.500000
vt 0.670000 0.500000
vt 0.500000 0.500000
vt 0.330000 0.500000
vt 0.160000 0.500000
vt 0.110557 0.500000
vt 0.065954 0.500000
vt 0.030557 0.500000
vt 0.007831 0.500000
vt 0.000000 0.500000
vt 0.840000 0.670000
vt 0.889443 0.670000
vt 0.934046 0.670000
vt 0.969443 0.670000
vt 0.992169 0.670000
vt 0.840000 0.670000
vt 0.670000 0.670000
vt 0.500000 0.670000
vt 0.330000 0.670000
vt 0.160000 0.670000
vt 0.110557 0.670000
vt 0.065954 0.670000
vt 0.030557 0.670000
vt 0.007831 0.670000
vt 0.000000 0.670000
vt 0.840000 0.840000
vt 0.889443 0.840000
vt 0.934046 0.840000
vt 0.969443 0.840000
vt 0.992169 0.840000
vt 0.840000 0.840000
vt 0.670000 0.840000
vt 0.500000 0.840000
vt 0.330000 0.840000
vt 0.160000 0.840000
vt 0.110557 0.840000
vt 0.065954 0.840000
vt 0.030557 0.840000
vt 0.007831 0.840000
vt 0.000000 0.840000
vt 0.840000 0.889443
vt 0.889443 0.889443
vt 0.934046 0.889443
vt 0.969443 0.889443
vt 0.992169 0.889443
vt 0.840000 0.889443
vt 0.670000 0.889443
vt 0.500000 0.889443
vt 0.330000 0.889443
vt 0.160000 0.889443
vt 0.110557 0.889443
vt 0.065954 0.889443
vt 0.030557 0.889443
vt 0.007831 0.889443
vt 0.000000 0.889443
vt 0.840000 0.934046
vt 0.889443 0.934046
vt 0.934046 0.934046
vt 0.969443 0.934046
vt 0.992169 0.934046
vt 0.840000 0.934046
vt 0.670000 0.934046
vt 0.500000 0.934046
vt 0.330000 0.934046
vt 0.160000 0.934046
vt 0.110557 0.934046
vt 0.065954 0.934046
vt 0.030557 0.934046
vt 0.007831 0.934046
vt 0.000000 0.934046
vt 0.840000 0.969443
vt 0.889443 0.969443
vt 0.934046 0.969443
vt 0.969443 0.969443
vt 0.992169 0.969443
vt 0.840000 0.969443
vt 0.670000 0.969443
vt 0.500000 0.969443
vt 0.330000 0.969443
vt 0.160000 0.969443
vt 0.110557 0.969443
vt 0.065954 0.969443
vt 0.030557 0.969443
vt 0.007831 0.969443
vt 0.000000 0.969443
vt 0.840000 0.992169
vt 0.889443 0.992169
vt 0.934046 0.992169
vt 0.969443 0.992169
vt 0.992169 0.992169
vt 0.840000 0.992169
vt 0.670000 0.992169
vt 0.500000 0.992169
vt 0.330000 0.992169
vt 0.160000 0.992169
vt 0.110557 0.992169
vt 0.065954 0.992169
vt 0.030557 0.992169
vt 0.007831 0.992169
vt 0.000000 0.992169
vt 0.840000 1.000000
vt 0.889443 1.000000
vt 0.934046 1.000000
vt 0.969443 1.000000
vt 0.992169 1.000000
vt 0.840000 1.000000
vt 0.670000 1.000000
vt 0.500000 1.000000
vt 0.330000 1.000000
vt 0.160000 1.000000
vt 0.110557 1.000000
vt 0.065954 1.000000
vt 0.030557 1.000000
vt 0.007831 1.000000
vt 0.000000 1.000000
vt 0.160000 0.160000
vt 0.110557 0.160000
vt 0.065954 0.160000
vt 0.030557 0.160000
vt 0.007831 0.160000
vt 0.160000 0.160000
vt 0.330000 0.160000
vt 0.500000 0.160000
vt 0.670000 0.160000
vt 0.840000 0.160000
vt 0.889443 0.160000
vt 0.934046 0.160000
vt 0.969443 0.160000
vt 0.992169 0.160000
vt 1.000000 0.160000
vt 0.160000 0.110557
vt 0.110557 0.110557
vt 0.065954 0.110557
vt 0.030557 0.110557
vt 0.007831 0.110557
vt 0.160000 0.110557
vt 0.330000 0.110557
vt 0.500000 0.110557
vt 0.670000 0.110557
vt 0.840000 0.110557
vt 0.889443 0.110557
vt 0.934046 0.110557
vt 0.969443 0.110557
vt 0.992169 0.110557
vt 1.000000 0.110557
vt 0.160000 0.065954
vt 0.110557 0.065954
vt 0.065954 0.065954
vt 0.030557 0.065954
vt 0.007831 0.065954
vt 0.160000 0.065954
vt 0.330000 0.065954
vt 0.500000 0.065954
vt 0.670000 0.065954
vt 0.840000 0.065954
vt 0.889443 0.065954
vt 0.934046 0.065954
vt 0.969443 0.065954
vt 0.992169 0.065954
vt 1.000000 0.065954
vt 0.160000 0.030557
vt 0.110557 0.030557
vt 0.065954 0.030557
vt 0.030557 0.030557
vt 0.007831 0.030557
vt 0.160000 0.030557
vt 0.330000 0.030557
vt 0.500000 0.030557
vt 0.670000 0.030557
vt 0.840000 0.030557
vt 0.889443 0.030557
vt 0.934046 0.030557
vt 0.969443 0.030557
vt 0.992169 0.030557
vt 1.000000 0.030557
vt 0.160000 0.007831
vt 0.110557 0.007831
vt 0.065954 0.007831
vt 0.030557 0.007831
vt 0.007831 0.007831
vt 0.160000 0.007831
vt 0.330000 0.007831
vt 0.500000 0.007831
vt 0.670000 0.007831
vt 0.840000 0.007831
vt 0.889443 0.007831
vt 0.934046 0.007831
vt 0.969443 0.007831
vt 0.992169 0.007831
vt 1.000000 0.007831
vt 0.160000 0.160000
vt 0.110557 0.160000
vt 0.065954 0.160000
vt 0.030557 0.160000
vt 0.007831 0.160000
vt 0.160000 0.160000
vt 0.330000 0.160000
vt 0.500000 0.160000
vt 0.670000 0.160000
vt 0.840000 0.160000
vt 0.889443 0.160000
vt 0.934046 0.160000
vt 0.969443 0.160000
vt 0.992169 0.160000
vt 1.000000 0.160000
vt 0.160000 0.330000
vt 0.110557 0.330000
vt 0.065954 0.330000
vt 0.030557 0.330000
vt 0.007831 0.330000
vt 0.160000 0.330000
vt 0.330000 0.330000
vt 0.500000 0.330000
vt 0.670000 0.330000
vt 0.840000 0.330000
vt 0.889443 0.330000
vt 0.934046 0.330000
vt 0.969443 0.330000
vt 0.992169 0.330000
vt 1.000000 0.330000
vt 0.160000 0.500000
vt 0.110557 0.500000
vt 0.065954 0.500000
vt 0.030557 0.500000
vt 0.007831 0.500000
vt 0.160000 0.500000
vt 0.330000 0.500000
vt 0.500000 0.500000
vt 0.670000 0.500000
vt 0.840000 0.500000
vt 0.889443 0.500000
vt 0.934046 0.500000
vt 0.969443 0.500000
vt 0.992169 0.500000
vt 1.000000 0.500000
vt 0.160000 0.670000
vt 0.110557 0.670000
vt 0.065954 0.670000
vt 0.030557 0.670000
vt 0.007831 0.670000
vt 0.160000 0.670000
vt 0.330000 0.670000
vt 0.500000 0.670000
vt 0.670000 0.670000
vt 0.840000 0.670000
vt 0.889443 0.670000
vt 0.934046 0.670000
vt 0.969443 0.670000
vt 0.992169 0.670000
vt 1.000000 0.670000
vt 0.160000 0.840000
vt 0.110557 0.840000
vt 0.065954 0.840000
vt 0.030557 0.840000
vt 0.007831 0.840000
vt 0.160000 0.840000
vt 0.330000 0.840000
vt 0.500000 0.840000
vt 0.670000 0.840000
vt 0.840000 0.840000
vt 0.889443 0.840000
vt 0.934046 0.840000
vt 0.969443 0.840000
vt 0.992169 0.840000
vt 1.000000 0.840000
vt 0.160000 0.889443
vt 0.110557 0.889443
vt 0.065954 0.889443
vt 0.030557 0.889443
vt 0.007831 0.889443
vt 0.160000 0.889443
vt 0.330000 0.889443
vt 0.500000 0.889443
vt 0.670000 0.889443
vt 0.840000 0.889443
vt 0.889443 0.889443
vt 0.934046 0.889443
vt 0.969443 0.889443
vt 0.992169 0.889443
vt 1.000000 0.889443
vt 0.160000 0.934046
vt 0.110557 0.934046
vt 0.065954 0.934046
vt 0.030557 0.934046
vt 0.007831 0.934046
vt 0.160000 0.934046
vt 0.330000 0.934046
vt 0.500000 0.934046
vt 0.670000 0.934046
vt 0.840000 0.934046
vt 0.889443 0.934046
vt 0.934046 0.934046
vt 0.969443 0.934046
vt 0.992169 0.934046
vt 1.000000 0.934046
vt 0.160000 0.969443
vt 0.110557 0.969443
vt 0.065954 0.969443
vt 0.030557 0.969443
vt 0.007831 0.969443
vt 0.160000 0.969443
vt 0.330000 0.969443
vt 0.500000 0.969443
vt 0.670000 0.969443
vt 0.840000 0.969443
vt 0.889443 0.969443
vt 0.934046 0.969443
vt 0.969443 0.969443
vt 0.992169 0.969443
vt 1.000000 0.969443
vt 0.160000 0.992169
vt 0.110557 0.992169
vt 0.065954 0.992169
vt 0.030557 0.992169
vt 0.007831 0.992169
vt 0.160000 0.992169
vt 0.330000 0.992169
vt 0.500000 0.992169
vt 0.670000 0.992169
vt 0.840000 0.992169
vt 0.889443 0.992169
vt 0.934046 0.992169
vt 0.969443 0.992169
vt 0.992169 0.992169
vt 1.000000 0.992169
vt 0.160000 1.000000
vt 0.110557 1.000000
vt 0.065954 1.000000
vt 0.030557 1.000000
vt 0.007831 1.000000
vt 0.160000 1.000000
vt 0.330000 1.000000
vt 0.500000 1.000000
vt 0.670000 1.000000
vt 0.840000 1.000000
vt 0.889443 1.000000
vt 0.934046 1.000000
vt 0.969443 1.000000
vt 0.992169 1.000000
vt 1.000000 1.000000
vt 0.160000 0.840000
vt 0.110557 0.840000
vt 0.065954 0.840000
vt 0.030557 0.840000
vt 0.007831 0.840000
vt 0.160000 0.840000
vt 0.330000 0.840000
vt 0.500000 0.840000
vt 0.670000 0.840000
vt 0.840000 0.840000
vt 0.889443 0.840000
vt 0.934046 0.840000
vt 0.969443 0.840000
vt 0.992169 0.840000
vt 1.000000 0.840000
vt 0.160000 0.889443
vt 0.110557 0.889443
vt 0.065954 0.889443
vt 0.030557 0.889443
vt 0.007831 0.889443
vt 0.160000 0.889443
vt 0.330000 0.889443
vt 0.500000 0.889443
vt 0.670000 0.889443
vt 0.840000 0.889443
vt 0.889443 0.889443
vt 0.934046 0.889443
vt 0.969443 0.889443
vt 0.992169 0.889443
vt 1.000000 0.889443
vt 0.160000 0.934046
vt 0.110557 0.934046
vt 0.065954 0.934046
vt 0.030557 0.934046
vt 0.007831 0.934046
vt 0.160000 0.934046
vt 0.330000 0.934046
vt 0.500000 0.934046
vt 0.670000 0.934046
vt 0.840000 0.934046
vt 0.889443 0.934046
vt 0.934046 0.934046
vt 0.969443 0.934046
vt 0.992169 0.934046
vt 1.000000 0.934046
vt 0.160000 0.969443
vt 0.110557 0.969443
vt 0.065954 0.969443
vt 0.030557 0.969443
vt 0.007831 0.969443
vt 0.160000 0.969443
vt 0.330000 0.969443
vt 0.500000 0.969443
vt 0.670000 0.969443
vt 0.840000 0.969443
vt 0.889443 0.969443
vt 0.934046 0.969443
vt 0.969443 0.969443
vt 0.992169 0.969443
vt 1.000000 0.969443
vt 0.160000 0.992169
vt 0.110557 0.992169
vt 0.065954 0.992169
vt 0.030557 0.992169
vt 0.007831 0.992169
vt 0.160000 0.992169
vt 0.330000 0.992169
vt 0.500000 0.992169
vt 0.670000 0.992169
vt 0.840000 0.992169
vt 0.889443 0.992169
vt 0.934046 0.992169
vt 0.969443 0.992169
vt 0.992169 0.992169
vt 1.000000 0.992169
vt 0.160000 0.840000
vt 0.110557 0.840000
vt 0.065954 0.840000
vt 0.030557 0.840000
vt 0.007831 0.840000
vt 0.160000 0.840000
vt 0.330000 0.840000
vt 0.500000 0.840000
vt 0.670000 0.840000
vt 0.840000 0.840000
vt 0.889443 0.840000
vt 0.934046 0.840000
vt 0.969443 0.840000
vt 0.992169 0.840000
vt 1.000000 0.840000
vt 0.160000 0.670000
vt 0.110557 0.670000
vt 0.065954 0.670000
vt 0.030557 0.670000
vt 0.007831 0.670000
vt 0.160000 0.670000
vt 0.330000 0.670000
vt 0.500000 0.670000
vt 0.670000 0.670000
vt 0.840000 0.670000
vt 0.889443 0.670000
vt 0.934046 0.670000
vt 0.969443 0.670000
vt 0.992169 0.670000
vt 1.000000 0.670000
vt 0.160000 0.500000
vt 0.110557 0.500000
vt 0.065954 0.500000
vt 0.030557 0.500000
vt 0.007831 0.500000
vt 0.160000 0.500000
vt 0.330000 0.500000
vt 0.500000 0.500000
vt 0.670000 0.500000
vt 0.840000 0.500000
vt 0.889443 0.500000
vt 0.934046 0.500000
vt 0.969443 0.500000
vt 0.992169 0.500000
vt 1.000000 0.500000
vt 0.160000 0.330000
vt 0.110557 0.330000
vt 0.065954 0.330000
vt 0.030557 0.330000
vt 0.007831 0.330000
vt 0.160000 0.330000
vt 0.330000 0.330000
vt 0.500000 0.330000
vt 0.670000 0.330000
vt 0.840000 0.330000
vt 0.889443 0.330000
vt 0.934046 0.330000
vt 0.969443 0.330000
vt 0.992169 0.330000
vt 1.000000 0.330000
vt 0.160000 0.160000
vt 0.110557 0.160000
vt 0.065954 0.160000
vt 0.030557 0.160000
vt 0.007831 0.160000
vt 0.160000 0.160000
vt 0.330000 0.160000
vt 0.500000 0.160000
vt 0.670000 0.160000
vt 0.840000 0.160000
vt 0.889443 0.160000
vt 0.934046 0.160000
vt 0.969443 0.160000
vt 0.992169 0.160000
vt 1.000000 0.160000
vt 0.160000 0.110557
vt 0.110557 0.110557
vt 0.065954 0.110557
vt 0.030557 0.110557
vt 0.007831 0.110557
vt 0.160000 0.110557
vt 0.330000 0.110557
vt 0.500000 0.110557
vt 0.670000 0.110557
vt 0.840000 0.110557
vt 0.889443 0.110557
vt 0.934046 0.110557
vt 0.969443 0.110557
vt 0.992169 0.110557
vt 1.000000 0.110557
vt 0.160000 0.065954
vt 0.110557 0.065954
vt 0.065954 0.065954
vt 0.030557 0.065954
vt 0.007831 0.065954
vt 0.160000 0.065954
vt 0.330000 0.065954
vt 0.500000 0.065954
vt 0.670000 0.065954
vt 0.840000 0.065954
vt 0.889443 0.065954
vt 0.934046 0.065954
vt 0.969443 0.065954
vt 0.992169 0.065954
vt 1.000000 0.065954
vt 0.160000 0.030557
vt 0.110557 0.030557
vt 0.065954 0.030557
vt 0.030557 0.030557
vt 0.007831 0.030557
vt 0.160000 0.030557
vt 0.330000 0.030557
vt 0.500000 0.030557
vt 0.670000 0.030557
vt 0.840000 0.030557
vt 0.889443 0.030557
vt 0.934046 0.030557
vt 0.969443 0.030557
vt 0.992169 0.030557
vt 1.000000 0.030557
vt 0.160000 0.007831
vt 0.110557 0.007831
vt 0.065954 0.007831
vt 0.030557 0.007831
vt 0.007831 0.007831
vt 0.160000 0.007831
vt 0.330000 0.007831
vt 0.500000 0.007831
vt 0.670000 0.007831
vt 0.840000 0.007831
vt 0.889443 0.007831
vt 0.934046 0.007831
vt 0.969443 0.007831
vt 0.992169 0.007831
vt 1.000000 0.007831
vt 0.160000 0.000000
vt 0.110557 0.000000
vt 0.065954 0.000000
vt 0.030557 0.000000
vt 0.007831 0.000000
vt 0.160000 0.000000
vt 0.330000 0.000000
vt 0.500000 0.000000
vt 0.670000 0.000000
vt 0.840000 0.000000
vt 0.889443 0.000000
vt 0.934046 0.000000
vt 0.969443 0.000000
vt 0.992169 0.000000
vt 1.000000 0.000000
vt 0.790000 0.680000
vt 0.790000 0.680000
vt 0.761000 0.662000
vt 0.787886 0.701460
vt 0.787886 0.701460
vt 0.759098 0.681314
vt 0.781627 0.722095
vt 0.781627 0.722095
vt 0.753464 0.699886
vt 0.771462 0.741113
vt 0.771462 0.741113
vt 0.744315 0.717001
vt 0.757782 0.757782
vt 0.757782 0.757782
vt 0.732004 0.732004
vt 0.741113 0.771462
vt 0.741113 0.771462
vt 0.717001 0.744315
vt 0.722095 0.781627
vt 0.722095 0.781627
vt 0.699886 0.753464
vt 0.701460 0.787886
vt 0.701460 0.787886
vt 0.681314 0.759098
vt 0.320000 0.790000
vt 0.320000 0.790000
vt 0.338000 0.761000
vt 0.298540 0.787886
vt 0.298540 0.787886
vt 0.318686 0.759098
vt 0.277905 0.781627
vt 0.277905 0.781627
vt 0.300114 0.753464
vt 0.258887 0.771462
vt 0.258887 0.771462
vt 0.282999 0.744315
vt 0.242218 0.757782
vt 0.242218 0.757782
vt 0.267996 0.732004
vt 0.228538 0.741113
vt 0.228538 0.741113
vt 0.255685 0.717001
vt 0.218373 0.722095
vt 0.218373 0.722095
vt 0.246536 0.699886
vt 0.212114 0.701460
vt 0.212114 0.701460
vt 0.240902 0.681314
vt 0.210000 0.320000
vt 0.210000 0.320000
vt 0.239000 0.338000
vt 0.212114 0.298540
vt 0.212114 0.298540
vt 0.240902 0.318686
vt 0.218373 0.277905
vt 0.218373 0.277905
vt 0.246536 0.300114
vt 0.228538 0.258887
vt 0.228538 0.258887
vt 0.255685 0.282999
vt 0.242218 0.242218
vt 0.242218 0.242218
vt 0.267996 0.267996
vt 0.258887 0.228538
vt 0.258887 0.228538
vt 0.282999 0.255685
vt 0.277905 0.218373
vt 0.277905 0.218373
vt 0.300114 0.246536
vt 0.298540 0.212114
vt 0.298540 0.212114
vt 0.318686 0.240902
vt 0.680000 0.210000
vt 0.680000 0.210000
vt 0.662000 0.239000
vt 0.701460 0.212114
vt 0.701460 0.212114
vt 0.681314 0.240902
vt 0.722095 0.218373
vt 0.722095 0.218373
vt 0.699886 0.246536
vt 0.741113 0.228538
vt 0.741113 0.228538
vt 0.717001 0.255685
vt 0.757782 0.242218
vt 0.757782 0.242218
vt 0.732004 0.267996
vt 0.771462 0.258887
vt 0.771462 0.258887
vt 0.744315 0.282999
vt 0.781627 0.277905
vt 0.781627 0.277905
vt 0.753464 0.300114
vt 0.787886 0.298540
vt 0.787886 0.298540
vt 0.759098 0.318686
vt 0.500000 0.500000
vt 0.680000 0.670000
vt 0.680000 0.670000
vt 0.610000 0.660000
vt 0.671190 0.725623
vt 0.671190 0.725623
vt 0.604616 0.693992
vt 0.645623 0.775801
vt 0.645623 0.775801
vt 0.588992 0.724656
vt 0.605801 0.815623
vt 0.605801 0.815623
vt 0.564656 0.748992
vt 0.555623 0.841190
vt 0.555623 0.841190
vt 0.533992 0.764616
vt 0.500000 0.850000
vt 0.500000 0.850000
vt 0.500000 0.770000
vt 0.444377 0.841190
vt 0.444377 0.841190
vt 0.466008 0.764616
vt 0.394199 0.815623
vt 0.394199 0.815623
vt 0.435344 0.748992
vt 0.354377 0.775801
vt 0.354377 0.775801
vt 0.411008 0.724656
vt 0.328810 0.725623
vt 0.328810 0.725623
vt 0.395384 0.693992
vt 0.320000 0.330000
vt 0.320000 0.330000
vt 0.390000 0.340000
vt 0.328810 0.274377
vt 0.328810 0.274377
vt 0.395384 0.306008
vt 0.354377 0.224199
vt 0.354377 0.224199
vt 0.411008 0.275344
vt 0.394199 0.184377
vt 0.394199 0.184377
vt 0.435344 0.251008
vt 0.444377 0.158810
vt 0.444377 0.158810
vt 0.466008 0.235384
vt 0.500000 0.150000
vt 0.500000 0.150000
vt 0.500000 0.230000
vt 0.555623 0.158810
vt 0.555623 0.158810
vt 0.533992 0.235384
vt 0.605801 0.184377
vt 0.605801 0.184377
vt 0.564656 0.251008
vt 0.645623 0.224199
vt 0.645623 0.224199
vt 0.588992 0.275344
vt 0.671190 0.274377
vt 0.671190 0.274377
vt 0.604616 0.306008
vt 0.600000 0.660000
vt 0.600000 0.660000
vt 0.595106 0.690902
vt 0.595106 0.690902
vt 0.580902 0.718779
vt 0.580902 0.718779
vt 0.558779 0.740902
vt 0.558779 0.740902
vt 0.530902 0.755106
vt 0.530902 0.755106
vt 0.500000 0.760000
vt 0.500000 0.760000
vt 0.469098 0.755106
vt 0.469098 0.755106
vt 0.441221 0.740902
vt 0.441221 0.740902
vt 0.419098 0.718779
vt 0.419098 0.718779
vt 0.404894 0.690902
vt 0.404894 0.690902
vt 0.400000 0.340000
vt 0.400000 0.340000
vt 0.404894 0.309098
vt 0.404894 0.309098
vt 0.419098 0.281221
vt 0.419098 0.281221
vt 0.441221 0.259098
vt 0.441221 0.259098
vt 0.469098 0.244894
vt 0.469098 0.244894
vt 0.500000 0.240000
vt 0.500000 0.240000
vt 0.530902 0.244894
vt 0.530902 0.244894
vt 0.558779 0.259098
vt 0.558779 0.259098
vt 0.580902 0.281221
vt 0.580902 0.281221
vt 0.595106 0.309098
vt 0.595106 0.309098
vt 0.500000 0.500000
vt 0.680000 0.670000
vt 0.680000 0.670000
vt 0.610000 0.660000
vt 0.671190 0.725623
vt 0.671190 0.725623
vt 0.604616 0.693992
vt 0.645623 0.775801
vt 0.645623 0.775801
vt 0.588992 0.724656
vt 0.605801 0.815623
vt 0.605801 0.815623
vt 0.564656 0.748992
vt 0.555623 0.841190
vt 0.555623 0.841190
vt 0.533992 0.764616
vt 0.500000 0.850000
vt 0.500000 0.850000
vt 0.500000 0.770000
vt 0.444377 0.841190
vt 0.444377 0.841190
vt 0.466008 0.764616
vt 0.394199 0.815623
vt 0.394199 0.815623
vt 0.435344 0.748992
vt 0.354377 0.775801
vt 0.354377 0.775801
vt 0.411008 0.724656
vt 0.328810 0.725623
vt 0.328810 0.725623
vt 0.395384 0.693992
vt 0.320000 0.330000
vt 0.320000 0.330000
vt 0.390000 0.340000
vt 0.328810 0.274377
vt 0.328810 0.274377
vt 0.395384 0.306008
vt 0.354377 0.224199
vt 0.354377 0.224199
vt 0.411008 0.275344
vt 0.394199 0.184377
vt 0.394199 0.184377
vt 0.435344 0.251008
vt 0.444377 0.158810
vt 0.444377 0.158810
vt 0.466008 0.235384
vt 0.500000 0.150000
vt 0.500000 0.150000
vt 0.500000 0.230000
vt 0.555623 0.158810
vt 0.555623 0.158810
vt 0.533992 0.235384
vt 0.605801 0.184377
vt 0.605801 0.184377
vt 0.564656 0.251008
vt 0.645623 0.224199
vt 0.645623 0.224199
vt 0.588992 0.275344
vt 0.671190 0.274377
vt 0.671190 0.274377
vt 0.604616 0.306008
vt 0.600000 0.660000
vt 0.600000 0.660000
vt 0.595106 0.690902
vt 0.595106 0.690902
vt 0.580902 0.718779
vt 0.580902 0.718779
vt 0.558779 0.740902
vt 0.558779 0.740902
vt 0.530902 0.755106
vt 0.530902 0.755106
vt 0.500000 0.760000
vt 0.500000 0.760000
vt 0.469098 0.755106
vt 0.469098 0.755106
vt 0.441221 0.740902
vt 0.441221 0.740902
vt 0.419098 0.718779
vt 0.419098 0.718779
vt 0.404894 0.690902
vt 0.404894 0.690902
vt 0.400000 0.340000
vt 0.400000 0.340000
vt 0.404894 0.309098
vt 0.404894 0.309098
vt 0.419098 0.281221
vt 0.419098 0.281221
vt 0.441221 0.259098
vt 0.441221 0.259098
vt 0.469098 0.244894
vt 0.469098 0.244894
vt 0.500000 0.240000
vt 0.500000 0.240000
vt 0.530902 0.244894
vt 0.530902 0.244894
vt 0.558779 0.259098
vt 0.558779 0.259098
vt 0.580902 0.281221
vt 0.580902 0.281221
vt 0.595106 0.309098
vt 0.595106 0.309098
vt 0.500000 0.500000
vt 0.680000 0.670000
vt 0.680000 0.670000
vt 0.610000 0.660000
vt 0.671190 0.725623
vt 0.671190 0.725623
vt 0.604616 0.693992
vt 0.645623 0.775801
vt 0.645623 0.775801
vt 0.588992 0.724656
vt 0.605801 0.815623
vt 0.605801 0.815623
vt 0.564656 0.748992
vt 0.555623 0.841190
vt 0.555623 0.841190
vt 0.533992 0.764616
vt 0.500000 0.850000
vt 0.500000 0.850000
vt 0.500000 0.770000
vt 0.444377 0.841190
vt 0.444377 0.841190
vt 0.466008 0.764616
vt 0.394199 0.815623
vt 0.394199 0.815623
vt 0.435344 0.748992
vt 0.354377 0.775801
vt 0.354377 0.775801
vt 0.411008 0.724656
vt 0.328810 0.725623
vt 0.328810 0.725623
vt 0.395384 0.693992
vt 0.320000 0.330000
vt 0.320000 0.330000
vt 0.390000 0.340000
vt 0.328810 0.274377
vt 0.328810 0.274377
vt 0.395384 0.306008
vt 0.354377 0.224199
vt 0.354377 0.224199
vt 0.411008 0.275344
vt 0.394199 0.184377
vt 0.394199 0.184377
vt 0.435344 0.251008
vt 0.444377 0.158810
vt 0.444377 0.158810
vt 0.466008 0.235384
vt 0.500000 0.150000
vt 0.500000 0.150000
vt 0.500000 0.230000
vt 0.555623 0.158810
vt 0.555623 0.158810
vt 0.533992 0.235384
vt 0.605801 0.184377
vt 0.605801 0.184377
vt 0.564656 0.251008
vt 0.645623 0.224199
vt 0.645623 0.224199
vt 0.588992 0.275344
vt 0.671190 0.274377
vt 0.671190 0.274377
vt 0.604616 0.306008
vt 0.600000 0.660000
vt 0.600000 0.660000
vt 0.595106 0.690902
vt 0.595106 0.690902
vt 0.580902 0.718779
vt 0.580902 0.718779
vt 0.558779 0.740902
vt 0.558779 0.740902
vt 0.530902 0.755106
vt 0.530902 0.755106
vt 0.500000 0.760000
vt 0.500000 0.760000
vt 0.469098 0.755106
vt 0.469098 0.755106
vt 0.441221 0.740902
vt 0.441221 0.740902
vt 0.419098 0.718779
vt 0.419098 0.718779
vt 0.404894 0.690902
vt 0.404894 0.690902
vt 0.400000 0.340000
vt 0.400000 0.340000
vt 0.404894 0.309098
vt 0.404894 0.309098
vt 0.419098 0.281221
vt 0.419098 0.281221
vt 0.441221 0.259098
vt 0.441221 0.259098
vt 0.469098 0.244894
vt 0.469098 0.244894
vt 0.500000 0.240000
vt 0.500000 0.240000
vt 0.530902 0.244894
vt 0.530902 0.244894
vt 0.558779 0.259098
vt 0.558779 0.259098
vt 0.580902 0.281221
vt 0.580902 0.281221
vt 0.595106 0.309098
vt 0.595106 0.309098
vt 0.500000 0.500000
vt 0.680000 0.670000
vt 0.680000 0.670000
vt 0.610000 0.660000
vt 0.671190 0.725623
vt 0.671190 0.725623
vt 0.604616 0.693992
vt 0.645623 0.775801
vt 0.645623 0.775801
vt 0.588992 0.724656
vt 0.605801 0.815623
vt 0.605801 0.815623
vt 0.564656 0.748992
vt 0.555623 0.841190
vt 0.555623 0.841190
vt 0.533992 0.764616
vt 0.500000 0.850000
vt 0.500000 0.850000
vt 0.500000 0.770000
vt 0.444377 0.841190
vt 0.444377 0.841190
vt 0.466008 0.764616
vt 0.394199 0.815623
vt 0.394199 0.815623
vt 0.435344 0.748992
vt 0.354377 0.775801
vt 0.354377 0.775801
vt 0.411008 0.724656
vt 0.328810 0.725623
vt 0.328810 0.725623
vt 0.395384 0.693992
vt 0.320000 0.330000
vt 0.320000 0.330000
vt 0.390000 0.340000
vt 0.328810 0.274377
vt 0.328810 0.274377
vt 0.395384 0.306008
vt 0.354377 0.224199
vt 0.354377 0.224199
vt 0.411008 0.275344
vt 0.394199 0.184377
vt 0.394199 0.184377
vt 0.435344 0.251008
vt 0.444377 0.158810
vt 0.444377 0.158810
vt 0.466008 0.235384
vt 0.500000 0.150000
vt 0.500000 0.150000
vt 0.500000 0.230000
vt 0.555623 0.158810
vt 0.555623 0.158810
vt 0.533992 0.235384
vt 0.605801 0.184377
vt 0.605801 0.184377
vt 0.564656 0.251008
vt 0.645623 0.224199
vt 0.645623 0.224199
vt 0.588992 0.275344
vt 0.671190 0.274377
vt 0.671190 0.274377
vt 0.604616 0.306008
vt 0.600000 0.660000
vt 0.600000 0.660000
vt 0.595106 0.690902
vt 0.595106 0.690902
vt 0.580902 0.718779
vt 0.580902 0.718779
vt 0.558779 0.740902
vt 0.558779 0.740902
vt 0.530902 0.755106
vt 0.530902 0.755106
vt 0.500000 0.760000
vt 0.500000 0.760000
vt 0.469098 0.755106
vt 0.469098 0.755106
vt 0.441221 0.740902
vt 0.441221 0.740902
vt 0.419098 0.718779
vt 0.419098 0.718779
vt 0.404894 0.690902
vt 0.404894 0.690902
vt 0.400000 0.340000
vt 0.400000 0.340000
vt 0.404894 0.309098
vt 0.404894 0.309098
vt 0.419098 0.281221
vt 0.419098 0.281221
vt 0.441221 0.259098
vt 0.441221 0.259098
vt 0.469098 0.244894
vt 0.469098 0.244894
vt 0.500000 0.240000
vt 0.500000 0.240000
vt 0.530902 0.244894
vt 0.530902 0.244894
vt 0.558779 0.259098
vt 0.558779 0.259098
vt 0.580902 0.281221
vt 0.580902 0.281221
vt 0.595106 0.309098
vt 0.595106 0.309098
vt 0.500000 0.500000
vt 0.860000 0.780000
vt 0.857274 0.800706
vt 0.849282 0.820000
vt 0.836569 0.836569
vt 0.820000 0.849282
vt 0.800706 0.857274
vt 0.220000 0.860000
vt 0.199294 0.857274
vt 0.180000 0.849282
vt 0.163431 0.836569
vt 0.150718 0.820000
vt 0.142726 0.800706
vt 0.140000 0.220000
vt 0.142726 0.199294
vt 0.150718 0.180000
vt 0.163431 0.163431
vt 0.180000 0.150718
vt 0.199294 0.142726
vt 0.780000 0.140000
vt 0.800706 0.142726
vt 0.820000 0.150718
vt 0.836569 0.163431
vt 0.849282 0.180000
vt 0.857274 0.199294
vt 0.500000 0.500000
vt 1.000000 0.500000
vt 1.000000 0.500000
vt 0.933013 0.750000
vt 0.933013 0.750000
vt 0.750000 0.933013
vt 0.750000 0.933013
vt 0.500000 1.000000
vt 0.500000 1.000000
vt 0.250000 0.933013
vt 0.250000 0.933013
vt 0.066987 0.750000
vt 0.066987 0.750000
vt 0.000000 0.500000
vt 0.000000 0.500000
vt 0.066987 0.250000
vt 0.066987 0.250000
vt 0.250000 0.066987
vt 0.250000 0.066987
vt 0.500000 0.000000
vt 0.500000 0.000000
vt 0.750000 0.066987
vt 0.750000 0.066987
vt 0.933013 0.250000
vt 0.933013 0.250000
vt 0.500000 0.500000
vt 1.000000 0.500000
vt 1.000000 0.500000
vt 0.933013 0.750000
vt 0.933013 0.750000
vt 0.750000 0.933013
vt 0.750000 0.933013
vt 0.500000 1.000000
vt 0.500000 1.000000
vt 0.250000 0.933013
vt 0.250000 0.933013
vt 0.066987 0.750000
vt 0.066987 0.750000
vt 0.000000 0.500000
vt 0.000000 0.500000
vt 0.066987 0.250000
vt 0.066987 0.250000
vt 0.250000 0.066987
vt 0.250000 0.066987
vt 0.500000 0.000000
vt 0.500000 0.000000
vt 0.750000 0.066987
vt 0.750000 0.066987
vt 0.933013 0.250000
vt 0.933013 0.250000
vt 0.500000 0.500000
vt 1.000000 0.500000
vt 1.000000 0.500000
vt 0.933013 0.750000
vt 0.933013 0.750000
vt 0.750000 0.933013
vt 0.750000 0.933013
vt 0.500000 1.000000
vt 0.500000 1.000000
vt 0.250000 0.933013
vt 0.250000 0.933013
vt 0.066987 0.750000
vt 0.066987 0.750000
vt 0.000000 0.500000
vt 0.000000 0.500000
vt 0.066987 0.250000
vt 0.066987 0.250000
vt 0.250000 0.066987
vt 0.250000 0.066987
vt 0.500000 0.000000
vt 0.500000 0.000000
vt 0.750000 0.066987
vt 0.750000 0.066987
vt 0.933013 0.250000
vt 0.933013 0.250000
vt 0.500000 0.500000
vt 1.000000 0.500000
vt 1.000000 0.500000
vt 0.933013 0.750000
vt 0.933013 0.750000
vt 0.750000 0.933013
vt 0.750000 0.933013
vt 0.500000 1.000000
vt 0.500000 1.000000
vt 0.250000 0.933013
vt 0.250000 0.933013
vt 0.066987 0.750000
vt 0.066987 0.750000
vt 0.000000 0.500000
vt 0.000000 0.500000
vt 0.066987 0.250000
vt 0.066987 0.250000
vt 0.250000 0.066987
vt 0.250000 0.066987
vt 0.500000 0.000000
vt 0.500000 0.000000
vt 0.750000 0.066987
vt 0.750000 0.066987
vt 0.933013 0.250000
vt 0.933013 0.250000
vt 0.500000 0.500000

vn 0.000000 0.000000 1.000000
vn -0.295242 0.000000 0.955423
vn -0.506732 0.000000 0.862104
vn -0.628960 0.000000 0.777438
vn -0.689152 0.000000 0.724617
vn 0.000000 0.000000 1.000000
vn 0.000000 0.000000 1.000000
vn 0.000000 0.000000 1.000000
vn 0.000000 0.000000 1.000000
vn 0.000000 0.000000 1.000000
vn 0.295242 0.000000 0.955423
vn 0.506732 0.000000 0.862104
vn 0.628960 0.000000 0.777438
vn 0.689152 0.000000 0.724617
vn 0.707107 0.000000 0.707107
vn 0.000000 -0.295242 0.955423
vn -0.283158 -0.283158 0.916320
vn -0.489654 -0.257426 0.833049
vn -0.611559 -0.233595 0.755929
vn -0.672499 -0.218508 0.707107
vn 0.000000 -0.295242 0.955423
vn 0.000000 -0.295242 0.955423
vn 0.000000 -0.295242 0.955423
vn 0.000000 -0.295242 0.955423
vn 0.000000 -0.295242 0.955423
vn 0.283158 -0.283158 0.916320
vn 0.489654 -0.257426 0.833049
vn 0.611559 -0.233595 0.755929
vn 0.672499 -0.218508 0.707107
vn 0.690808 -0.213471 0.690808
vn 0.000000 -0.506732 0.862104
vn -0.257426 -0.489654 0.833049
vn -0.452011 -0.452011 0.769007
vn -0.572061 -0.415627 0.707107
vn -0.634038 -0.391857 0.666667
vn 0.000000 -0.506732 0.862104
vn 0.000000 -0.506732 0.862104
vn 0.000000 -0.506732 0.862104
vn 0.000000 -0.506732 0.862104
vn 0.000000 -0.506732 0.862104
vn 0.257426 -0.489654 0.833049
vn 0.452011 -0.452011 0.769007
vn 0.572061 -0.415627 0.707107
vn 0.634038 -0.391857 0.666667
vn 0.652955 -0.383797 0.652955
vn 0.000000 -0.628960 0.777438
vn -0.233595 -0.611559 0.755929
vn -0.415627 -0.572061 0.707107
vn -0.532407 -0.532407 0.658092
vn -0.594524 -0.505733 0.625120
vn 0.000000 -0.628960 0.777438
vn 0.000000 -0.628960 0.777438
vn 0.000000 -0.628960 0.777438
vn 0.000000 -0.628960 0.777438
vn 0.000000 -0.628960 0.777438
vn 0.233595 -0.611559 0.755929
vn 0.415627 -0.572061 0.707107
vn 0.532407 -0.532407 0.658092
vn 0.594524 -0.505733 0.625120
vn 0.613773 -0.496553 0.613773
vn 0.000000 -0.689152 0.724617
vn -0.218508 -0.672499 0.707107
vn -0.391857 -0.634038 0.666667
vn -0.505733 -0.594524 0.625120
vn -0.567452 -0.567452 0.596654
vn 0.000000 -0.689152 0.724617
vn 0.000000 -0.689152 0.724617
vn 0.000000 -0.689152 0.724617
vn 0.000000 -0.689152 0.724617
vn 0.000000 -0.689152 0.724617
vn 0.218508 -0.672499 0.707107
vn 0.391857 -0.634038 0.666667
vn 0.505733 -0.594524 0.625120
vn 0.567452 -0.567452 0.596654
vn 0.586764 -0.558046 0.586764
vn 0.000000 0.000000 1.000000
vn -0.295242 0.000000 0.955423
vn -0.506732 0.000000 0.862104
vn -0.628960 0.000000 0.777438
vn -0.689152 0.000000 0.724617
vn 0.000000 0.000000 1.000000
vn 0.000000 0.000000 1.000000
vn 0.000000 0.000000 1.000000
vn 0.000000 0.000000 1.000000
vn 0.000000 0.000000 1.000000
vn 0.295242 0.000000 0.955423
vn 0.506732 0.000000 0.862104
vn 0.628960 0.000000 0.777438
vn 0.689152 0.000000 0.724617
vn 0.707107 0.000000 0.707107
vn 0.000000 0.000000 1.000000
vn -0.295242 0.000000 0.955423
vn -0.506732 0.000000 0.862104
vn -0.628960 0.000000 0.777438
vn -0.689152 0.000000 0.724617
vn 0.000000 0.000000 1.000000
vn 0.000000 0.000000 1.000000
vn 0.000000 0.000000 1.000000
vn 0.000000 0.000000 1.000000
vn 0.000000 0.000000 1.000000
vn 0.295242 0.000000 0.955423
vn 0.506732 0.000000 0.862104
vn 0.628960 0.000000 0.777438
vn 0.689152 0.000000 0.724617
vn 0.707107 0.000000 0.707107
vn 0.000000 0.000000 1.000000
vn -0.295242 0.000000 0.955423
vn -0.506732 0.000000 0.862104
vn -0.628960 0.000000 0.777438
vn -0.689152 0.000000 0.724617
vn 0.000000 0.000000 1.000000
vn 0.000000 0.000000 1.000000
vn 0.000000 0.000000 1.000000
vn 0.000000 0.000000 1.000000
vn 0.000000 0.000000 1.000000
vn 0.295242 0.000000 0.955423
vn 0.506732 0.000000 0.862104
vn 0.628960 0.000000 0.777438
vn 0.689152 0.000000 0.724617
vn 0.707107 0.000000 0.707107
vn 0.000000 0.000000 1.000000
vn -0.295242 0.000000 0.955423
vn -0.506732 0.000000 0.862104
vn -0.628960 0.000000 0.777438
vn -0.689152 0.000000 0.724617
vn 0.000000 0.000000 1.000000
vn 0.000000 0.000000 1.000000
vn 0.000000 0.000000 1.000000
vn 0.000000 0.000000 1.000000
vn 0.000000 0.000000 1.000000
vn 0.295242 0.000000 0.955423
vn 0.506732 0.000000 0.862104
vn 0.628960 0.000000 0.777438
vn 0.689152 0.000000 0.724617
vn 0.707107 0.000000 0.707107
vn 0.000000 0.000000 1.000000
vn -0.295242 0.000000 0.955423
vn -0.506732 0.000000 0.862104
vn -0.628960 0.000000 0.777438
vn -0.689152 0.000000 0.724617
vn 0.000000 0.000000 1.000000
vn 0.000000 0.000000 1.000000
vn 0.000000 0.000000 1.000000
vn 0.000000 0.000000 1.000000
vn 0.000000 0.000000 1.000000
vn 0.295242 0.000000 0.955423
vn 0.506732 0.000000 0.862104
vn 0.628960 0.000000 0.777438
vn 0.689152 0.000000 0.724617
vn 0.707107 0.000000 0.707107
vn 0.000000 0.295242 0.955423
vn -0.283158 0.283158 0.916320
vn -0.489654 0.257426 0.833049
vn -0.611559 0.233595 0.755929
vn -0.672499 0.218508 0.707107
vn 0.000000 0.295242 0.955423
vn 0.000000 0.295242 0.955423
vn 0.000000 0.295242 0.955423
vn 0.000000 0.295242 0.955423
vn 0.000000 0.295242 0.955423
vn 0.283158 0.283158 0.916320
vn 0.489654 0.257426 0.833049
vn 0.611559 0.233595 0.755929
vn 0.672499 0.218508 0.707107
vn 0.690808 0.213471 0.690808
vn 0.000000 0.506732 0.862104
vn -0.257426 0.489654 0.833049
vn -0.452011 0.452011 0.769007
vn -0.572061 0.415627 0.707107
vn -0.634038 0.391857 0.666667
vn 0.000000 0.506732 0.862104
vn 0.000000 0.506732 0.862104
vn 0.000000 0.506732 0.862104
vn 0.000000 0.506732 0.862104
vn 0.000000 0.506732 0.862104
vn 0.257426 0.489654 0.833049
vn 0.452011 0.452011 0.769007
vn 0.572061 0.415627 0.707107
vn 0.634038 0.391857 0.666667
vn 0.652955 0.383797 0.652955
vn 0.000000 0.628960 0.777438
vn -0.233595 0.611559 0.755929
vn -0.415627 0.572061 0.707107
vn -0.532407 0.532407 0.658092
vn -0.594524 0.505733 0.625120
vn 0.000000 0.628960 0.777438
vn 0.000000 0.628960 0.777438
vn 0.000000 0.628960 0.777438
vn 0.000000 0.628960 0.777438
vn 0.000000 0.628960 0.777438
vn 0.233595 0.611559 0.755929
vn 0.415627 0.572061 0.707107
vn 0.532407 0.532407 0.658092
vn 0.594524 0.505733 0.625120
vn 0.613773 0.496553 0.613773
vn 0.000000 0.689152 0.724617
vn -0.218508 0.672499 0.707107
vn -0.391857 0.634038 0.666667
vn -0.505733 0.594524 0.625120
vn -0.567452 0.567452 0.596654
vn 0.000000 0.689152 0.724617
vn 0.000000 0.689152 0.724617
vn 0.000000 0.689152 0.724617
vn 0.000000 0.689152 0.724617
vn 0.000000 0.689152 0.724617
vn 0.218508 0.672499 0.707107
vn 0.391857 0.634038 0.666667
vn 0.505733 0.594524 0.625120
vn 0.567452 0.567452 0.596654
vn 0.586764 0.558046 0.586764
vn 0.000000 0.707107 0.707107
vn -0.213471 0.690808 0.690808
vn -0.383797 0.652955 0.652955
vn -0.496553 0.613773 0.613773
vn -0.558046 0.586764 0.586764
vn 0.000000 0.707107 0.707107
vn 0.000000 0.707107 0.707107
vn 0.000000 0.707107 0.707107
vn 0.000000 0.707107 0.707107
vn 0.000000 0.707107 0.707107
vn 0.213471 0.690808 0.690808
vn 0.383797 0.652955 0.652955
vn 0.496553 0.613773 0.613773
vn 0.558046 0.586764 0.586764
vn 0.577350 0.577350 0.577350
vn 0.707107 0.000000 -0.707107
vn 0.689152 0.000000 -0.724617
vn 0.628960 0.000000 -0.777438
vn 0.506732 0.000000 -0.862104
vn 0.295242 0.000000 -0.955423
vn 0.000000 0.000000 -1.000000
vn 0.000000 0.000000 -1.000000
vn 0.000000 0.000000 -1.000000
vn 0.000000 0.000000 -1.000000
vn 0.000000 0.000000 -1.000000
vn -0.689152 0.000000 -0.724617
vn -0.628960 0.000000 -0.777438
vn -0.506732 0.000000 -0.862104
vn -0.295242 0.000000 -0.955423
vn 0.000000 0.000000 -1.000000
vn 0.690808 -0.213471 -0.690808
vn 0.672499 -0.218508 -0.707107
vn 0.611559 -0.233595 -0.755929
vn 0.489654 -0.257426 -0.833049
vn 0.283158 -0.283158 -0.916320
vn 0.000000 -0.295242 -0.955423
vn 0.000000 -0.295242 -0.955423
vn 0.000000 -0.295242 -0.955423
vn 0.000000 -0.295242 -0.955423
vn 0.000000 -0.295242 -0.955423
vn -0.672499 -0.218508 -0.707107
vn -0.611559 -0.233595 -0.755929
vn -0.489654 -0.257426 -0.833049
vn -0.283158 -0.283158 -0.916320
vn 0.000000 -0.295242 -0.955423
vn 0.652955 -0.383797 -0.652955
vn 0.634038 -0.391857 -0.666667
vn 0.572061 -0.415627 -0.707107
vn 0.452011 -0.452011 -0.769007
vn 0.257426 -0.489654 -0.833049
vn 0.000000 -0.506732 -0.862104
vn 0.000000 -0.506732 -0.862104
vn 0.000000 -0.506732 -0.862104
vn 0.000000 -0.506732 -0.862104
vn 0.000000 -0.506732 -0.862104
vn -0.634038 -0.391857 -0.666667
vn -0.572061 -0.415627 -0.707107
vn -0.452011 -0.452011 -0.769007
vn -0.257426 -0.489654 -0.833049
vn 0.000000 -0.506732 -0.862104
vn 0.613773 -0.496553 -0.613773
vn 0.594524 -0.505733 -0.625120
vn 0.532407 -0.532407 -0.658092
vn 0.415627 -0.572061 -0.707107
vn 0.233595 -0.611559 -0.755929
vn 0.000000 -0.628960 -0.777438
vn 0.000000 -0.628960 -0.777438
vn 0.000000 -0.628960 -0.777438
vn 0.000000 -0.628960 -0.777438
vn 0.000000 -0.628960 -0.777438
vn -0.594524 -0.505733 -0.625120
vn -0.532407 -0.532407 -0.658092
vn -0.415627 -0.572061 -0.707107
vn -0.233595 -0.611559 -0.755929
vn 0.000000 -0.628960 -0.777438
vn 0.586764 -0.558046 -0.586764
vn 0.567452 -0.567452 -0.596654
vn 0.505733 -0.594524 -0.625120
vn 0.391857 -0.634038 -0.666667
vn 0.218508 -0.672499 -0.707107
vn 0.000000 -0.689152 -0.724617
vn 0.000000 -0.689152 -0.724617
vn 0.000000 -0.689152 -0.724617
vn 0.000000 -0.689152 -0.724617
vn 0.000000 -0.689152 -0.724617
vn -0.567452 -0.567452 -0.596654
vn -0.505733 -0.594524 -0.625120
vn -0.391857 -0.634038 -0.666667
vn -0.218508 -0.672499 -0.707107
vn 0.000000 -0.689152 -0.724617
vn 0.707107 0.000000 -0.707107
vn 0.689152 0.000000 -0.724617
vn 0.628960 0.000000 -0.777438
vn 0.506732 0.000000 -0.862104
vn 0.295242 0.000000 -0.955423
vn 0.000000 0.000000 -1.000000
vn 0.000000 0.000000 -1.000000
vn 0.000000 0.000000 -1.000000
vn 0.000000 0.000000 -1.000000
vn 0.000000 0.000000 -1.000000
vn -0.689152 0.000000 -0.724617
vn -0.628960 0.000000 -0.777438
vn -0.506732 0.000000 -0.862104
vn -0.295242 0.000000 -0.955423
vn 0.000000 0.000000 -1.000000
vn 0.707107 0.000000 -0.707107
vn 0.689152 0.000000 -0.724617
vn 0.628960 0.000000 -0.777438
vn 0.506732 0.000000 -0.862104
vn 0.295242 0.000000 -0.955423
vn 0.000000 0.000000 -1.000000
vn 0.000000 0.000000 -1.000000
vn 0.000000 0.000000 -1.000000
vn 0.000000 0.000000 -1.000000
vn 0.000000 0.000000 -1.000000
vn -0.689152 0.000000 -0.724617
vn -0.628960 0.000000 -0.777438
vn -0.506732 0.000000 -0.862104
vn -0.295242 0.000000 -0.955423
vn 0.000000 0.000000 -1.000000
vn 0.707107 0.000000 -0.707107
vn 0.689152 0.000000 -0.724617
vn 0.628960 0.000000 -0.777438
vn 0.506732 0.000000 -0.862104
vn 0.295242 0.000000 -0.955423
vn 0.000000 0.000000 -1.000000
vn 0.000000 0.000000 -1.000000
vn 0.000000 0.000000 -1.000000
vn 0.000000 0.000000 -1.000000
vn 0.000000 0.000000 -1.000000
vn -0.689152 0.000000 -0.724617
vn -0.628960 0.000000 -0.777438
vn -0.506732 0.000000 -0.862104
vn -0.295242 0.000000 -0.955423
vn 0.000000 0.000000 -1.000000
vn 0.707107 0.000000 -0.707107
vn 0.689152 0.000000 -0.724617
vn 0.628960 0.000000 -0.777438
vn 0.506732 0.000000 -0.862104
vn 0.295242 0.000000 -0.955423
vn 0.000000 0.000000 -1.000000
vn 0.000000 0.000000 -1.000000
vn 0.000000 0.000000 -1.000000
vn 0.000000 0.000000 -1.000000
vn 0.000000 0.000000 -1.000000
vn -0.689152 0.000000 -0.724617
vn -0.628960 0.000000 -0.777438
vn -0.506732 0.000000 -0.862104
vn -0.295242 0.000000 -0.955423
vn 0.000000 0.000000 -1.000000
vn 0.707107 0.000000 -0.707107
vn 0.689152 0.000000 -0.724617
vn 0.628960 0.000000 -0.777438
vn 0.506732 0.000000 -0.862104
vn 0.295242 0.000000 -0.955423
vn 0.000000 0.000000 -1.000000
vn 0.000000 0.000000 -1.000000
vn 0.000000 0.000000 -1.000000
vn 0.000000 0.000000 -1.000000
vn 0.000000 0.000000 -1.000000
vn -0.689152 0.000000 -0.724617
vn -0.628960 0.000000 -0.777438
vn -0.506732 0.000000 -0.862104
vn -0.295242 0.000000 -0.955423
vn 0.000000 0.000000 -1.000000
vn 0.690808 0.213471 -0.690808
vn 0.672499 0.218508 -0.707107
vn 0.611559 0.233595 -0.755929
vn 0.489654 0.257426 -0.833049
vn 0.283158 0.283158 -0.916320
vn 0.000000 0.295242 -0.955423
vn 0.000000 0.295242 -0.955423
vn 0.000000 0.295242 -0.955423
vn 0.000000 0.295242 -0.955423
vn 0.000000 0.295242 -0.955423
vn -0.672499 0.218508 -0.707107
vn -0.611559 0.233595 -0.755929
vn -0.489654 0.257426 -0.833049
vn -0.283158 0.283158 -0.916320
vn 0.000000 0.295242 -0.955423
vn 0.652955 0.383797 -0.652955
vn 0.634038 0.391857 -0.666667
vn 0.572061 0.415627 -0.707107
vn 0.452011 0.452011 -0.769007
vn 0.257426 0.489654 -0.833049
vn 0.000000 0.506732 -0.862104
vn 0.000000 0.506732 -0.862104
vn 0.000000 0.506732 -0.862104
vn 0.000000 0.506732 -0.862104
vn 0.000000 0.506732 -0.862104
vn -0.634038 0.391857 -0.666667
vn -0.572061 0.415627 -0.707107
vn -0.452011 0.452011 -0.769007
vn -0.257426 0.489654 -0.833049
vn 0.000000 0.506732 -0.862104
vn 0.613773 0.496553 -0.613773
vn 0.594524 0.505733 -0.625120
vn 0.532407 0.532407 -0.658092
vn 0.415627 0.572061 -0.707107
vn 0.233595 0.611559 -0.755929
vn 0.000000 0.628960 -0.777438
vn 0.000000 0.628960 -0.777438
vn 0.000000 0.628960 -0.777438
vn 0.000000 0.628960 -0.777438
vn 0.000000 0.628960 -0.777438
vn -0.594524 0.505733 -0.625120
vn -0.532407 0.532407 -0.658092
vn -0.415627 0.572061 -0.707107
vn -0.233595 0.611559 -0.755929
vn 0.000000 0.628960 -0.777438
vn 0.586764 0.558046 -0.586764
vn 0.567452 0.567452 -0.596654
vn 0.505733 0.594524 -0.625120
vn 0.391857 0.634038 -0.666667
vn 0.218508 0.672499 -0.707107
vn 0.000000 0.689152 -0.724617
vn 0.000000 0.689152 -0.724617
vn 0.000000 0.689152 -0.724617
vn 0.000000 0.689152 -0.724617
vn 0.000000 0.689152 -0.724617
vn -0.567452 0.567452 -0.596654
vn -0.505733 0.594524 -0.625120
vn -0.391857 0.634038 -0.666667
vn -0.218508 0.672499 -0.707107
vn 0.000000 0.689152 -0.724617
vn 0.577350 0.577350 -0.577350
vn 0.558046 0.586764 -0.586764
vn 0.496553 0.613773 -0.613773
vn 0.383797 0.652955 -0.652955
vn 0.213471 0.690808 -0.690808
vn 0.000000 0.707107 -0.707107
vn 0.000000 0.707107 -0.707107
vn 0.000000 0.707107 -0.707107
vn 0.000000 0.707107 -0.707107
vn 0.000000 0.707107 -0.707107
vn -0.558046 0.586764 -0.586764
vn -0.496553 0.613773 -0.613773
vn -0.383797 0.652955 -0.652955
vn -0.213471 0.690808 -0.690808
vn 0.000000 0.707107 -0.707107
vn 0.707107 0.000000 0.707107
vn 0.724617 0.000000 0.689152
vn 0.777438 0.000000 0.628960
vn 0.862104 0.000000 0.506732
vn 0.955423 0.000000 0.295242
vn 1.000000 0.000000 0.000000
vn 1.000000 0.000000 0.000000
vn 1.000000 0.000000 0.000000
vn 1.000000 0.000000 0.000000
vn 1.000000 0.000000 0.000000
vn 0.724617 0.000000 -0.689152
vn 0.777438 0.000000 -0.628960
vn 0.862104 0.000000 -0.506732
vn 0.955423 0.000000 -0.295242
vn 1.000000 0.000000 0.000000
vn 0.690808 -0.213471 0.690808
vn 0.707107 -0.218508 0.672499
vn 0.755929 -0.233595 0.611559
vn 0.833049 -0.257426 0.489654
vn 0.916320 -0.283158 0.283158
vn 0.955423 -0.295242 0.000000
vn 0.955423 -0.295242 0.000000
vn 0.955423 -0.295242 0.000000
vn 0.955423 -0.295242 0.000000
vn 0.955423 -0.295242 0.000000
vn 0.707107 -0.218508 -0.672499
vn 0.755929 -0.233595 -0.611559
vn 0.833049 -0.257426 -0.489654
vn 0.916320 -0.283158 -0.283158
vn 0.955423 -0.295242 0.000000
vn 0.652955 -0.383797 0.652955
vn 0.666667 -0.391857 0.634038
vn 0.707107 -0.415627 0.572061
vn 0.769007 -0.452011 0.452011
vn 0.833049 -0.489654 0.257426
vn 0.862104 -0.506732 0.000000
vn 0.862104 -0.506732 0.000000
vn 0.862104 -0.506732 0.000000
vn 0.862104 -0.506732 0.000000
vn 0.862104 -0.506732 0.000000
vn 0.666667 -0.391857 -0.634038
vn 0.707107 -0.415627 -0.572061
vn 0.769007 -0.452011 -0.452011
vn 0.833049 -0.489654 -0.257426
vn 0.862104 -0.506732 0.000000
vn 0.613773 -0.496553 0.613773
vn 0.625120 -0.505733 0.594524
vn 0.658092 -0.532407 0.532407
vn 0.707107 -0.572061 0.415627
vn 0.755929 -0.611559 0.233595
vn 0.777438 -0.628960 0.000000
vn 0.777438 -0.628960 0.000000
vn 0.777438 -0.628960 0.000000
vn 0.777438 -0.628960 0.000000
vn 0.777438 -0.628960 0.000000
vn 0.625120 -0.505733 -0.594524
vn 0.658092 -0.532407 -0.532407
vn 0.707107 -0.572061 -0.415627
vn 0.755929 -0.611559 -0.233595
vn 0.777438 -0.628960 0.000000
vn 0.586764 -0.558046 0.586764
vn 0.596654 -0.567452 0.567452
vn 0.625120 -0.594524 0.505733
vn 0.666667 -0.634038 0.391857
vn 0.707107 -0.672499 0.218508
vn 0.724617 -0.689152 0.000000
vn 0.724617 -0.689152 0.000000
vn 0.724617 -0.689152 0.000000
vn 0.724617 -0.689152 0.000000
vn 0.724617 -0.689152 0.000000
vn 0.596654 -0.567452 -0.567452
vn 0.625120 -0.594524 -0.505733
vn 0.666667 -0.634038 -0.391857
vn 0.707107 -0.672499 -0.218508
vn 0.724617 -0.689152 0.000000
vn 0.707107 0.000000 0.707107
vn 0.724617 0.000000 0.689152
vn 0.777438 0.000000 0.628960
vn 0.862104 0.000000 0.506732
vn 0.955423 0.000000 0.295242
vn 1.000000 0.000000 0.000000
vn 1.000000 0.000000 0.000000
vn 1.000000 0.000000 0.000000
vn 1.000000 0.000000 0.000000
vn 1.000000 0.000000 0.000000
vn 0.724617 0.000000 -0.689152
vn 0.777438 0.000000 -0.628960
vn 0.862104 0.000000 -0.506732
vn 0.955423 0.000000 -0.295242
vn 1.000000 0.000000 0.000000
vn 0.707107 0.000000 0.707107
vn 0.724617 0.000000 0.689152
vn 0.777438 0.000000 0.628960
vn 0.862104 0.000000 0.506732
vn 0.955423 0.000000 0.295242
vn 1.000000 0.000000 0.000000
vn 1.000000 0.000000 0.000000
vn 1.000000 0.000000 0.000000
vn 1.000000 0.000000 0.000000
vn 1.000000 0.000000 0.000000
vn 0.724617 0.000000 -0.689152
vn 0.777438 0.000000 -0.628960
vn 0.862104 0.000000 -0.506732
vn 0.955423 0.000000 -0.295242
vn 1.000000 0.000000 0.000000
vn 0.707107 0.000000 0.707107
vn 0.724617 0.000000 0.689152
vn 0.777438 0.000000 0.628960
vn 0.862104 0.000000 0.506732
vn 0.955423 0.000000 0.295242
vn 1.000000 0.000000 0.000000
vn 1.000000 0.000000 0.000000
vn 1.000000 0.000000 0.000000
vn 1.000000 0.000000 0.000000
vn 1.000000 0.000000 0.000000
vn 0.724617 0.000000 -0.689152
vn 0.777438 0.000000 -0.628960
vn 0.862104 0.000000 -0.506732
vn 0.955423 0.000000 -0.295242
vn 1.000000 0.000000 0.000000
vn 0.707107 0.000000 0.707107
vn 0.724617 0.000000 0.689152
vn 0.777438 0.000000 0.628960
vn 0.862104 0.000000 0.506732
vn 0.955423 0.000000 0.295242
vn 1.000000 0.000000 0.000000
vn 1.000000 0.000000 0.000000
vn 1.000000 0.000000 0.000000
vn 1.000000 0.000000 0.000000
vn 1.000000 0.000000 0.000000
vn 0.724617 0.000000 -0.689152
vn 0.777438 0.000000 -0.628960
vn 0.862104 0.000000 -0.506732
vn 0.955423 0.000000 -0.295242
vn 1.000000 0.000000 0.000000
vn 0.707107 0.000000 0.707107
vn 0.724617 0.000000 0.689152
vn 0.777438 0.000000 0.628960
vn 0.862104 0.000000 0.506732
vn 0.955423 0.000000 0.295242
vn 1.000000 0.000000 0.000000
vn 1.000000 0.000000 0.000000
vn 1.000000 0.000000 0.000000
vn 1.000000 0.000000 0.000000
vn 1.000000 0.000000 0.000000
vn 0.724617 0.000000 -0.689152
vn 0.777438 0.000000 -0.628960
vn 0.862104 0.000000 -0.506732
vn 0.955423 0.000000 -0.295242
vn 1.000000 0.000000 0.000000
vn 0.690808 0.213471 0.690808
vn 0.707107 0.218508 0.672499
vn 0.755929 0.233595 0.611559
vn 0.833049 0.257426 0.489654
vn 0.916320 0.283158 0.283158
vn 0.955423 0.295242 0.000000
vn 0.955423 0.295242 0.000000
vn 0.955423 0.295242 0.000000
vn 0.955423 0.295242 0.000000
vn 0.955423 0.295242 0.000000
vn 0.707107 0.218508 -0.672499
vn 0.755929 0.233595 -0.611559
vn 0.833049 0.257426 -0.489654
vn 0.916320 0.283158 -0.283158
vn 0.955423 0.295242 0.000000
vn 0.652955 0.383797 0.652955
vn 0.666667 0.391857 0.634038
vn 0.707107 0.415627 0.572061
vn 0.769007 0.452011 0.452011
vn 0.833049 0.489654 0.257426
vn 0.862104 0.506732 0.000000
vn 0.862104 0.506732 0.000000
vn 0.862104 0.506732 0.000000
vn 0.862104 0.506732 0.000000
vn 0.862104 0.506732 0.000000
vn 0.666667 0.391857 -0.634038
vn 0.707107 0.415627 -0.572061
vn 0.769007 0.452011 -0.452011
vn 0.833049 0.489654 -0.257426
vn 0.862104 0.506732 0.000000
vn 0.613773 0.496553 0.613773
vn 0.625120 0.505733 0.594524
vn 0.658092 0.532407 0.532407
vn 0.707107 0.572061 0.415627
vn 0.755929 0.611559 0.233595
vn 0.777438 0.628960 0.000000
vn 0.777438 0.628960 0.000000
vn 0.777438 0.628960 0.000000
vn 0.777438 0.628960 0.000000
vn 0.777438 0.628960 0.000000
vn 0.625120 0.505733 -0.594524
vn 0.658092 0.532407 -0.532407
vn 0.707107 0.572061 -0.415627
vn 0.755929 0.611559 -0.233595
vn 0.777438 0.628960 0.000000
vn 0.586764 0.558046 0.586764
vn 0.596654 0.567452 0.567452
vn 0.625120 0.594524 0.505733
vn 0.666667 0.634038 0.391857
vn 0.707107 0.672499 0.218508
vn 0.724617 0.689152 0.000000
vn 0.724617 0.689152 0.000000
vn 0.724617 0.689152 0.000000
vn 0.724617 0.689152 0.000000
vn 0.724617 0.689152 0.000000
vn 0.596654 0.567452 -0.567452
vn 0.625120 0.594524 -0.505733
vn 0.666667 0.634038 -0.391857
vn 0.707107 0.672499 -0.218508
vn 0.724617 0.689152 0.000000
vn 0.577350 0.577350 0.577350
vn 0.586764 0.586764 0.558046
vn 0.613773 0.613773 0.496553
vn 0.652955 0.652955 0.383797
vn 0.690808 0.690808 0.213471
vn 0.707107 0.707107 0.000000
vn 0.707107 0.707107 0.000000
vn 0.707107 0.707107 0.000000
vn 0.707107 0.707107 0.000000
vn 0.707107 0.707107 0.000000
vn 0.586764 0.586764 -0.558046
vn 0.613773 0.613773 -0.496553
vn 0.652955 0.652955 -0.383797
vn 0.690808 0.690808 -0.213471
vn 0.707107 0.707107 0.000000
vn -1.000000 0.000000 0.000000
vn -0.955423 0.000000 -0.295242
vn -0.862104 0.000000 -0.506732
vn -0.777438 0.000000 -0.628960
vn -0.724617 0.000000 -0.689152
vn -1.000000 0.000000 0.000000
vn -1.000000 0.000000 0.000000
vn -1.000000 0.000000 0.000000
vn -1.000000 0.000000 0.000000
vn -1.000000 0.000000 0.000000
vn -0.955423 0.000000 0.295242
vn -0.862104 0.000000 0.506732
vn -0.777438 0.000000 0.628960
vn -0.724617 0.000000 0.689152
vn -0.707107 0.000000 0.707107
vn -0.955423 -0.295242 0.000000
vn -0.916320 -0.283158 -0.283158
vn -0.833049 -0.257426 -0.489654
vn -0.755929 -0.233595 -0.611559
vn -0.707107 -0.218508 -0.672499
vn -0.955423 -0.295242 0.000000
vn -0.955423 -0.295242 0.000000
vn -0.955423 -0.295242 0.000000
vn -0.955423 -0.295242 0.000000
vn -0.955423 -0.295242 0.000000
vn -0.916320 -0.283158 0.283158
vn -0.833049 -0.257426 0.489654
vn -0.755929 -0.233595 0.611559
vn -0.707107 -0.218508 0.672499
vn -0.690808 -0.213471 0.690808
vn -0.862104 -0.506732 0.000000
vn -0.833049 -0.489654 -0.257426
vn -0.769007 -0.452011 -0.452011
vn -0.707107 -0.415627 -0.572061
vn -0.666667 -0.391857 -0.634038
vn -0.862104 -0.506732 0.000000
vn -0.862104 -0.506732 0.000000
vn -0.862104 -0.506732 0.000000
vn -0.862104 -0.506732 0.000000
vn -0.862104 -0.506732 0.000000
vn -0.833049 -0.489654 0.257426
vn -0.769007 -0.452011 0.452011
vn -0.707107 -0.415627 0.572061
vn -0.666667 -0.391857 0.634038
vn -0.652955 -0.383797 0.652955
vn -0.777438 -0.628960 0.000000
vn -0.755929 -0.611559 -0.233595
vn -0.707107 -0.572061 -0.415627
vn -0.658092 -0.532407 -0.532407
vn -0.625120 -0.505733 -0.594524
vn -0.777438 -0.628960 0.000000
vn -0.777438 -0.628960 0.000000
vn -0.777438 -0.628960 0.000000
vn -0.777438 -0.628960 0.000000
vn -0.777438 -0.628960 0.000000
vn -0.755929 -0.611559 0.233595
vn -0.707107 -0.572061 0.415627
vn -0.658092 -0.532407 0.532407
vn -0.625120 -0.505733 0.594524
vn -0.613773 -0.496553 0.613773
vn -0.724617 -0.689152 0.000000
vn -0.707107 -0.672499 -0.218508
vn -0.666667 -0.634038 -0.391857
vn -0.625120 -0.594524 -0.505733
vn -0.596654 -0.567452 -0.567452
vn -0.724617 -0.689152 0.000000
vn -0.724617 -0.689152 0.000000
vn -0.724617 -0.689152 0.000000
vn -0.724617 -0.689152 0.000000
vn -0.724617 -0.689152 0.000000
vn -0.707107 -0.672499 0.218508
vn -0.666667 -0.634038 0.391857
vn -0.625120 -0.594524 0.505733
vn -0.596654 -0.567452 0.567452
vn -0.586764 -0.558046 0.586764
vn -1.000000 0.000000 0.000000
vn -0.955423 0.000000 -0.295242
vn -0.862104 0.000000 -0.506732
vn -0.777438 0.000000 -0.628960
vn -0.724617 0.000000 -0.689152
vn -1.000000 0.000000 0.000000
vn -1.000000 0.000000 0.000000
vn -1.000000 0.000000 0.000000
vn -1.000000 0.000000 0.000000
vn -1.000000 0.000000 0.000000
vn -0.955423 0.000000 0.295242
vn -0.862104 0.000000 0.506732
vn -0.777438 0.000000 0.628960
vn -0.724617 0.000000 0.689152
vn -0.707107 0.000000 0.707107
vn -1.000000 0.000000 0.000000
vn -0.955423 0.000000 -0.295242
vn -0.862104 0.000000 -0.506732
vn -0.777438 0.000000 -0.628960
vn -0.724617 0.000000 -0.689152
vn -1.000000 0.000000 0.000000
vn -1.000000 0.000000 0.000000
vn -1.000000 0.000000 0.000000
vn -1.000000 0.000000 0.000000
vn -1.000000 0.000000 0.000000
vn -0.955423 0.000000 0.295242
vn -0.862104 0.000000 0.506732
vn -0.777438 0.000000 0.628960
vn -0.724617 0.000000 0.689152
vn -0.707107 0.000000 0.707107
vn -1.000000 0.000000 0.000000
vn -0.955423 0.000000 -0.295242
vn -0.862104 0.000000 -0.506732
vn -0.777438 0.000000 -0.628960
vn -0.724617 0.000000 -0.689152
vn -1.000000 0.000000 0.000000
vn -1.000000 0.000000 0.000000
vn -1.000000 0.000000 0.000000
vn -1.000000 0.000000 0.000000
vn -1.000000 0.000000 0.000000
vn -0.955423 0.000000 0.295242
vn -0.862104 0.000000 0.506732
vn -0.777438 0.000000 0.628960
vn -0.724617 0.000000 0.689152
vn -0.707107 0.000000 0.707107
vn -1.000000 0.000000 0.000000
vn -0.955423 0.000000 -0.295242
vn -0.862104 0.000000 -0.506732
vn -0.777438 0.000000 -0.628960
vn -0.724617 0.000000 -0.689152
vn -1.000000 0.000000 0.000000
vn -1.000000 0.000000 0.000000
vn -1.000000 0.000000 0.000000
vn -1.000000 0.000000 0.000000
vn -1.000000 0.000000 0.000000
vn -0.955423 0.000000 0.295242
vn -0.862104 0.000000 0.506732
vn -0.777438 0.000000 0.628960
vn -0.724617 0.000000 0.689152
vn -0.707107 0.000000 0.707107
vn -1.000000 0.000000 0.000000
vn -0.955423 0.000000 -0.295242
vn -0.862104 0.000000 -0.506732
vn -0.777438 0.000000 -0.628960
vn -0.724617 0.000000 -0.689152
vn -1.000000 0.000000 0.000000
vn -1.000000 0.000000 0.000000
vn -1.000000 0.000000 0.000000
vn -1.000000 0.000000 0.000000
vn -1.000000 0.000000 0.000000
vn -0.955423 0.000000 0.295242
vn -0.862104 0.000000 0.506732
vn -0.777438 0.000000 0.628960
vn -0.724617 0.000000 0.689152
vn -0.707107 0.000000 0.707107
vn -0.955423 0.295242 0.000000
vn -0.916320 0.283158 -0.283158
vn -0.833049 0.257426 -0.489654
vn -0.755929 0.233595 -0.611559
vn -0.707107 0.218508 -0.672499
vn -0.955423 0.295242 0.000000
vn -0.955423 0.295242 0.000000
vn -0.955423 0.295242 0.000000
vn -0.955423 0.295242 0.000000
vn -0.955423 0.295242 0.000000
vn -0.916320 0.283158 0.283158
vn -0.833049 0.257426 0.489654
vn -0.755929 0.233595 0.611559
vn -0.707107 0.218508 0.672499
vn -0.690808 0.213471 0.690808
vn -0.862104 0.506732 0.000000
vn -0.833049 0.489654 -0.257426
vn -0.769007 0.452011 -0.452011
vn -0.707107 0.415627 -0.572061
vn -0.666667 0.391857 -0.634038
vn -0.862104 0.506732 0.000000
vn -0.862104 0.506732 0.000000
vn -0.862104 0.506732 0.000000
vn -0.862104 0.506732 0.000000
vn -0.862104 0.506732 0.000000
vn -0.833049 0.489654 0.257426
vn -0.769007 0.452011 0.452011
vn -0.707107 0.415627 0.572061
vn -0.666667 0.391857 0.634038
vn -0.652955 0.383797 0.652955
vn -0.777438 0.628960 0.000000
vn -0.755929 0.611559 -0.233595
vn -0.707107 0.572061 -0.415627
vn -0.658092 0.532407 -0.532407
vn -0.625120 0.505733 -0.594524
vn -0.777438 0.628960 0.000000
vn -0.777438 0.628960 0.000000
vn -0.777438 0.628960 0.000000
vn -0.777438 0.628960 0.000000
vn -0.777438 0.628960 0.000000
vn -0.755929 0.611559 0.233595
vn -0.707107 0.572061 0.415627
vn -0.658092 0.532407 0.532407
vn -0.625120 0.505733 0.594524
vn -0.613773 0.496553 0.613773
vn -0.724617 0.689152 0.000000
vn -0.707107 0.672499 -0.218508
vn -0.666667 0.634038 -0.391857
vn -0.625120 0.594524 -0.505733
vn -0.596654 0.567452 -0.567452
vn -0.724617 0.689152 0.000000
vn -0.724617 0.689152 0.000000
vn -0.724617 0.689152 0.000000
vn -0.724617 0.689152 0.000000
vn -0.724617 0.689152 0.000000
vn -0.707107 0.672499 0.218508
vn -0.666667 0.634038 0.391857
vn -0.625120 0.594524 0.505733
vn -0.596654 0.567452 0.567452
vn -0.586764 0.558046 0.586764
vn -0.707107 0.707107 0.000000
vn -0.690808 0.690808 -0.213471
vn -0.652955 0.652955 -0.383797
vn -0.613773 0.613773 -0.496553
vn -0.586764 0.586764 -0.558046
vn -0.707107 0.707107 0.000000
vn -0.707107 0.707107 0.000000
vn -0.707107 0.707107 0.000000
vn -0.707107 0.707107 0.000000
vn -0.707107 0.707107 0.000000
vn -0.690808 0.690808 0.213471
vn -0.652955 0.652955 0.383797
vn -0.613773 0.613773 0.496553
vn -0.586764 0.586764 0.558046
vn -0.577350 0.577350 0.577350
vn 0.000000 1.000000 0.000000
vn -0.295242 0.955423 0.000000
vn -0.506732 0.862104 0.000000
vn -0.628960 0.777438 0.000000
vn -0.689152 0.724617 0.000000
vn 0.000000 1.000000 0.000000
vn 0.000000 1.000000 0.000000
vn 0.000000 1.000000 0.000000
vn 0.000000 1.000000 0.000000
vn 0.000000 1.000000 0.000000
vn 0.295242 0.955423 0.000000
vn 0.506732 0.862104 0.000000
vn 0.628960 0.777438 0.000000
vn 0.689152 0.724617 0.000000
vn 0.707107 0.707107 0.000000
vn 0.000000 0.955423 -0.295242
vn -0.283158 0.916320 -0.283158
vn -0.489654 0.833049 -0.257426
vn -0.611559 0.755929 -0.233595
vn -0.672499 0.707107 -0.218508
vn 0.000000 0.955423 -0.295242
vn 0.000000 0.955423 -0.295242
vn 0.000000 0.955423 -0.295242
vn 0.000000 0.955423 -0.295242
vn 0.000000 0.955423 -0.295242
vn 0.283158 0.916320 -0.283158
vn 0.489654 0.833049 -0.257426
vn 0.611559 0.755929 -0.233595
vn 0.672499 0.707107 -0.218508
vn 0.690808 0.690808 -0.213471
vn 0.000000 0.862104 -0.506732
vn -0.257426 0.833049 -0.489654
vn -0.452011 0.769007 -0.452011
vn -0.572061 0.707107 -0.415627
vn -0.634038 0.666667 -0.391857
vn 0.000000 0.862104 -0.506732
vn 0.000000 0.862104 -0.506732
vn 0.000000 0.862104 -0.506732
vn 0.000000 0.862104 -0.506732
vn 0.000000 0.862104 -0.506732
vn 0.257426 0.833049 -0.489654
vn 0.452011 0.769007 -0.452011
vn 0.572061 0.707107 -0.415627
vn 0.634038 0.666667 -0.391857
vn 0.652955 0.652955 -0.383797
vn 0.000000 0.777438 -0.628960
vn -0.233595 0.755929 -0.611559
vn -0.415627 0.707107 -0.572061
vn -0.532407 0.658092 -0.532407
vn -0.594524 0.625120 -0.505733
vn 0.000000 0.777438 -0.628960
vn 0.000000 0.777438 -0.628960
vn 0.000000 0.777438 -0.628960
vn 0.000000 0.777438 -0.628960
vn 0.000000 0.777438 -0.628960
vn 0.233595 0.755929 -0.611559
vn 0.415627 0.707107 -0.572061
vn 0.532407 0.658092 -0.532407
vn 0.594524 0.625120 -0.505733
vn 0.613773 0.613773 -0.496553
vn 0.000000 0.724617 -0.689152
vn -0.218508 0.707107 -0.672499
vn -0.391857 0.666667 -0.634038
vn -0.505733 0.625120 -0.594524
vn -0.567452 0.596654 -0.567452
vn 0.000000 0.724617 -0.689152
vn 0.000000 0.724617 -0.689152
vn 0.000000 0.724617 -0.689152
vn 0.000000 0.724617 -0.689152
vn 0.000000 0.724617 -0.689152
vn 0.218508 0.707107 -0.672499
vn 0.391857 0.666667 -0.634038
vn 0.505733 0.625120 -0.594524
vn 0.567452 0.596654 -0.567452
vn 0.586764 0.586764 -0.558046
vn 0.000000 1.000000 0.000000
vn -0.295242 0.955423 0.000000
vn -0.506732 0.862104 0.000000
vn -0.628960 0.777438 0.000000
vn -0.689152 0.724617 0.000000
vn 0.000000 1.000000 0.000000
vn 0.000000 1.000000 0.000000
vn 0.000000 1.000000 0.000000
vn 0.000000 1.000000 0.000000
vn 0.000000 1.000000 0.000000
vn 0.295242 0.955423 0.000000
vn 0.506732 0.862104 0.000000
vn 0.628960 0.777438 0.000000
vn 0.689152 0.724617 0.000000
vn 0.707107 0.707107 0.000000
vn 0.000000 1.000000 0.000000
vn -0.295242 0.955423 0.000000
vn -0.506732 0.862104 0.000000
vn -0.628960 0.777438 0.000000
vn -0.689152 0.724617 0.000000
vn 0.000000 1.000000 0.000000
vn 0.000000 1.000000 0.000000
vn 0.000000 1.000000 0.000000
vn 0.000000 1.000000 0.000000
vn 0.000000 1.000000 0.000000
vn 0.295242 0.955423 0.000000
vn 0.506732 0.862104 0.000000
vn 0.628960 0.777438 0.000000
vn 0.689152 0.724617 0.000000
vn 0.707107 0.707107 0.000000
vn 0.000000 1.000000 0.000000
vn -0.295242 0.955423 0.000000
vn -0.506732 0.862104 0.000000
vn -0.628960 0.777438 0.000000
vn -0.689152 0.724617 0.000000
vn 0.000000 1.000000 0.000000
vn 0.000000 1.000000 0.000000
vn 0.000000 1.000000 0.000000
vn 0.000000 1.000000 0.000000
vn 0.000000 1.000000 0.000000
vn 0.295242 0.955423 0.000000
vn 0.506732 0.862104 0.000000
vn 0.628960 0.777438 0.000000
vn 0.689152 0.724617 0.000000
vn 0.707107 0.707107 0.000000
vn 0.000000 1.000000 0.000000
vn -0.295242 0.955423 0.000000
vn -0.506732 0.862104 0.000000
vn -0.628960 0.777438 0.000000
vn -0.689152 0.724617 0.000000
vn 0.000000 1.000000 0.000000
vn 0.000000 1.000000 0.000000
vn 0.000000 1.000000 0.000000
vn 0.000000 1.000000 0.000000
vn 0.000000 1.000000 0.000000
vn 0.295242 0.955423 0.000000
vn 0.506732 0.862104 0.000000
vn 0.628960 0.777438 0.000000
vn 0.689152 0.724617 0.000000
vn 0.707107 0.707107 0.000000
vn 0.000000 1.000000 0.000000
vn -0.295242 0.955423 0.000000
vn -0.506732 0.862104 0.000000
vn -0.628960 0.777438 0.000000
vn -0.689152 0.724617 0.000000
vn 0.000000 1.000000 0.000000
vn 0.000000 1.000000 0.000000
vn 0.000000 1.000000 0.000000
vn 0.000000 1.000000 0.000000
vn 0.000000 1.000000 0.000000
vn 0.295242 0.955423 0.000000
vn 0.506732 0.862104 0.000000
vn 0.628960 0.777438 0.000000
vn 0.689152 0.724617 0.000000
vn 0.707107 0.707107 0.000000
vn 0.000000 0.955423 0.295242
vn -0.283158 0.916320 0.283158
vn -0.489654 0.833049 0.257426
vn -0.611559 0.755929 0.233595
vn -0.672499 0.707107 0.218508
vn 0.000000 0.955423 0.295242
vn 0.000000 0.955423 0.295242
vn 0.000000 0.955423 0.295242
vn 0.000000 0.955423 0.295242
vn 0.000000 0.955423 0.295242
vn 0.283158 0.916320 0.283158
vn 0.489654 0.833049 0.257426
vn 0.611559 0.755929 0.233595
vn 0.672499 0.707107 0.218508
vn 0.690808 0.690808 0.213471
vn 0.000000 0.862104 0.506732
vn -0.257426 0.833049 0.489654
vn -0.452011 0.769007 0.452011
vn -0.572061 0.707107 0.415627
vn -0.634038 0.666667 0.391857
vn 0.000000 0.862104 0.506732
vn 0.000000 0.862104 0.506732
vn 0.000000 0.862104 0.506732
vn 0.000000 0.862104 0.506732
vn 0.000000 0.862104 0.506732
vn 0.257426 0.833049 0.489654
vn 0.452011 0.769007 0.452011
vn 0.572061 0.707107 0.415627
vn 0.634038 0.666667 0.391857
vn 0.652955 0.652955 0.383797
vn 0.000000 0.777438 0.628960
vn -0.233595 0.755929 0.611559
vn -0.415627 0.707107 0.572061
vn -0.532407 0.658092 0.532407
vn -0.594524 0.625120 0.505733
vn 0.000000 0.777438 0.628960
vn 0.000000 0.777438 0.628960
vn 0.000000 0.777438 0.628960
vn 0.000000 0.777438 0.628960
vn 0.000000 0.777438 0.628960
vn 0.233595 0.755929 0.611559
vn 0.415627 0.707107 0.572061
vn 0.532407 0.658092 0.532407
vn 0.594524 0.625120 0.505733
vn 0.613773 0.613773 0.496553
vn 0.000000 0.724617 0.689152
vn -0.218508 0.707107 0.672499
vn -0.391857 0.666667 0.634038
vn -0.505733 0.625120 0.594524
vn -0.567452 0.596654 0.567452
vn 0.000000 0.724617 0.689152
vn 0.000000 0.724617 0.689152
vn 0.000000 0.724617 0.689152
vn 0.000000 0.724617 0.689152
vn 0.000000 0.724617 0.689152
vn 0.218508 0.707107 0.672499
vn 0.391857 0.666667 0.634038
vn 0.505733 0.625120 0.594524
vn 0.567452 0.596654 0.567452
vn 0.586764 0.586764 0.558046
vn 0.000000 0.707107 0.707107
vn -0.213471 0.690808 0.690808
vn -0.383797 0.652955 0.652955
vn -0.496553 0.613773 0.613773
vn -0.558046 0.586764 0.586764
vn 0.000000 0.707107 0.707107
vn 0.000000 0.707107 0.707107
vn 0.000000 0.707107 0.707107
vn 0.000000 0.707107 0.707107
vn 0.000000 0.707107 0.707107
vn 0.213471 0.690808 0.690808
vn 0.383797 0.652955 0.652955
vn 0.496553 0.613773 0.613773
vn 0.558046 0.586764 0.586764
vn 0.577350 0.577350 0.577350
vn 0.000000 -1.000000 0.000000
vn -0.295242 -0.955423 0.000000
vn -0.506732 -0.862104 0.000000
vn -0.628960 -0.777438 0.000000
vn -0.689152 -0.724617 0.000000
vn 0.000000 -1.000000 0.000000
vn 0.000000 -1.000000 0.000000
vn 0.000000 -1.000000 0.000000
vn 0.000000 -1.000000 0.000000
vn 0.000000 -1.000000 0.000000
vn 0.295242 -0.955423 0.000000
vn 0.506732 -0.862104 0.000000
vn 0.628960 -0.777438 0.000000
vn 0.689152 -0.724617 0.000000
vn 0.707107 -0.707107 0.000000
vn 0.000000 -0.955423 -0.295242
vn -0.283158 -0.916320 -0.283158
vn -0.489654 -0.833049 -0.257426
vn -0.611559 -0.755929 -0.233595
vn -0.672499 -0.707107 -0.218508
vn 0.000000 -0.955423 -0.295242
vn 0.000000 -0.955423 -0.295242
vn 0.000000 -0.955423 -0.295242
vn 0.000000 -0.955423 -0.295242
vn 0.000000 -0.955423 -0.295242
vn 0.283158 -0.916320 -0.283158
vn 0.489654 -0.833049 -0.257426
vn 0.611559 -0.755929 -0.233595
vn 0.672499 -0.707107 -0.218508
vn 0.690808 -0.690808 -0.213471
vn 0.000000 -0.862104 -0.506732
vn -0.257426 -0.833049 -0.489654
vn -0.452011 -0.769007 -0.452011
vn -0.572061 -0.707107 -0.415627
vn -0.634038 -0.666667 -0.391857
vn 0.000000 -0.862104 -0.506732
vn 0.000000 -0.862104 -0.506732
vn 0.000000 -0.862104 -0.506732
vn 0.000000 -0.862104 -0.506732
vn 0.000000 -0.862104 -0.506732
vn 0.257426 -0.833049 -0.489654
vn 0.452011 -0.769007 -0.452011
vn 0.572061 -0.707107 -0.415627
vn 0.634038 -0.666667 -0.391857
vn 0.652955 -0.652955 -0.383797
vn 0.000000 -0.777438 -0.628960
vn -0.233595 -0.755929 -0.611559
vn -0.415627 -0.707107 -0.572061
vn -0.532407 -0.658092 -0.532407
vn -0.594524 -0.625120 -0.505733
vn 0.000000 -0.777438 -0.628960
vn 0.000000 -0.777438 -0.628960
vn 0.000000 -0.777438 -0.628960
vn 0.000000 -0.777438 -0.628960
vn 0.000000 -0.777438 -0.628960
vn 0.233595 -0.755929 -0.611559
vn 0.415627 -0.707107 -0.572061
vn 0.532407 -0.658092 -0.532407
vn 0.594524 -0.625120 -0.505733
vn 0.613773 -0.613773 -0.496553
vn 0.000000 -0.724617 -0.689152
vn -0.218508 -0.707107 -0.672499
vn -0.391857 -0.666667 -0.634038
vn -0.505733 -0.625120 -0.594524
vn -0.567452 -0.596654 -0.567452
vn 0.000000 -0.724617 -0.689152
vn 0.000000 -0.724617 -0.689152
vn 0.000000 -0.724617 -0.689152
vn 0.000000 -0.724617 -0.689152
vn 0.000000 -0.724617 -0.689152
vn 0.218508 -0.707107 -0.672499
vn 0.391857 -0.666667 -0.634038
vn 0.505733 -0.625120 -0.594524
vn 0.567452 -0.596654 -0.567452
vn 0.586764 -0.586764 -0.558046
vn 0.000000 -1.000000 0.000000
vn -0.295242 -0.955423 0.000000
vn -0.506732 -0.862104 0.000000
vn -0.628960 -0.777438 0.000000
vn -0.689152 -0.724617 0.000000
vn 0.000000 -1.000000 0.000000
vn 0.000000 -1.000000 0.000000
vn 0.000000 -1.000000 0.000000
vn 0.000000 -1.000000 0.000000
vn 0.000000 -1.000000 0.000000
vn 0.295242 -0.955423 0.000000
vn 0.506732 -0.862104 0.000000
vn 0.628960 -0.777438 0.000000
vn 0.689152 -0.724617 0.000000
vn 0.707107 -0.707107 0.000000
vn 0.000000 -1.000000 0.000000
vn -0.295242 -0.955423 0.000000
vn -0.506732 -0.862104 0.000000
vn -0.628960 -0.777438 0.000000
vn -0.689152 -0.724617 0.000000
vn 0.000000 -1.000000 0.000000
vn 0.000000 -1.000000 0.000000
vn 0.000000 -1.000000 0.000000
vn 0.000000 -1.000000 0.000000
vn 0.000000 -1.000000 0.000000
vn 0.295242 -0.955423 0.000000
vn 0.506732 -0.862104 0.000000
vn 0.628960 -0.777438 0.000000
vn 0.689152 -0.724617 0.000000
vn 0.707107 -0.707107 0.000000
vn 0.000000 -1.000000 0.000000
vn -0.295242 -0.955423 0.000000
vn -0.506732 -0.862104 0.000000
vn -0.628960 -0.777438 0.000000
vn -0.689152 -0.724617 0.000000
vn 0.000000 -1.000000 0.000000
vn 0.000000 -1.000000 0.000000
vn 0.000000 -1.000000 0.000000
vn 0.000000 -1.000000 0.000000
vn 0.000000 -1.000000 0.000000
vn 0.295242 -0.955423 0.000000
vn 0.506732 -0.862104 0.000000
vn 0.628960 -0.777438 0.000000
vn 0.689152 -0.724617 0.000000
vn 0.707107 -0.707107 0.000000
vn 0.000000 -1.000000 0.000000
vn -0.295242 -0.955423 0.000000
vn -0.506732 -0.862104 0.000000
vn -0.628960 -0.777438 0.000000
vn -0.689152 -0.724617 0.000000
vn 0.000000 -1.000000 0.000000
vn 0.000000 -1.000000 0.000000
vn 0.000000 -1.000000 0.000000
vn 0.000000 -1.000000 0.000000
vn 0.000000 -1.000000 0.000000
vn 0.295242 -0.955423 0.000000
vn 0.506732 -0.862104 0.000000
vn 0.628960 -0.777438 0.000000
vn 0.689152 -0.724617 0.000000
vn 0.707107 -0.707107 0.000000
vn 0.000000 -1.000000 0.000000
vn -0.295242 -0.955423 0.000000
vn -0.506732 -0.862104 0.000000
vn -0.628960 -0.777438 0.000000
vn -0.689152 -0.724617 0.000000
vn 0.000000 -1.000000 0.000000
vn 0.000000 -1.000000 0.000000
vn 0.000000 -1.000000 0.000000
vn 0.000000 -1.000000 0.000000
vn 0.000000 -1.000000 0.000000
vn 0.295242 -0.955423 0.000000
vn 0.506732 -0.862104 0.000000
vn 0.628960 -0.777438 0.000000
vn 0.689152 -0.724617 0.000000
vn 0.707107 -0.707107 0.000000
vn 0.000000 -0.955423 0.295242
vn -0.283158 -0.916320 0.283158
vn -0.489654 -0.833049 0.257426
vn -0.611559 -0.755929 0.233595
vn -0.672499 -0.707107 0.218508
vn 0.000000 -0.955423 0.295242
vn 0.000000 -0.955423 0.295242
vn 0.000000 -0.955423 0.295242
vn 0.000000 -0.955423 0.295242
vn 0.000000 -0.955423 0.295242
vn 0.283158 -0.916320 0.283158
vn 0.489654 -0.833049 0.257426
vn 0.611559 -0.755929 0.233595
vn 0.672499 -0.707107 0.218508
vn 0.690808 -0.690808 0.213471
vn 0.000000 -0.862104 0.506732
vn -0.257426 -0.833049 0.489654
vn -0.452011 -0.769007 0.452011
vn -0.572061 -0.707107 0.415627
vn -0.634038 -0.666667 0.391857
vn 0.000000 -0.862104 0.506732
vn 0.000000 -0.862104 0.506732
vn 0.000000 -0.862104 0.506732
vn 0.000000 -0.862104 0.506732
vn 0.000000 -0.862104 0.506732
vn 0.257426 -0.833049 0.489654
vn 0.452011 -0.769007 0.452011
vn 0.572061 -0.707107 0.415627
vn 0.634038 -0.666667 0.391857
vn 0.652955 -0.652955 0.383797
vn 0.000000 -0.777438 0.628960
vn -0.233595 -0.755929 0.611559
vn -0.415627 -0.707107 0.572061
vn -0.532407 -0.658092 0.532407
vn -0.594524 -0.625120 0.505733
vn 0.000000 -0.777438 0.628960
vn 0.000000 -0.777438 0.628960
vn 0.000000 -0.777438 0.628960
vn 0.000000 -0.777438 0.628960
vn 0.000000 -0.777438 0.628960
vn 0.233595 -0.755929 0.611559
vn 0.415627 -0.707107 0.572061
vn 0.532407 -0.658092 0.532407
vn 0.594524 -0.625120 0.505733
vn 0.613773 -0.613773 0.496553
vn 0.000000 -0.724617 0.689152
vn -0.218508 -0.707107 0.672499
vn -0.391857 -0.666667 0.634038
vn -0.505733 -0.625120 0.594524
vn -0.567452 -0.596654 0.567452
vn 0.000000 -0.724617 0.689152
vn 0.000000 -0.724617 0.689152
vn 0.000000 -0.724617 0.689152
vn 0.000000 -0.724617 0.689152
vn 0.000000 -0.724617 0.689152
vn 0.218508 -0.707107 0.672499
vn 0.391857 -0.666667 0.634038
vn 0.505733 -0.625120 0.594524
vn 0.567452 -0.596654 0.567452
vn 0.586764 -0.586764 0.558046
vn 0.000000 -0.707107 0.707107
vn -0.213471 -0.690808 0.690808
vn -0.383797 -0.652955 0.652955
vn -0.496553 -0.613773 0.613773
vn -0.558046 -0.586764 0.586764
vn 0.000000 -0.707107 0.707107
vn 0.000000 -0.707107 0.707107
vn 0.000000 -0.707107 0.707107
vn 0.000000 -0.707107 0.707107
vn 0.000000 -0.707107 0.707107
vn 0.213471 -0.690808 0.690808
vn 0.383797 -0.652955 0.652955
vn 0.496553 -0.613773 0.613773
vn 0.558046 -0.586764 0.586764
vn 0.577350 -0.577350 0.577350
vn 1.000000 0.000000 0.000000
vn 0.980581 0.196116 0.000000
vn 0.199960 0.979804 0.000000
vn 0.980785 0.000000 0.195090
vn 0.961739 0.196116 0.191302
vn 0.196118 0.979804 0.039010
vn 0.923880 0.000000 0.382683
vn 0.905938 0.196116 0.375252
vn 0.184739 0.979804 0.076521
vn 0.831470 0.000000 0.555570
vn 0.815323 0.196116 0.544781
vn 0.166261 0.979804 0.111092
vn 0.707107 0.000000 0.707107
vn 0.693375 0.196116 0.693375
vn 0.141393 0.979804 0.141393
vn 0.555570 0.000000 0.831470
vn 0.544781 0.196116 0.815323
vn 0.111092 0.979804 0.166261
vn 0.382683 0.000000 0.923880
vn 0.375252 0.196116 0.905938
vn 0.076521 0.979804 0.184739
vn 0.195090 0.000000 0.980785
vn 0.191302 0.196116 0.961739
vn 0.039010 0.979804 0.196118
vn 0.000000 0.000000 1.000000
vn 0.000000 0.196116 0.980581
vn 0.000000 0.979804 0.199960
vn -0.195090 0.000000 0.980785
vn -0.191302 0.196116 0.961739
vn -0.039010 0.979804 0.196118
vn -0.382683 0.000000 0.923880
vn -0.375252 0.196116 0.905938
vn -0.076521 0.979804 0.184739
vn -0.555570 0.000000 0.831470
vn -0.544781 0.196116 0.815323
vn -0.111092 0.979804 0.166261
vn -0.707107 0.000000 0.707107
vn -0.693375 0.196116 0.693375
vn -0.141393 0.979804 0.141393
vn -0.831470 0.000000 0.555570
vn -0.815323 0.196116 0.544781
vn -0.166261 0.979804 0.111092
vn -0.923880 0.000000 0.382683
vn -0.905938 0.196116 0.375252
vn -0.184739 0.979804 0.076521
vn -0.980785 0.000000 0.195090
vn -0.961739 0.196116 0.191302
vn -0.196118 0.979804 0.039010
vn -1.000000 0.000000 0.000000
vn -0.980581 0.196116 0.000000
vn -0.199960 0.979804 0.000000
vn -0.980785 0.000000 -0.195090
vn -0.961739 0.196116 -0.191302
vn -0.196118 0.979804 -0.039010
vn -0.923880 0.000000 -0.382683
vn -0.905938 0.196116 -0.375252
vn -0.184739 0.979804 -0.076521
vn -0.831470 0.000000 -0.555570
vn -0.815323 0.196116 -0.544781
vn -0.166261 0.979804 -0.111092
vn -0.707107 0.000000 -0.707107
vn -0.693375 0.196116 -0.693375
vn -0.141393 0.979804 -0.141393
vn -0.555570 0.000000 -0.831470
vn -0.544781 0.196116 -0.815323
vn -0.111092 0.979804 -0.166261
vn -0.382683 0.000000 -0.923880
vn -0.375252 0.196116 -0.905938
vn -0.076521 0.979804 -0.184739
vn -0.195090 0.000000 -0.980785
vn -0.191302 0.196116 -0.961739
vn -0.039010 0.979804 -0.196118
vn -0.000000 0.000000 -1.000000
vn -0.000000 0.196116 -0.980581
vn -0.000000 0.979804 -0.199960
vn 0.195090 0.000000 -0.980785
vn 0.191302 0.196116 -0.961739
vn 0.039010 0.979804 -0.196118
vn 0.382683 0.000000 -0.923880
vn 0.375252 0.196116 -0.905938
vn 0.076521 0.979804 -0.184739
vn 0.555570 0.000000 -0.831470
vn 0.544781 0.196116 -0.815323
vn 0.111092 0.979804 -0.166261
vn 0.707107 0.000000 -0.707107
vn 0.693375 0.196116 -0.693375
vn 0.141393 0.979804 -0.141393
vn 0.831470 0.000000 -0.555570
vn 0.815323 0.196116 -0.544781
vn 0.166261 0.979804 -0.111092
vn 0.923880 0.000000 -0.382683
vn 0.905938 0.196116 -0.375252
vn 0.184739 0.979804 -0.076521
vn 0.980785 0.000000 -0.195090
vn 0.961739 0.196116 -0.191302
vn 0.196118 0.979804 -0.039010
vn 0.000000 1.000000 0.000000
vn 0.832050 0.000000 0.554700
vn 0.000000 0.000000 1.000000
vn -0.707107 -0.000000 0.707107
vn 0.791327 0.257118 0.554700
vn 0.000000 0.000000 1.000000
vn -0.672499 -0.218508 0.707107
vn 0.673143 0.489067 0.554700
vn 0.000000 0.000000 1.000000
vn -0.572061 -0.415627 0.707107
vn 0.489067 0.673143 0.554700
vn 0.000000 0.000000 1.000000
vn -0.415627 -0.572061 0.707107
vn 0.257118 0.791327 0.554700
vn 0.000000 0.000000 1.000000
vn -0.218508 -0.672499 0.707107
vn 0.000000 0.832050 0.554700
vn 0.000000 0.000000 1.000000
vn -0.000000 -0.707107 0.707107
vn -0.257118 0.791327 0.554700
vn 0.000000 0.000000 1.000000
vn 0.218508 -0.672499 0.707107
vn -0.489067 0.673143 0.554700
vn 0.000000 0.000000 1.000000
vn 0.415627 -0.572061 0.707107
vn -0.673143 0.489067 0.554700
vn 0.000000 0.000000 1.000000
vn 0.572061 -0.415627 0.707107
vn -0.791327 0.257118 0.554700
vn 0.000000 0.000000 1.000000
vn 0.672499 -0.218508 0.707107
vn -0.832050 0.000000 0.554700
vn 0.000000 0.000000 1.000000
vn 0.707107 -0.000000 0.707107
vn -0.791327 -0.257118 0.554700
vn 0.000000 0.000000 1.000000
vn 0.672499 0.218508 0.707107
vn -0.673143 -0.489067 0.554700
vn 0.000000 0.000000 1.000000
vn 0.572061 0.415627 0.707107
vn -0.489067 -0.673143 0.554700
vn 0.000000 0.000000 1.000000
vn 0.415627 0.572061 0.707107
vn -0.257118 -0.791327 0.554700
vn 0.000000 0.000000 1.000000
vn 0.218508 0.672499 0.707107
vn -0.000000 -0.832050 0.554700
vn 0.000000 0.000000 1.000000
vn 0.000000 0.707107 0.707107
vn 0.257118 -0.791327 0.554700
vn 0.000000 0.000000 1.000000
vn -0.218508 0.672499 0.707107
vn 0.489067 -0.673143 0.554700
vn 0.000000 0.000000 1.000000
vn -0.415627 0.572061 0.707107
vn 0.673143 -0.489067 0.554700
vn 0.000000 0.000000 1.000000
vn -0.572061 0.415627 0.707107
vn 0.791327 -0.257118 0.554700
vn 0.000000 0.000000 1.000000
vn -0.672499 0.218508 0.707107
vn 0.813733 0.000000 0.581238
vn 0.316228 0.000000 0.948683
vn 0.773907 0.251457 0.581238
vn 0.300750 0.097720 0.948683
vn 0.658324 0.478301 0.581238
vn 0.255834 0.185874 0.948683
vn 0.478301 0.658324 0.581238
vn 0.185874 0.255834 0.948683
vn 0.251457 0.773907 0.581238
vn 0.097720 0.300750 0.948683
vn 0.000000 0.813733 0.581238
vn 0.000000 0.316228 0.948683
vn -0.251457 0.773907 0.581238
vn -0.097720 0.300750 0.948683
vn -0.478301 0.658324 0.581238
vn -0.185874 0.255834 0.948683
vn -0.658324 0.478301 0.581238
vn -0.255834 0.185874 0.948683
vn -0.773907 0.251457 0.581238
vn -0.300750 0.097720 0.948683
vn -0.813733 0.000000 0.581238
vn -0.316228 0.000000 0.948683
vn -0.773907 -0.251457 0.581238
vn -0.300750 -0.097720 0.948683
vn -0.658324 -0.478301 0.581238
vn -0.255834 -0.185874 0.948683
vn -0.478301 -0.658324 0.581238
vn -0.185874 -0.255834 0.948683
vn -0.251457 -0.773907 0.581238
vn -0.097720 -0.300750 0.948683
vn -0.000000 -0.813733 0.581238
vn -0.000000 -0.316228 0.948683
vn 0.251457 -0.773907 0.581238
vn 0.097720 -0.300750 0.948683
vn 0.478301 -0.658324 0.581238
vn 0.185874 -0.255834 0.948683
vn 0.658324 -0.478301 0.581238
vn 0.255834 -0.185874 0.948683
vn 0.773907 -0.251457 0.581238
vn 0.300750 -0.097720 0.948683
vn 0.000000 0.000000 1.000000
vn -0.832050 0.000000 -0.554700
vn 0.000000 0.000000 -1.000000
vn 0.707107 -0.000000 -0.707107
vn -0.791327 0.257118 -0.554700
vn 0.000000 0.000000 -1.000000
vn 0.672499 -0.218508 -0.707107
vn -0.673143 0.489067 -0.554700
vn 0.000000 0.000000 -1.000000
vn 0.572061 -0.415627 -0.707107
vn -0.489067 0.673143 -0.554700
vn 0.000000 0.000000 -1.000000
vn 0.415627 -0.572061 -0.707107
vn -0.257118 0.791327 -0.554700
vn 0.000000 0.000000 -1.000000
vn 0.218508 -0.672499 -0.707107
vn -0.000000 0.832050 -0.554700
vn 0.000000 0.000000 -1.000000
vn 0.000000 -0.707107 -0.707107
vn 0.257118 0.791327 -0.554700
vn 0.000000 0.000000 -1.000000
vn -0.218508 -0.672499 -0.707107
vn 0.489067 0.673143 -0.554700
vn 0.000000 0.000000 -1.000000
vn -0.415627 -0.572061 -0.707107
vn 0.673143 0.489067 -0.554700
vn 0.000000 0.000000 -1.000000
vn -0.572061 -0.415627 -0.707107
vn 0.791327 0.257118 -0.554700
vn 0.000000 0.000000 -1.000000
vn -0.672499 -0.218508 -0.707107
vn 0.832050 0.000000 -0.554700
vn 0.000000 0.000000 -1.000000
vn -0.707107 -0.000000 -0.707107
vn 0.791327 -0.257118 -0.554700
vn 0.000000 0.000000 -1.000000
vn -0.672499 0.218508 -0.707107
vn 0.673143 -0.489067 -0.554700
vn 0.000000 0.000000 -1.000000
vn -0.572061 0.415627 -0.707107
vn 0.489067 -0.673143 -0.554700
vn 0.000000 0.000000 -1.000000
vn -0.415627 0.572061 -0.707107
vn 0.257118 -0.791327 -0.554700
vn 0.000000 0.000000 -1.000000
vn -0.218508 0.672499 -0.707107
vn 0.000000 -0.832050 -0.554700
vn 0.000000 0.000000 -1.000000
vn -0.000000 0.707107 -0.707107
vn -0.257118 -0.791327 -0.554700
vn 0.000000 0.000000 -1.000000
vn 0.218508 0.672499 -0.707107
vn -0.489067 -0.673143 -0.554700
vn 0.000000 0.000000 -1.000000
vn 0.415627 0.572061 -0.707107
vn -0.673143 -0.489067 -0.554700
vn 0.000000 0.000000 -1.000000
vn 0.572061 0.415627 -0.707107
vn -0.791327 -0.257118 -0.554700
vn 0.000000 0.000000 -1.000000
vn 0.672499 0.218508 -0.707107
vn -0.813733 0.000000 -0.581238
vn -0.316228 0.000000 -0.948683
vn -0.773907 0.251457 -0.581238
vn -0.300750 0.097720 -0.948683
vn -0.658324 0.478301 -0.581238
vn -0.255834 0.185874 -0.948683
vn -0.478301 0.658324 -0.581238
vn -0.185874 0.255834 -0.948683
vn -0.251457 0.773907 -0.581238
vn -0.097720 0.300750 -0.948683
vn -0.000000 0.813733 -0.581238
vn -0.000000 0.316228 -0.948683
vn 0.251457 0.773907 -0.581238
vn 0.097720 0.300750 -0.948683
vn 0.478301 0.658324 -0.581238
vn 0.185874 0.255834 -0.948683
vn 0.658324 0.478301 -0.581238
vn 0.255834 0.185874 -0.948683
vn 0.773907 0.251457 -0.581238
vn 0.300750 0.097720 -0.948683
vn 0.813733 0.000000 -0.581238
vn 0.316228 0.000000 -0.948683
vn 0.773907 -0.251457 -0.581238
vn 0.300750 -0.097720 -0.948683
vn 0.658324 -0.478301 -0.581238
vn 0.255834 -0.185874 -0.948683
vn 0.478301 -0.658324 -0.581238
vn 0.185874 -0.255834 -0.948683
vn 0.251457 -0.773907 -0.581238
vn 0.097720 -0.300750 -0.948683
vn 0.000000 -0.813733 -0.581238
vn 0.000000 -0.316228 -0.948683
vn -0.251457 -0.773907 -0.581238
vn -0.097720 -0.300750 -0.948683
vn -0.478301 -0.658324 -0.581238
vn -0.185874 -0.255834 -0.948683
vn -0.658324 -0.478301 -0.581238
vn -0.255834 -0.185874 -0.948683
vn -0.773907 -0.251457 -0.581238
vn -0.300750 -0.097720 -0.948683
vn 0.000000 0.000000 -1.000000
vn 0.554700 0.000000 -0.832050
vn 1.000000 0.000000 0.000000
vn 0.707107 -0.000000 0.707107
vn 0.554700 0.257118 -0.791327
vn 1.000000 0.000000 0.000000
vn 0.707107 -0.218508 0.672499
vn 0.554700 0.489067 -0.673143
vn 1.000000 0.000000 0.000000
vn 0.707107 -0.415627 0.572061
vn 0.554700 0.673143 -0.489067
vn 1.000000 0.000000 0.000000
vn 0.707107 -0.572061 0.415627
vn 0.554700 0.791327 -0.257118
vn 1.000000 0.000000 0.000000
vn 0.707107 -0.672499 0.218508
vn 0.554700 0.832050 -0.000000
vn 1.000000 0.000000 0.000000
vn 0.707107 -0.707107 0.000000
vn 0.554700 0.791327 0.257118
vn 1.000000 0.000000 0.000000
vn 0.707107 -0.672499 -0.218508
vn 0.554700 0.673143 0.489067
vn 1.000000 0.000000 0.000000
vn 0.707107 -0.572061 -0.415627
vn 0.554700 0.489067 0.673143
vn 1.000000 0.000000 0.000000
vn 0.707107 -0.415627 -0.572061
vn 0.554700 0.257118 0.791327
vn 1.000000 0.000000 0.000000
vn 0.707107 -0.218508 -0.672499
vn 0.554700 0.000000 0.832050
vn 1.000000 0.000000 0.000000
vn 0.707107 -0.000000 -0.707107
vn 0.554700 -0.257118 0.791327
vn 1.000000 0.000000 0.000000
vn 0.707107 0.218508 -0.672499
vn 0.554700 -0.489067 0.673143
vn 1.000000 0.000000 0.000000
vn 0.707107 0.415627 -0.572061
vn 0.554700 -0.673143 0.489067
vn 1.000000 0.000000 0.000000
vn 0.707107 0.572061 -0.415627
vn 0.554700 -0.791327 0.257118
vn 1.000000 0.000000 0.000000
vn 0.707107 0.672499 -0.218508
vn 0.554700 -0.832050 0.000000
vn 1.000000 0.000000 0.000000
vn 0.707107 0.707107 -0.000000
vn 0.554700 -0.791327 -0.257118
vn 1.000000 0.000000 0.000000
vn 0.707107 0.672499 0.218508
vn 0.554700 -0.673143 -0.489067
vn 1.000000 0.000000 0.000000
vn 0.707107 0.572061 0.415627
vn 0.554700 -0.489067 -0.673143
vn 1.000000 0.000000 0.000000
vn 0.707107 0.415627 0.572061
vn 0.554700 -0.257118 -0.791327
vn 1.000000 0.000000 0.000000
vn 0.707107 0.218508 0.672499
vn 0.581238 0.000000 -0.813733
vn 0.948683 0.000000 -0.316228
vn 0.581238 0.251457 -0.773907
vn 0.948683 0.097720 -0.300750
vn 0.581238 0.478301 -0.658324
vn 0.948683 0.185874 -0.255834
vn 0.581238 0.658324 -0.478301
vn 0.948683 0.255834 -0.185874
vn 0.581238 0.773907 -0.251457
vn 0.948683 0.300750 -0.097720
vn 0.581238 0.813733 -0.000000
vn 0.948683 0.316228 -0.000000
vn 0.581238 0.773907 0.251457
vn 0.948683 0.300750 0.097720
vn 0.581238 0.658324 0.478301
vn 0.948683 0.255834 0.185874
vn 0.581238 0.478301 0.658324
vn 0.948683 0.185874 0.255834
vn 0.581238 0.251457 0.773907
vn 0.948683 0.097720 0.300750
vn 0.581238 0.000000 0.813733
vn 0.948683 0.000000 0.316228
vn 0.581238 -0.251457 0.773907
vn 0.948683 -0.097720 0.300750
vn 0.581238 -0.478301 0.658324
vn 0.948683 -0.185874 0.255834
vn 0.581238 -0.658324 0.478301
vn 0.948683 -0.255834 0.185874
vn 0.581238 -0.773907 0.251457
vn 0.948683 -0.300750 0.097720
vn 0.581238 -0.813733 0.000000
vn 0.948683 -0.316228 0.000000
vn 0.581238 -0.773907 -0.251457
vn 0.948683 -0.300750 -0.097720
vn 0.581238 -0.658324 -0.478301
vn 0.948683 -0.255834 -0.185874
vn 0.581238 -0.478301 -0.658324
vn 0.948683 -0.185874 -0.255834
vn 0.581238 -0.251457 -0.773907
vn 0.948683 -0.097720 -0.300750
vn 1.000000 0.000000 0.000000
vn -0.554700 0.000000 0.832050
vn -1.000000 0.000000 0.000000
vn -0.707107 -0.000000 -0.707107
vn -0.554700 0.257118 0.791327
vn -1.000000 0.000000 0.000000
vn -0.707107 -0.218508 -0.672499
vn -0.554700 0.489067 0.673143
vn -1.000000 0.000000 0.000000
vn -0.707107 -0.415627 -0.572061
vn -0.554700 0.673143 0.489067
vn -1.000000 0.000000 0.000000
vn -0.707107 -0.572061 -0.415627
vn -0.554700 0.791327 0.257118
vn -1.000000 0.000000 0.000000
vn -0.707107 -0.672499 -0.218508
vn -0.554700 0.832050 0.000000
vn -1.000000 0.000000 0.000000
vn -0.707107 -0.707107 -0.000000
vn -0.554700 0.791327 -0.257118
vn -1.000000 0.000000 0.000000
vn -0.707107 -0.672499 0.218508
vn -0.554700 0.673143 -0.489067
vn -1.000000 0.000000 0.000000
vn -0.707107 -0.572061 0.415627
vn -0.554700 0.489067 -0.673143
vn -1.000000 0.000000 0.000000
vn -0.707107 -0.415627 0.572061
vn -0.554700 0.257118 -0.791327
vn -1.000000 0.000000 0.000000
vn -0.707107 -0.218508 0.672499
vn -0.554700 0.000000 -0.832050
vn -1.000000 0.000000 0.000000
vn -0.707107 -0.000000 0.707107
vn -0.554700 -0.257118 -0.791327
vn -1.000000 0.000000 0.000000
vn -0.707107 0.218508 0.672499
vn -0.554700 -0.489067 -0.673143
vn -1.000000 0.000000 0.000000
vn -0.707107 0.415627 0.572061
vn -0.554700 -0.673143 -0.489067
vn -1.000000 0.000000 0.000000
vn -0.707107 0.572061 0.415627
vn -0.554700 -0.791327 -0.257118
vn -1.000000 0.000000 0.000000
vn -0.707107 0.672499 0.218508
vn -0.554700 -0.832050 -0.000000
vn -1.000000 0.000000 0.000000
vn -0.707107 0.707107 0.000000
vn -0.554700 -0.791327 0.257118
vn -1.000000 0.000000 0.000000
vn -0.707107 0.672499 -0.218508
vn -0.554700 -0.673143 0.489067
vn -1.000000 0.000000 0.000000
vn -0.707107 0.572061 -0.415627
vn -0.554700 -0.489067 0.673143
vn -1.000000 0.000000 0.000000
vn -0.707107 0.415627 -0.572061
vn -0.554700 -0.257118 0.791327
vn -1.000000 0.000000 0.000000
vn -0.707107 0.218508 -0.672499
vn -0.581238 0.000000 0.813733
vn -0.948683 0.000000 0.316228
vn -0.581238 0.251457 0.773907
vn -0.948683 0.097720 0.300750
vn -0.581238 0.478301 0.658324
vn -0.948683 0.185874 0.255834
vn -0.581238 0.658324 0.478301
vn -0.948683 0.255834 0.185874
vn -0.581238 0.773907 0.251457
vn -0.948683 0.300750 0.097720
vn -0.581238 0.813733 0.000000
vn -0.948683 0.316228 0.000000
vn -0.581238 0.773907 -0.251457
vn -0.948683 0.300750 -0.097720
vn -0.581238 0.658324 -0.478301
vn -0.948683 0.255834 -0.185874
vn -0.581238 0.478301 -0.658324
vn -0.948683 0.185874 -0.255834
vn -0.581238 0.251457 -0.773907
vn -0.948683 0.097720 -0.300750
vn -0.581238 0.000000 -0.813733
vn -0.948683 0.000000 -0.316228
vn -0.581238 -0.251457 -0.773907
vn -0.948683 -0.097720 -0.300750
vn -0.581238 -0.478301 -0.658324
vn -0.948683 -0.185874 -0.255834
vn -0.581238 -0.658324 -0.478301
vn -0.948683 -0.255834 -0.185874
vn -0.581238 -0.773907 -0.251457
vn -0.948683 -0.300750 -0.097720
vn -0.581238 -0.813733 -0.000000
vn -0.948683 -0.316228 -0.000000
vn -0.581238 -0.773907 0.251457
vn -0.948683 -0.300750 0.097720
vn -0.581238 -0.658324 0.478301
vn -0.948683 -0.255834 0.185874
vn -0.581238 -0.478301 0.658324
vn -0.948683 -0.185874 0.255834
vn -0.581238 -0.251457 0.773907
vn -0.948683 -0.097720 0.300750
vn -1.000000 0.000000 0.000000
vn 0.000000 -1.000000 0.000000
vn 0.000000 -1.000000 0.000000
vn 0.000000 -1.000000 0.000000
vn 0.000000 -1.000000 0.000000
vn 0.000000 -1.000000 0.000000
vn 0.000000 -1.000000 0.000000
vn 0.000000 -1.000000 0.000000
vn 0.000000 -1.000000 0.000000
vn 0.000000 -1.000000 0.000000
vn 0.000000 -1.000000 0.000000
vn 0.000000 -1.000000 0.000000
vn 0.000000 -1.000000 0.000000
vn 0.000000 -1.000000 0.000000
vn 0.000000 -1.000000 0.000000
vn 0.000000 -1.000000 0.000000
vn 0.000000 -1.000000 0.000000
vn 0.000000 -1.000000 0.000000
vn 0.000000 -1.000000 0.000000
vn 0.000000 -1.000000 0.000000
vn 0.000000 -1.000000 0.000000
vn 0.000000 -1.000000 0.000000
vn 0.000000 -1.000000 0.000000
vn 0.000000 -1.000000 0.000000
vn 0.000000 -1.000000 0.000000
vn 0.000000 -1.000000 0.000000
vn 0.919145 0.393919 0.000000
vn 0.919145 -0.393919 0.000000
vn 0.796003 0.393919 0.459573
vn 0.796003 -0.393919 0.459573
vn 0.459573 0.393919 0.796003
vn 0.459573 -0.393919 0.796003
vn 0.000000 0.393919 0.919145
vn 0.000000 -0.393919 0.919145
vn -0.459573 0.393919 0.796003
vn -0.459573 -0.393919 0.796003
vn -0.796003 0.393919 0.459573
vn -0.796003 -0.393919 0.459573
vn -0.919145 0.393919 0.000000
vn -0.919145 -0.393919 0.000000
vn -0.796003 0.393919 -0.459573
vn -0.796003 -0.393919 -0.459573
vn -0.459573 0.393919 -0.796003
vn -0.459573 -0.393919 -0.796003
vn -0.000000 0.393919 -0.919145
vn -0.000000 -0.393919 -0.919145
vn 0.459573 0.393919 -0.796003
vn 0.459573 -0.393919 -0.796003
vn 0.796003 0.393919 -0.459573
vn 0.796003 -0.393919 -0.459573
vn 0.000000 -1.000000 0.000000
vn 0.919145 0.393919 0.000000
vn 0.919145 -0.393919 0.000000
vn 0.796003 0.393919 0.459573
vn 0.796003 -0.393919 0.459573
vn 0.459573 0.393919 0.796003
vn 0.459573 -0.393919 0.796003
vn 0.000000 0.393919 0.919145
vn 0.000000 -0.393919 0.919145
vn -0.459573 0.393919 0.796003
vn -0.459573 -0.393919 0.796003
vn -0.796003 0.393919 0.459573
vn -0.796003 -0.393919 0.459573
vn -0.919145 0.393919 0.000000
vn -0.919145 -0.393919 0.000000
vn -0.796003 0.393919 -0.459573
vn -0.796003 -0.393919 -0.459573
vn -0.459573 0.393919 -0.796003
vn -0.459573 -0.393919 -0.796003
vn -0.000000 0.393919 -0.919145
vn -0.000000 -0.393919 -0.919145
vn 0.459573 0.393919 -0.796003
vn 0.459573 -0.393919 -0.796003
vn 0.796003 0.393919 -0.459573
vn 0.796003 -0.393919 -0.459573
vn 0.000000 -1.000000 0.000000
vn 0.919145 0.393919 0.000000
vn 0.919145 -0.393919 0.000000
vn 0.796003 0.393919 0.459573
vn 0.796003 -0.393919 0.459573
vn 0.459573 0.393919 0.796003
vn 0.459573 -0.393919 0.796003
vn 0.000000 0.393919 0.919145
vn 0.000000 -0.393919 0.919145
vn -0.459573 0.393919 0.796003
vn -0.459573 -0.393919 0.796003
vn -0.796003 0.393919 0.459573
vn -0.796003 -0.393919 0.459573
vn -0.919145 0.393919 0.000000
vn -0.919145 -0.393919 0.000000
vn -0.796003 0.393919 -0.459573
vn -0.796003 -0.393919 -0.459573
vn -0.459573 0.393919 -0.796003
vn -0.459573 -0.393919 -0.796003
vn -0.000000 0.393919 -0.919145
vn -0.000000 -0.393919 -0.919145
vn 0.459573 0.393919 -0.796003
vn 0.459573 -0.393919 -0.796003
vn 0.796003 0.393919 -0.459573
vn 0.796003 -0.393919 -0.459573
vn 0.000000 -1.000000 0.000000
vn 0.919145 0.393919 0.000000
vn 0.919145 -0.393919 0.000000
vn 0.796003 0.393919 0.459573
vn 0.796003 -0.393919 0.459573
vn 0.459573 0.393919 0.796003
vn 0.459573 -0.393919 0.796003
vn 0.000000 0.393919 0.919145
vn 0.000000 -0.393919 0.919145
vn -0.459573 0.393919 0.796003
vn -0.459573 -0.393919 0.796003
vn -0.796003 0.393919 0.459573
vn -0.796003 -0.393919 0.459573
vn -0.919145 0.393919 0.000000
vn -0.919145 -0.393919 0.000000
vn -0.796003 0.393919 -0.459573
vn -0.796003 -0.393919 -0.459573
vn -0.459573 0.393919 -0.796003
vn -0.459573 -0.393919 -0.796003
vn -0.000000 0.393919 -0.919145
vn -0.000000 -0.393919 -0.919145
vn 0.459573 0.393919 -0.796003
vn 0.459573 -0.393919 -0.796003
vn 0.796003 0.393919 -0.459573
vn 0.796003 -0.393919 -0.459573
vn 0.000000 -1.000000 0.000000

g 01_CyberCube_Body
usemtl 01_CyberCube_Body
f 1/1/1 16/16/16 17/17/17
f 1/1/1 17/17/17 2/2/2
f 2/2/2 17/17/17 18/18/18
f 2/2/2 18/18/18 3/3/3
f 3/3/3 18/18/18 19/19/19
f 3/3/3 19/19/19 4/4/4
f 4/4/4 19/19/19 20/20/20
f 4/4/4 20/20/20 5/5/5
f 5/5/5 20/20/20 21/21/21
f 5/5/5 21/21/21 6/6/6
f 6/6/6 21/21/21 22/22/22
f 6/6/6 22/22/22 7/7/7
f 7/7/7 22/22/22 23/23/23
f 7/7/7 23/23/23 8/8/8
f 8/8/8 23/23/23 24/24/24
f 8/8/8 24/24/24 9/9/9
f 9/9/9 24/24/24 25/25/25
f 9/9/9 25/25/25 10/10/10
f 10/10/10 25/25/25 26/26/26
f 10/10/10 26/26/26 11/11/11
f 11/11/11 26/26/26 27/27/27
f 11/11/11 27/27/27 12/12/12
f 12/12/12 27/27/27 28/28/28
f 12/12/12 28/28/28 13/13/13
f 13/13/13 28/28/28 29/29/29
f 13/13/13 29/29/29 14/14/14
f 14/14/14 29/29/29 30/30/30
f 14/14/14 30/30/30 15/15/15
f 16/16/16 31/31/31 32/32/32
f 16/16/16 32/32/32 17/17/17
f 17/17/17 32/32/32 33/33/33
f 17/17/17 33/33/33 18/18/18
f 18/18/18 33/33/33 34/34/34
f 18/18/18 34/34/34 19/19/19
f 19/19/19 34/34/34 35/35/35
f 19/19/19 35/35/35 20/20/20
f 20/20/20 35/35/35 36/36/36
f 20/20/20 36/36/36 21/21/21
f 21/21/21 36/36/36 37/37/37
f 21/21/21 37/37/37 22/22/22
f 22/22/22 37/37/37 38/38/38
f 22/22/22 38/38/38 23/23/23
f 23/23/23 38/38/38 39/39/39
f 23/23/23 39/39/39 24/24/24
f 24/24/24 39/39/39 40/40/40
f 24/24/24 40/40/40 25/25/25
f 25/25/25 40/40/40 41/41/41
f 25/25/25 41/41/41 26/26/26
f 26/26/26 41/41/41 42/42/42
f 26/26/26 42/42/42 27/27/27
f 27/27/27 42/42/42 43/43/43
f 27/27/27 43/43/43 28/28/28
f 28/28/28 43/43/43 44/44/44
f 28/28/28 44/44/44 29/29/29
f 29/29/29 44/44/44 45/45/45
f 29/29/29 45/45/45 30/30/30
f 31/31/31 46/46/46 47/47/47
f 31/31/31 47/47/47 32/32/32
f 32/32/32 47/47/47 48/48/48
f 32/32/32 48/48/48 33/33/33
f 33/33/33 48/48/48 49/49/49
f 33/33/33 49/49/49 34/34/34
f 34/34/34 49/49/49 50/50/50
f 34/34/34 50/50/50 35/35/35
f 35/35/35 50/50/50 51/51/51
f 35/35/35 51/51/51 36/36/36
f 36/36/36 51/51/51 52/52/52
f 36/36/36 52/52/52 37/37/37
f 37/37/37 52/52/52 53/53/53
f 37/37/37 53/53/53 38/38/38
f 38/38/38 53/53/53 54/54/54
f 38/38/38 54/54/54 39/39/39
f 39/39/39 54/54/54 55/55/55
f 39/39/39 55/55/55 40/40/40
f 40/40/40 55/55/55 56/56/56
f 40/40/40 56/56/56 41/41/41
f 41/41/41 56/56/56 57/57/57
f 41/41/41 57/57/57 42/42/42
f 42/42/42 57/57/57 58/58/58
f 42/42/42 58/58/58 43/43/43
f 43/43/43 58/58/58 59/59/59
f 43/43/43 59/59/59 44/44/44
f 44/44/44 59/59/59 60/60/60
f 44/44/44 60/60/60 45/45/45
f 46/46/46 61/61/61 62/62/62
f 46/46/46 62/62/62 47/47/47
f 47/47/47 62/62/62 63/63/63
f 47/47/47 63/63/63 48/48/48
f 48/48/48 63/63/63 64/64/64
f 48/48/48 64/64/64 49/49/49
f 49/49/49 64/64/64 65/65/65
f 49/49/49 65/65/65 50/50/50
f 50/50/50 65/65/65 66/66/66
f 50/50/50 66/66/66 51/51/51
f 51/51/51 66/66/66 67/67/67
f 51/51/51 67/67/67 52/52/52
f 52/52/52 67/67/67 68/68/68
f 52/52/52 68/68/68 53/53/53
f 53/53/53 68/68/68 69/69/69
f 53/53/53 69/69/69 54/54/54
f 54/54/54 69/69/69 70/70/70
f 54/54/54 70/70/70 55/55/55
f 55/55/55 70/70/70 71/71/71
f 55/55/55 71/71/71 56/56/56
f 56/56/56 71/71/71 72/72/72
f 56/56/56 72/72/72 57/57/57
f 57/57/57 72/72/72 73/73/73
f 57/57/57 73/73/73 58/58/58
f 58/58/58 73/73/73 74/74/74
f 58/58/58 74/74/74 59/59/59
f 59/59/59 74/74/74 75/75/75
f 59/59/59 75/75/75 60/60/60
f 61/61/61 76/76/76 77/77/77
f 61/61/61 77/77/77 62/62/62
f 62/62/62 77/77/77 78/78/78
f 62/62/62 78/78/78 63/63/63
f 63/63/63 78/78/78 79/79/79
f 63/63/63 79/79/79 64/64/64
f 64/64/64 79/79/79 80/80/80
f 64/64/64 80/80/80 65/65/65
f 65/65/65 80/80/80 81/81/81
f 65/65/65 81/81/81 66/66/66
f 66/66/66 81/81/81 82/82/82
f 66/66/66 82/82/82 67/67/67
f 67/67/67 82/82/82 83/83/83
f 67/67/67 83/83/83 68/68/68
f 68/68/68 83/83/83 84/84/84
f 68/68/68 84/84/84 69/69/69
f 69/69/69 84/84/84 85/85/85
f 69/69/69 85/85/85 70/70/70
f 70/70/70 85/85/85 86/86/86
f 70/70/70 86/86/86 71/71/71
f 71/71/71 86/86/86 87/87/87
f 71/71/71 87/87/87 72/72/72
f 72/72/72 87/87/87 88/88/88
f 72/72/72 88/88/88 73/73/73
f 73/73/73 88/88/88 89/89/89
f 73/73/73 89/89/89 74/74/74
f 74/74/74 89/89/89 90/90/90
f 74/74/74 90/90/90 75/75/75
f 76/76/76 91/91/91 92/92/92
f 76/76/76 92/92/92 77/77/77
f 77/77/77 92/92/92 93/93/93
f 77/77/77 93/93/93 78/78/78
f 78/78/78 93/93/93 94/94/94
f 78/78/78 94/94/94 79/79/79
f 79/79/79 94/94/94 95/95/95
f 79/79/79 95/95/95 80/80/80
f 80/80/80 95/95/95 96/96/96
f 80/80/80 96/96/96 81/81/81
f 81/81/81 96/96/96 97/97/97
f 81/81/81 97/97/97 82/82/82
f 82/82/82 97/97/97 98/98/98
f 82/82/82 98/98/98 83/83/83
f 83/83/83 98/98/98 99/99/99
f 83/83/83 99/99/99 84/84/84
f 84/84/84 99/99/99 100/100/100
f 84/84/84 100/100/100 85/85/85
f 85/85/85 100/100/100 101/101/101
f 85/85/85 101/101/101 86/86/86
f 86/86/86 101/101/101 102/102/102
f 86/86/86 102/102/102 87/87/87
f 87/87/87 102/102/102 103/103/103
f 87/87/87 103/103/103 88/88/88
f 88/88/88 103/103/103 104/104/104
f 88/88/88 104/104/104 89/89/89
f 89/89/89 104/104/104 105/105/105
f 89/89/89 105/105/105 90/90/90
f 91/91/91 106/106/106 107/107/107
f 91/91/91 107/107/107 92/92/92
f 92/92/92 107/107/107 108/108/108
f 92/92/92 108/108/108 93/93/93
f 93/93/93 108/108/108 109/109/109
f 93/93/93 109/109/109 94/94/94
f 94/94/94 109/109/109 110/110/110
f 94/94/94 110/110/110 95/95/95
f 95/95/95 110/110/110 111/111/111
f 95/95/95 111/111/111 96/96/96
f 96/96/96 111/111/111 112/112/112
f 96/96/96 112/112/112 97/97/97
f 97/97/97 112/112/112 113/113/113
f 97/97/97 113/113/113 98/98/98
f 98/98/98 113/113/113 114/114/114
f 98/98/98 114/114/114 99/99/99
f 99/99/99 114/114/114 115/115/115
f 99/99/99 115/115/115 100/100/100
f 100/100/100 115/115/115 116/116/116
f 100/100/100 116/116/116 101/101/101
f 101/101/101 116/116/116 117/117/117
f 101/101/101 117/117/117 102/102/102
f 102/102/102 117/117/117 118/118/118
f 102/102/102 118/118/118 103/103/103
f 103/103/103 118/118/118 119/119/119
f 103/103/103 119/119/119 104/104/104
f 104/104/104 119/119/119 120/120/120
f 104/104/104 120/120/120 105/105/105
f 106/106/106 121/121/121 122/122/122
f 106/106/106 122/122/122 107/107/107
f 107/107/107 122/122/122 123/123/123
f 107/107/107 123/123/123 108/108/108
f 108/108/108 123/123/123 124/124/124
f 108/108/108 124/124/124 109/109/109
f 109/109/109 124/124/124 125/125/125
f 109/109/109 125/125/125 110/110/110
f 110/110/110 125/125/125 126/126/126
f 110/110/110 126/126/126 111/111/111
f 111/111/111 126/126/126 127/127/127
f 111/111/111 127/127/127 112/112/112
f 112/112/112 127/127/127 128/128/128
f 112/112/112 128/128/128 113/113/113
f 113/113/113 128/128/128 129/129/129
f 113/113/113 129/129/129 114/114/114
f 114/114/114 129/129/129 130/130/130
f 114/114/114 130/130/130 115/115/115
f 115/115/115 130/130/130 131/131/131
f 115/115/115 131/131/131 116/116/116
f 116/116/116 131/131/131 132/132/132
f 116/116/116 132/132/132 117/117/117
f 117/117/117 132/132/132 133/133/133
f 117/117/117 133/133/133 118/118/118
f 118/118/118 133/133/133 134/134/134
f 118/118/118 134/134/134 119/119/119
f 119/119/119 134/134/134 135/135/135
f 119/119/119 135/135/135 120/120/120
f 121/121/121 136/136/136 137/137/137
f 121/121/121 137/137/137 122/122/122
f 122/122/122 137/137/137 138/138/138
f 122/122/122 138/138/138 123/123/123
f 123/123/123 138/138/138 139/139/139
f 123/123/123 139/139/139 124/124/124
f 124/124/124 139/139/139 140/140/140
f 124/124/124 140/140/140 125/125/125
f 125/125/125 140/140/140 141/141/141
f 125/125/125 141/141/141 126/126/126
f 126/126/126 141/141/141 142/142/142
f 126/126/126 142/142/142 127/127/127
f 127/127/127 142/142/142 143/143/143
f 127/127/127 143/143/143 128/128/128
f 128/128/128 143/143/143 144/144/144
f 128/128/128 144/144/144 129/129/129
f 129/129/129 144/144/144 145/145/145
f 129/129/129 145/145/145 130/130/130
f 130/130/130 145/145/145 146/146/146
f 130/130/130 146/146/146 131/131/131
f 131/131/131 146/146/146 147/147/147
f 131/131/131 147/147/147 132/132/132
f 132/132/132 147/147/147 148/148/148
f 132/132/132 148/148/148 133/133/133
f 133/133/133 148/148/148 149/149/149
f 133/133/133 149/149/149 134/134/134
f 134/134/134 149/149/149 150/150/150
f 134/134/134 150/150/150 135/135/135
f 136/136/136 151/151/151 152/152/152
f 136/136/136 152/152/152 137/137/137
f 137/137/137 152/152/152 153/153/153
f 137/137/137 153/153/153 138/138/138
f 138/138/138 153/153/153 154/154/154
f 138/138/138 154/154/154 139/139/139
f 139/139/139 154/154/154 155/155/155
f 139/139/139 155/155/155 140/140/140
f 140/140/140 155/155/155 156/156/156
f 140/140/140 156/156/156 141/141/141
f 141/141/141 156/156/156 157/157/157
f 141/141/141 157/157/157 142/142/142
f 142/142/142 157/157/157 158/158/158
f 142/142/142 158/158/158 143/143/143
f 143/143/143 158/158/158 159/159/159
f 143/143/143 159/159/159 144/144/144
f 144/144/144 159/159/159 160/160/160
f 144/144/144 160/160/160 145/145/145
f 145/145/145 160/160/160 161/161/161
f 145/145/145 161/161/161 146/146/146
f 146/146/146 161/161/161 162/162/162
f 146/146/146 162/162/162 147/147/147
f 147/147/147 162/162/162 163/163/163
f 147/147/147 163/163/163 148/148/148
f 148/148/148 163/163/163 164/164/164
f 148/148/148 164/164/164 149/149/149
f 149/149/149 164/164/164 165/165/165
f 149/149/149 165/165/165 150/150/150
f 151/151/151 166/166/166 167/167/167
f 151/151/151 167/167/167 152/152/152
f 152/152/152 167/167/167 168/168/168
f 152/152/152 168/168/168 153/153/153
f 153/153/153 168/168/168 169/169/169
f 153/153/153 169/169/169 154/154/154
f 154/154/154 169/169/169 170/170/170
f 154/154/154 170/170/170 155/155/155
f 155/155/155 170/170/170 171/171/171
f 155/155/155 171/171/171 156/156/156
f 156/156/156 171/171/171 172/172/172
f 156/156/156 172/172/172 157/157/157
f 157/157/157 172/172/172 173/173/173
f 157/157/157 173/173/173 158/158/158
f 158/158/158 173/173/173 174/174/174
f 158/158/158 174/174/174 159/159/159
f 159/159/159 174/174/174 175/175/175
f 159/159/159 175/175/175 160/160/160
f 160/160/160 175/175/175 176/176/176
f 160/160/160 176/176/176 161/161/161
f 161/161/161 176/176/176 177/177/177
f 161/161/161 177/177/177 162/162/162
f 162/162/162 177/177/177 178/178/178
f 162/162/162 178/178/178 163/163/163
f 163/163/163 178/178/178 179/179/179
f 163/163/163 179/179/179 164/164/164
f 164/164/164 179/179/179 180/180/180
f 164/164/164 180/180/180 165/165/165
f 166/166/166 181/181/181 182/182/182
f 166/166/166 182/182/182 167/167/167
f 167/167/167 182/182/182 183/183/183
f 167/167/167 183/183/183 168/168/168
f 168/168/168 183/183/183 184/184/184
f 168/168/168 184/184/184 169/169/169
f 169/169/169 184/184/184 185/185/185
f 169/169/169 185/185/185 170/170/170
f 170/170/170 185/185/185 186/186/186
f 170/170/170 186/186/186 171/171/171
f 171/171/171 186/186/186 187/187/187
f 171/171/171 187/187/187 172/172/172
f 172/172/172 187/187/187 188/188/188
f 172/172/172 188/188/188 173/173/173
f 173/173/173 188/188/188 189/189/189
f 173/173/173 189/189/189 174/174/174
f 174/174/174 189/189/189 190/190/190
f 174/174/174 190/190/190 175/175/175
f 175/175/175 190/190/190 191/191/191
f 175/175/175 191/191/191 176/176/176
f 176/176/176 191/191/191 192/192/192
f 176/176/176 192/192/192 177/177/177
f 177/177/177 192/192/192 193/193/193
f 177/177/177 193/193/193 178/178/178
f 178/178/178 193/193/193 194/194/194
f 178/178/178 194/194/194 179/179/179
f 179/179/179 194/194/194 195/195/195
f 179/179/179 195/195/195 180/180/180
f 181/181/181 196/196/196 197/197/197
f 181/181/181 197/197/197 182/182/182
f 182/182/182 197/197/197 198/198/198
f 182/182/182 198/198/198 183/183/183
f 183/183/183 198/198/198 199/199/199
f 183/183/183 199/199/199 184/184/184
f 184/184/184 199/199/199 200/200/200
f 184/184/184 200/200/200 185/185/185
f 185/185/185 200/200/200 201/201/201
f 185/185/185 201/201/201 186/186/186
f 186/186/186 201/201/201 202/202/202
f 186/186/186 202/202/202 187/187/187
f 187/187/187 202/202/202 203/203/203
f 187/187/187 203/203/203 188/188/188
f 188/188/188 203/203/203 204/204/204
f 188/188/188 204/204/204 189/189/189
f 189/189/189 204/204/204 205/205/205
f 189/189/189 205/205/205 190/190/190
f 190/190/190 205/205/205 206/206/206
f 190/190/190 206/206/206 191/191/191
f 191/191/191 206/206/206 207/207/207
f 191/191/191 207/207/207 192/192/192
f 192/192/192 207/207/207 208/208/208
f 192/192/192 208/208/208 193/193/193
f 193/193/193 208/208/208 209/209/209
f 193/193/193 209/209/209 194/194/194
f 194/194/194 209/209/209 210/210/210
f 194/194/194 210/210/210 195/195/195
f 196/196/196 211/211/211 212/212/212
f 196/196/196 212/212/212 197/197/197
f 197/197/197 212/212/212 213/213/213
f 197/197/197 213/213/213 198/198/198
f 198/198/198 213/213/213 214/214/214
f 198/198/198 214/214/214 199/199/199
f 199/199/199 214/214/214 215/215/215
f 199/199/199 215/215/215 200/200/200
f 200/200/200 215/215/215 216/216/216
f 200/200/200 216/216/216 201/201/201
f 201/201/201 216/216/216 217/217/217
f 201/201/201 217/217/217 202/202/202
f 202/202/202 217/217/217 218/218/218
f 202/202/202 218/218/218 203/203/203
f 203/203/203 218/218/218 219/219/219
f 203/203/203 219/219/219 204/204/204
f 204/204/204 219/219/219 220/220/220
f 204/204/204 220/220/220 205/205/205
f 205/205/205 220/220/220 221/221/221
f 205/205/205 221/221/221 206/206/206
f 206/206/206 221/221/221 222/222/222
f 206/206/206 222/222/222 207/207/207
f 207/207/207 222/222/222 223/223/223
f 207/207/207 223/223/223 208/208/208
f 208/208/208 223/223/223 224/224/224
f 208/208/208 224/224/224 209/209/209
f 209/209/209 224/224/224 225/225/225
f 209/209/209 225/225/225 210/210/210
f 226/226/226 241/241/241 242/242/242
f 226/226/226 242/242/242 227/227/227
f 227/227/227 242/242/242 243/243/243
f 227/227/227 243/243/243 228/228/228
f 228/228/228 243/243/243 244/244/244
f 228/228/228 244/244/244 229/229/229
f 229/229/229 244/244/244 245/245/245
f 229/229/229 245/245/245 230/230/230
f 230/230/230 245/245/245 246/246/246
f 230/230/230 246/246/246 231/231/231
f 231/231/231 246/246/246 247/247/247
f 231/231/231 247/247/247 232/232/232
f 232/232/232 247/247/247 248/248/248
f 232/232/232 248/248/248 233/233/233
f 233/233/233 248/248/248 249/249/249
f 233/233/233 249/249/249 234/234/234
f 234/234/234 249/249/249 250/250/250
f 234/234/234 250/250/250 235/235/235
f 235/235/235 250/250/250 251/251/251
f 235/235/235 251/251/251 236/236/236
f 236/236/236 251/251/251 252/252/252
f 236/236/236 252/252/252 237/237/237
f 237/237/237 252/252/252 253/253/253
f 237/237/237 253/253/253 238/238/238
f 238/238/238 253/253/253 254/254/254
f 238/238/238 254/254/254 239/239/239
f 239/239/239 254/254/254 255/255/255
f 239/239/239 255/255/255 240/240/240
f 241/241/241 256/256/256 257/257/257
f 241/241/241 257/257/257 242/242/242
f 242/242/242 257/257/257 258/258/258
f 242/242/242 258/258/258 243/243/243
f 243/243/243 258/258/258 259/259/259
f 243/243/243 259/259/259 244/244/244
f 244/244/244 259/259/259 260/260/260
f 244/244/244 260/260/260 245/245/245
f 245/245/245 260/260/260 261/261/261
f 245/245/245 261/261/261 246/246/246
f 246/246/246 261/261/261 262/262/262
f 246/246/246 262/262/262 247/247/247
f 247/247/247 262/262/262 263/263/263
f 247/247/247 263/263/263 248/248/248
f 248/248/248 263/263/263 264/264/264
f 248/248/248 264/264/264 249/249/249
f 249/249/249 264/264/264 265/265/265
f 249/249/249 265/265/265 250/250/250
f 250/250/250 265/265/265 266/266/266
f 250/250/250 266/266/266 251/251/251
f 251/251/251 266/266/266 267/267/267
f 251/251/251 267/267/267 252/252/252
f 252/252/252 267/267/267 268/268/268
f 252/252/252 268/268/268 253/253/253
f 253/253/253 268/268/268 269/269/269
f 253/253/253 269/269/269 254/254/254
f 254/254/254 269/269/269 270/270/270
f 254/254/254 270/270/270 255/255/255
f 256/256/256 271/271/271 272/272/272
f 256/256/256 272/272/272 257/257/257
f 257/257/257 272/272/272 273/273/273
f 257/257/257 273/273/273 258/258/258
f 258/258/258 273/273/273 274/274/274
f 258/258/258 274/274/274 259/259/259
f 259/259/259 274/274/274 275/275/275
f 259/259/259 275/275/275 260/260/260
f 260/260/260 275/275/275 276/276/276
f 260/260/260 276/276/276 261/261/261
f 261/261/261 276/276/276 277/277/277
f 261/261/261 277/277/277 262/262/262
f 262/262/262 277/277/277 278/278/278
f 262/262/262 278/278/278 263/263/263
f 263/263/263 278/278/278 279/279/279
f 263/263/263 279/279/279 264/264/264
f 264/264/264 279/279/279 280/280/280
f 264/264/264 280/280/280 265/265/265
f 265/265/265 280/280/280 281/281/281
f 265/265/265 281/281/281 266/266/266
f 266/266/266 281/281/281 282/282/282
f 266/266/266 282/282/282 267/267/267
f 267/267/267 282/282/282 283/283/283
f 267/267/267 283/283/283 268/268/268
f 268/268/268 283/283/283 284/284/284
f 268/268/268 284/284/284 269/269/269
f 269/269/269 284/284/284 285/285/285
f 269/269/269 285/285/285 270/270/270
f 271/271/271 286/286/286 287/287/287
f 271/271/271 287/287/287 272/272/272
f 272/272/272 287/287/287 288/288/288
f 272/272/272 288/288/288 273/273/273
f 273/273/273 288/288/288 289/289/289
f 273/273/273 289/289/289 274/274/274
f 274/274/274 289/289/289 290/290/290
f 274/274/274 290/290/290 275/275/275
f 275/275/275 290/290/290 291/291/291
f 275/275/275 291/291/291 276/276/276
f 276/276/276 291/291/291 292/292/292
f 276/276/276 292/292/292 277/277/277
f 277/277/277 292/292/292 293/293/293
f 277/277/277 293/293/293 278/278/278
f 278/278/278 293/293/293 294/294/294
f 278/278/278 294/294/294 279/279/279
f 279/279/279 294/294/294 295/295/295
f 279/279/279 295/295/295 280/280/280
f 280/280/280 295/295/295 296/296/296
f 280/280/280 296/296/296 281/281/281
f 281/281/281 296/296/296 297/297/297
f 281/281/281 297/297/297 282/282/282
f 282/282/282 297/297/297 298/298/298
f 282/282/282 298/298/298 283/283/283
f 283/283/283 298/298/298 299/299/299
f 283/283/283 299/299/299 284/284/284
f 284/284/284 299/299/299 300/300/300
f 284/284/284 300/300/300 285/285/285
f 286/286/286 301/301/301 302/302/302
f 286/286/286 302/302/302 287/287/287
f 287/287/287 302/302/302 303/303/303
f 287/287/287 303/303/303 288/288/288
f 288/288/288 303/303/303 304/304/304
f 288/288/288 304/304/304 289/289/289
f 289/289/289 304/304/304 305/305/305
f 289/289/289 305/305/305 290/290/290
f 290/290/290 305/305/305 306/306/306
f 290/290/290 306/306/306 291/291/291
f 291/291/291 306/306/306 307/307/307
f 291/291/291 307/307/307 292/292/292
f 292/292/292 307/307/307 308/308/308
f 292/292/292 308/308/308 293/293/293
f 293/293/293 308/308/308 309/309/309
f 293/293/293 309/309/309 294/294/294
f 294/294/294 309/309/309 310/310/310
f 294/294/294 310/310/310 295/295/295
f 295/295/295 310/310/310 311/311/311
f 295/295/295 311/311/311 296/296/296
f 296/296/296 311/311/311 312/312/312
f 296/296/296 312/312/312 297/297/297
f 297/297/297 312/312/312 313/313/313
f 297/297/297 313/313/313 298/298/298
f 298/298/298 313/313/313 314/314/314
f 298/298/298 314/314/314 299/299/299
f 299/299/299 314/314/314 315/315/315
f 299/299/299 315/315/315 300/300/300
f 301/301/301 316/316/316 317/317/317
f 301/301/301 317/317/317 302/302/302
f 302/302/302 317/317/317 318/318/318
f 302/302/302 318/318/318 303/303/303
f 303/303/303 318/318/318 319/319/319
f 303/303/303 319/319/319 304/304/304
f 304/304/304 319/319/319 320/320/320
f 304/304/304 320/320/320 305/305/305
f 305/305/305 320/320/320 321/321/321
f 305/305/305 321/321/321 306/306/306
f 306/306/306 321/321/321 322/322/322
f 306/306/306 322/322/322 307/307/307
f 307/307/307 322/322/322 323/323/323
f 307/307/307 323/323/323 308/308/308
f 308/308/308 323/323/323 324/324/324
f 308/308/308 324/324/324 309/309/309
f 309/309/309 324/324/324 325/325/325
f 309/309/309 325/325/325 310/310/310
f 310/310/310 325/325/325 326/326/326
f 310/310/310 326/326/326 311/311/311
f 311/311/311 326/326/326 327/327/327
f 311/311/311 327/327/327 312/312/312
f 312/312/312 327/327/327 328/328/328
f 312/312/312 328/328/328 313/313/313
f 313/313/313 328/328/328 329/329/329
f 313/313/313 329/329/329 314/314/314
f 314/314/314 329/329/329 330/330/330
f 314/314/314 330/330/330 315/315/315
f 316/316/316 331/331/331 332/332/332
f 316/316/316 332/332/332 317/317/317
f 317/317/317 332/332/332 333/333/333
f 317/317/317 333/333/333 318/318/318
f 318/318/318 333/333/333 334/334/334
f 318/318/318 334/334/334 319/319/319
f 319/319/319 334/334/334 335/335/335
f 319/319/319 335/335/335 320/320/320
f 320/320/320 335/335/335 336/336/336
f 320/320/320 336/336/336 321/321/321
f 321/321/321 336/336/336 337/337/337
f 321/321/321 337/337/337 322/322/322
f 322/322/322 337/337/337 338/338/338
f 322/322/322 338/338/338 323/323/323
f 323/323/323 338/338/338 339/339/339
f 323/323/323 339/339/339 324/324/324
f 324/324/324 339/339/339 340/340/340
f 324/324/324 340/340/340 325/325/325
f 325/325/325 340/340/340 341/341/341
f 325/325/325 341/341/341 326/326/326
f 326/326/326 341/341/341 342/342/342
f 326/326/326 342/342/342 327/327/327
f 327/327/327 342/342/342 343/343/343
f 327/327/327 343/343/343 328/328/328
f 328/328/328 343/343/343 344/344/344
f 328/328/328 344/344/344 329/329/329
f 329/329/329 344/344/344 345/345/345
f 329/329/329 345/345/345 330/330/330
f 331/331/331 346/346/346 347/347/347
f 331/331/331 347/347/347 332/332/332
f 332/332/332 347/347/347 348/348/348
f 332/332/332 348/348/348 333/333/333
f 333/333/333 348/348/348 349/349/349
f 333/333/333 349/349/349 334/334/334
f 334/334/334 349/349/349 350/350/350
f 334/334/334 350/350/350 335/335/335
f 335/335/335 350/350/350 351/351/351
f 335/335/335 351/351/351 336/336/336
f 336/336/336 351/351/351 352/352/352
f 336/336/336 352/352/352 337/337/337
f 337/337/337 352/352/352 353/353/353
f 337/337/337 353/353/353 338/338/338
f 338/338/338 353/353/353 354/354/354
f 338/338/338 354/354/354 339/339/339
f 339/339/339 354/354/354 355/355/355
f 339/339/339 355/355/355 340/340/340
f 340/340/340 355/355/355 356/356/356
f 340/340/340 356/356/356 341/341/341
f 341/341/341 356/356/356 357/357/357
f 341/341/341 357/357/357 342/342/342
f 342/342/342 357/357/357 358/358/358
f 342/342/342 358/358/358 343/343/343
f 343/343/343 358/358/358 359/359/359
f 343/343/343 359/359/359 344/344/344
f 344/344/344 359/359/359 360/360/360
f 344/344/344 360/360/360 345/345/345
f 346/346/346 361/361/361 362/362/362
f 346/346/346 362/362/362 347/347/347
f 347/347/347 362/362/362 363/363/363
f 347/347/347 363/363/363 348/348/348
f 348/348/348 363/363/363 364/364/364
f 348/348/348 364/364/364 349/349/349
f 349/349/349 364/364/364 365/365/365
f 349/349/349 365/365/365 350/350/350
f 350/350/350 365/365/365 366/366/366
f 350/350/350 366/366/366 351/351/351
f 351/351/351 366/366/366 367/367/367
f 351/351/351 367/367/367 352/352/352
f 352/352/352 367/367/367 368/368/368
f 352/352/352 368/368/368 353/353/353
f 353/353/353 368/368/368 369/369/369
f 353/353/353 369/369/369 354/354/354
f 354/354/354 369/369/369 370/370/370
f 354/354/354 370/370/370 355/355/355
f 355/355/355 370/370/370 371/371/371
f 355/355/355 371/371/371 356/356/356
f 356/356/356 371/371/371 372/372/372
f 356/356/356 372/372/372 357/357/357
f 357/357/357 372/372/372 373/373/373
f 357/357/357 373/373/373 358/358/358
f 358/358/358 373/373/373 374/374/374
f 358/358/358 374/374/374 359/359/359
f 359/359/359 374/374/374 375/375/375
f 359/359/359 375/375/375 360/360/360
f 361/361/361 376/376/376 377/377/377
f 361/361/361 377/377/377 362/362/362
f 362/362/362 377/377/377 378/378/378
f 362/362/362 378/378/378 363/363/363
f 363/363/363 378/378/378 379/379/379
f 363/363/363 379/379/379 364/364/364
f 364/364/364 379/379/379 380/380/380
f 364/364/364 380/380/380 365/365/365
f 365/365/365 380/380/380 381/381/381
f 365/365/365 381/381/381 366/366/366
f 366/366/366 381/381/381 382/382/382
f 366/366/366 382/382/382 367/367/367
f 367/367/367 382/382/382 383/383/383
f 367/367/367 383/383/383 368/368/368
f 368/368/368 383/383/383 384/384/384
f 368/368/368 384/384/384 369/369/369
f 369/369/369 384/384/384 385/385/385
f 369/369/369 385/385/385 370/370/370
f 370/370/370 385/385/385 386/386/386
f 370/370/370 386/386/386 371/371/371
f 371/371/371 386/386/386 387/387/387
f 371/371/371 387/387/387 372/372/372
f 372/372/372 387/387/387 388/388/388
f 372/372/372 388/388/388 373/373/373
f 373/373/373 388/388/388 389/389/389
f 373/373/373 389/389/389 374/374/374
f 374/374/374 389/389/389 390/390/390
f 374/374/374 390/390/390 375/375/375
f 376/376/376 391/391/391 392/392/392
f 376/376/376 392/392/392 377/377/377
f 377/377/377 392/392/392 393/393/393
f 377/377/377 393/393/393 378/378/378
f 378/378/378 393/393/393 394/394/394
f 378/378/378 394/394/394 379/379/379
f 379/379/379 394/394/394 395/395/395
f 379/379/379 395/395/395 380/380/380
f 380/380/380 395/395/395 396/396/396
f 380/380/380 396/396/396 381/381/381
f 381/381/381 396/396/396 397/397/397
f 381/381/381 397/397/397 382/382/382
f 382/382/382 397/397/397 398/398/398
f 382/382/382 398/398/398 383/383/383
f 383/383/383 398/398/398 399/399/399
f 383/383/383 399/399/399 384/384/384
f 384/384/384 399/399/399 400/400/400
f 384/384/384 400/400/400 385/385/385
f 385/385/385 400/400/400 401/401/401
f 385/385/385 401/401/401 386/386/386
f 386/386/386 401/401/401 402/402/402
f 386/386/386 402/402/402 387/387/387
f 387/387/387 402/402/402 403/403/403
f 387/387/387 403/403/403 388/388/388
f 388/388/388 403/403/403 404/404/404
f 388/388/388 404/404/404 389/389/389
f 389/389/389 404/404/404 405/405/405
f 389/389/389 405/405/405 390/390/390
f 391/391/391 406/406/406 407/407/407
f 391/391/391 407/407/407 392/392/392
f 392/392/392 407/407/407 408/408/408
f 392/392/392 408/408/408 393/393/393
f 393/393/393 408/408/408 409/409/409
f 393/393/393 409/409/409 394/394/394
f 394/394/394 409/409/409 410/410/410
f 394/394/394 410/410/410 395/395/395
f 395/395/395 410/410/410 411/411/411
f 395/395/395 411/411/411 396/396/396
f 396/396/396 411/411/411 412/412/412
f 396/396/396 412/412/412 397/397/397
f 397/397/397 412/412/412 413/413/413
f 397/397/397 413/413/413 398/398/398
f 398/398/398 413/413/413 414/414/414
f 398/398/398 414/414/414 399/399/399
f 399/399/399 414/414/414 415/415/415
f 399/399/399 415/415/415 400/400/400
f 400/400/400 415/415/415 416/416/416
f 400/400/400 416/416/416 401/401/401
f 401/401/401 416/416/416 417/417/417
f 401/401/401 417/417/417 402/402/402
f 402/402/402 417/417/417 418/418/418
f 402/402/402 418/418/418 403/403/403
f 403/403/403 418/418/418 419/419/419
f 403/403/403 419/419/419 404/404/404
f 404/404/404 419/419/419 420/420/420
f 404/404/404 420/420/420 405/405/405
f 406/406/406 421/421/421 422/422/422
f 406/406/406 422/422/422 407/407/407
f 407/407/407 422/422/422 423/423/423
f 407/407/407 423/423/423 408/408/408
f 408/408/408 423/423/423 424/424/424
f 408/408/408 424/424/424 409/409/409
f 409/409/409 424/424/424 425/425/425
f 409/409/409 425/425/425 410/410/410
f 410/410/410 425/425/425 426/426/426
f 410/410/410 426/426/426 411/411/411
f 411/411/411 426/426/426 427/427/427
f 411/411/411 427/427/427 412/412/412
f 412/412/412 427/427/427 428/428/428
f 412/412/412 428/428/428 413/413/413
f 413/413/413 428/428/428 429/429/429
f 413/413/413 429/429/429 414/414/414
f 414/414/414 429/429/429 430/430/430
f 414/414/414 430/430/430 415/415/415
f 415/415/415 430/430/430 431/431/431
f 415/415/415 431/431/431 416/416/416
f 416/416/416 431/431/431 432/432/432
f 416/416/416 432/432/432 417/417/417
f 417/417/417 432/432/432 433/433/433
f 417/417/417 433/433/433 418/418/418
f 418/418/418 433/433/433 434/434/434
f 418/418/418 434/434/434 419/419/419
f 419/419/419 434/434/434 435/435/435
f 419/419/419 435/435/435 420/420/420
f 421/421/421 436/436/436 437/437/437
f 421/421/421 437/437/437 422/422/422
f 422/422/422 437/437/437 438/438/438
f 422/422/422 438/438/438 423/423/423
f 423/423/423 438/438/438 439/439/439
f 423/423/423 439/439/439 424/424/424
f 424/424/424 439/439/439 440/440/440
f 424/424/424 440/440/440 425/425/425
f 425/425/425 440/440/440 441/441/441
f 425/425/425 441/441/441 426/426/426
f 426/426/426 441/441/441 442/442/442
f 426/426/426 442/442/442 427/427/427
f 427/427/427 442/442/442 443/443/443
f 427/427/427 443/443/443 428/428/428
f 428/428/428 443/443/443 444/444/444
f 428/428/428 444/444/444 429/429/429
f 429/429/429 444/444/444 445/445/445
f 429/429/429 445/445/445 430/430/430
f 430/430/430 445/445/445 446/446/446
f 430/430/430 446/446/446 431/431/431
f 431/431/431 446/446/446 447/447/447
f 431/431/431 447/447/447 432/432/432
f 432/432/432 447/447/447 448/448/448
f 432/432/432 448/448/448 433/433/433
f 433/433/433 448/448/448 449/449/449
f 433/433/433 449/449/449 434/434/434
f 434/434/434 449/449/449 450/450/450
f 434/434/434 450/450/450 435/435/435
f 451/451/451 466/466/466 467/467/467
f 451/451/451 467/467/467 452/452/452
f 452/452/452 467/467/467 468/468/468
f 452/452/452 468/468/468 453/453/453
f 453/453/453 468/468/468 469/469/469
f 453/453/453 469/469/469 454/454/454
f 454/454/454 469/469/469 470/470/470
f 454/454/454 470/470/470 455/455/455
f 455/455/455 470/470/470 471/471/471
f 455/455/455 471/471/471 456/456/456
f 456/456/456 471/471/471 472/472/472
f 456/456/456 472/472/472 457/457/457
f 457/457/457 472/472/472 473/473/473
f 457/457/457 473/473/473 458/458/458
f 458/458/458 473/473/473 474/474/474
f 458/458/458 474/474/474 459/459/459
f 459/459/459 474/474/474 475/475/475
f 459/459/459 475/475/475 460/460/460
f 460/460/460 475/475/475 476/476/476
f 460/460/460 476/476/476 461/461/461
f 461/461/461 476/476/476 477/477/477
f 461/461/461 477/477/477 462/462/462
f 462/462/462 477/477/477 478/478/478
f 462/462/462 478/478/478 463/463/463
f 463/463/463 478/478/478 479/479/479
f 463/463/463 479/479/479 464/464/464
f 464/464/464 479/479/479 480/480/480
f 464/464/464 480/480/480 465/465/465
f 466/466/466 481/481/481 482/482/482
f 466/466/466 482/482/482 467/467/467
f 467/467/467 482/482/482 483/483/483
f 467/467/467 483/483/483 468/468/468
f 468/468/468 483/483/483 484/484/484
f 468/468/468 484/484/484 469/469/469
f 469/469/469 484/484/484 485/485/485
f 469/469/469 485/485/485 470/470/470
f 470/470/470 485/485/485 486/486/486
f 470/470/470 486/486/486 471/471/471
f 471/471/471 486/486/486 487/487/487
f 471/471/471 487/487/487 472/472/472
f 472/472/472 487/487/487 488/488/488
f 472/472/472 488/488/488 473/473/473
f 473/473/473 488/488/488 489/489/489
f 473/473/473 489/489/489 474/474/474
f 474/474/474 489/489/489 490/490/490
f 474/474/474 490/490/490 475/475/475
f 475/475/475 490/490/490 491/491/491
f 475/475/475 491/491/491 476/476/476
f 476/476/476 491/491/491 492/492/492
f 476/476/476 492/492/492 477/477/477
f 477/477/477 492/492/492 493/493/493
f 477/477/477 493/493/493 478/478/478
f 478/478/478 493/493/493 494/494/494
f 478/478/478 494/494/494 479/479/479
f 479/479/479 494/494/494 495/495/495
f 479/479/479 495/495/495 480/480/480
f 481/481/481 496/496/496 497/497/497
f 481/481/481 497/497/497 482/482/482
f 482/482/482 497/497/497 498/498/498
f 482/482/482 498/498/498 483/483/483
f 483/483/483 498/498/498 499/499/499
f 483/483/483 499/499/499 484/484/484
f 484/484/484 499/499/499 500/500/500
f 484/484/484 500/500/500 485/485/485
f 485/485/485 500/500/500 501/501/501
f 485/485/485 501/501/501 486/486/486
f 486/486/486 501/501/501 502/502/502
f 486/486/486 502/502/502 487/487/487
f 487/487/487 502/502/502 503/503/503
f 487/487/487 503/503/503 488/488/488
f 488/488/488 503/503/503 504/504/504
f 488/488/488 504/504/504 489/489/489
f 489/489/489 504/504/504 505/505/505
f 489/489/489 505/505/505 490/490/490
f 490/490/490 505/505/505 506/506/506
f 490/490/490 506/506/506 491/491/491
f 491/491/491 506/506/506 507/507/507
f 491/491/491 507/507/507 492/492/492
f 492/492/492 507/507/507 508/508/508
f 492/492/492 508/508/508 493/493/493
f 493/493/493 508/508/508 509/509/509
f 493/493/493 509/509/509 494/494/494
f 494/494/494 509/509/509 510/510/510
f 494/494/494 510/510/510 495/495/495
f 496/496/496 511/511/511 512/512/512
f 496/496/496 512/512/512 497/497/497
f 497/497/497 512/512/512 513/513/513
f 497/497/497 513/513/513 498/498/498
f 498/498/498 513/513/513 514/514/514
f 498/498/498 514/514/514 499/499/499
f 499/499/499 514/514/514 515/515/515
f 499/499/499 515/515/515 500/500/500
f 500/500/500 515/515/515 516/516/516
f 500/500/500 516/516/516 501/501/501
f 501/501/501 516/516/516 517/517/517
f 501/501/501 517/517/517 502/502/502
f 502/502/502 517/517/517 518/518/518
f 502/502/502 518/518/518 503/503/503
f 503/503/503 518/518/518 519/519/519
f 503/503/503 519/519/519 504/504/504
f 504/504/504 519/519/519 520/520/520
f 504/504/504 520/520/520 505/505/505
f 505/505/505 520/520/520 521/521/521
f 505/505/505 521/521/521 506/506/506
f 506/506/506 521/521/521 522/522/522
f 506/506/506 522/522/522 507/507/507
f 507/507/507 522/522/522 523/523/523
f 507/507/507 523/523/523 508/508/508
f 508/508/508 523/523/523 524/524/524
f 508/508/508 524/524/524 509/509/509
f 509/509/509 524/524/524 525/525/525
f 509/509/509 525/525/525 510/510/510
f 511/511/511 526/526/526 527/527/527
f 511/511/511 527/527/527 512/512/512
f 512/512/512 527/527/527 528/528/528
f 512/512/512 528/528/528 513/513/513
f 513/513/513 528/528/528 529/529/529
f 513/513/513 529/529/529 514/514/514
f 514/514/514 529/529/529 530/530/530
f 514/514/514 530/530/530 515/515/515
f 515/515/515 530/530/530 531/531/531
f 515/515/515 531/531/531 516/516/516
f 516/516/516 531/531/531 532/532/532
f 516/516/516 532/532/532 517/517/517
f 517/517/517 532/532/532 533/533/533
f 517/517/517 533/533/533 518/518/518
f 518/518/518 533/533/533 534/534/534
f 518/518/518 534/534/534 519/519/519
f 519/519/519 534/534/534 535/535/535
f 519/519/519 535/535/535 520/520/520
f 520/520/520 535/535/535 536/536/536
f 520/520/520 536/536/536 521/521/521
f 521/521/521 536/536/536 537/537/537
f 521/521/521 537/537/537 522/522/522
f 522/522/522 537/537/537 538/538/538
f 522/522/522 538/538/538 523/523/523
f 523/523/523 538/538/538 539/539/539
f 523/523/523 539/539/539 524/524/524
f 524/524/524 539/539/539 540/540/540
f 524/524/524 540/540/540 525/525/525
f 526/526/526 541/541/541 542/542/542
f 526/526/526 542/542/542 527/527/527
f 527/527/527 542/542/542 543/543/543
f 527/527/527 543/543/543 528/528/528
f 528/528/528 543/543/543 544/544/544
f 528/528/528 544/544/544 529/529/529
f 529/529/529 544/544/544 545/545/545
f 529/529/529 545/545/545 530/530/530
f 530/530/530 545/545/545 546/546/546
f 530/530/530 546/546/546 531/531/531
f 531/531/531 546/546/546 547/547/547
f 531/531/531 547/547/547 532/532/532
f 532/532/532 547/547/547 548/548/548
f 532/532/532 548/548/548 533/533/533
f 533/533/533 548/548/548 549/549/549
f 533/533/533 549/549/549 534/534/534
f 534/534/534 549/549/549 550/550/550
f 534/534/534 550/550/550 535/535/535
f 535/535/535 550/550/550 551/551/551
f 535/535/535 551/551/551 536/536/536
f 536/536/536 551/551/551 552/552/552
f 536/536/536 552/552/552 537/537/537
f 537/537/537 552/552/552 553/553/553
f 537/537/537 553/553/553 538/538/538
f 538/538/538 553/553/553 554/554/554
f 538/538/538 554/554/554 539/539/539
f 539/539/539 554/554/554 555/555/555
f 539/539/539 555/555/555 540/540/540
f 541/541/541 556/556/556 557/557/557
f 541/541/541 557/557/557 542/542/542
f 542/542/542 557/557/557 558/558/558
f 542/542/542 558/558/558 543/543/543
f 543/543/543 558/558/558 559/559/559
f 543/543/543 559/559/559 544/544/544
f 544/544/544 559/559/559 560/560/560
f 544/544/544 560/560/560 545/545/545
f 545/545/545 560/560/560 561/561/561
f 545/545/545 561/561/561 546/546/546
f 546/546/546 561/561/561 562/562/562
f 546/546/546 562/562/562 547/547/547
f 547/547/547 562/562/562 563/563/563
f 547/547/547 563/563/563 548/548/548
f 548/548/548 563/563/563 564/564/564
f 548/548/548 564/564/564 549/549/549
f 549/549/549 564/564/564 565/565/565
f 549/549/549 565/565/565 550/550/550
f 550/550/550 565/565/565 566/566/566
f 550/550/550 566/566/566 551/551/551
f 551/551/551 566/566/566 567/567/567
f 551/551/551 567/567/567 552/552/552
f 552/552/552 567/567/567 568/568/568
f 552/552/552 568/568/568 553/553/553
f 553/553/553 568/568/568 569/569/569
f 553/553/553 569/569/569 554/554/554
f 554/554/554 569/569/569 570/570/570
f 554/554/554 570/570/570 555/555/555
f 556/556/556 571/571/571 572/572/572
f 556/556/556 572/572/572 557/557/557
f 557/557/557 572/572/572 573/573/573
f 557/557/557 573/573/573 558/558/558
f 558/558/558 573/573/573 574/574/574
f 558/558/558 574/574/574 559/559/559
f 559/559/559 574/574/574 575/575/575
f 559/559/559 575/575/575 560/560/560
f 560/560/560 575/575/575 576/576/576
f 560/560/560 576/576/576 561/561/561
f 561/561/561 576/576/576 577/577/577
f 561/561/561 577/577/577 562/562/562
f 562/562/562 577/577/577 578/578/578
f 562/562/562 578/578/578 563/563/563
f 563/563/563 578/578/578 579/579/579
f 563/563/563 579/579/579 564/564/564
f 564/564/564 579/579/579 580/580/580
f 564/564/564 580/580/580 565/565/565
f 565/565/565 580/580/580 581/581/581
f 565/565/565 581/581/581 566/566/566
f 566/566/566 581/581/581 582/582/582
f 566/566/566 582/582/582 567/567/567
f 567/567/567 582/582/582 583/583/583
f 567/567/567 583/583/583 568/568/568
f 568/568/568 583/583/583 584/584/584
f 568/568/568 584/584/584 569/569/569
f 569/569/569 584/584/584 585/585/585
f 569/569/569 585/585/585 570/570/570
f 571/571/571 586/586/586 587/587/587
f 571/571/571 587/587/587 572/572/572
f 572/572/572 587/587/587 588/588/588
f 572/572/572 588/588/588 573/573/573
f 573/573/573 588/588/588 589/589/589
f 573/573/573 589/589/589 574/574/574
f 574/574/574 589/589/589 590/590/590
f 574/574/574 590/590/590 575/575/575
f 575/575/575 590/590/590 591/591/591
f 575/575/575 591/591/591 576/576/576
f 576/576/576 591/591/591 592/592/592
f 576/576/576 592/592/592 577/577/577
f 577/577/577 592/592/592 593/593/593
f 577/577/577 593/593/593 578/578/578
f 578/578/578 593/593/593 594/594/594
f 578/578/578 594/594/594 579/579/579
f 579/579/579 594/594/594 595/595/595
f 579/579/579 595/595/595 580/580/580
f 580/580/580 595/595/595 596/596/596
f 580/580/580 596/596/596 581/581/581
f 581/581/581 596/596/596 597/597/597
f 581/581/581 597/597/597 582/582/582
f 582/582/582 597/597/597 598/598/598
f 582/582/582 598/598/598 583/583/583
f 583/583/583 598/598/598 599/599/599
f 583/583/583 599/599/599 584/584/584
f 584/584/584 599/599/599 600/600/600
f 584/584/584 600/600/600 585/585/585
f 586/586/586 601/601/601 602/602/602
f 586/586/586 602/602/602 587/587/587
f 587/587/587 602/602/602 603/603/603
f 587/587/587 603/603/603 588/588/588
f 588/588/588 603/603/603 604/604/604
f 588/588/588 604/604/604 589/589/589
f 589/589/589 604/604/604 605/605/605
f 589/589/589 605/605/605 590/590/590
f 590/590/590 605/605/605 606/606/606
f 590/590/590 606/606/606 591/591/591
f 591/591/591 606/606/606 607/607/607
f 591/591/591 607/607/607 592/592/592
f 592/592/592 607/607/607 608/608/608
f 592/592/592 608/608/608 593/593/593
f 593/593/593 608/608/608 609/609/609
f 593/593/593 609/609/609 594/594/594
f 594/594/594 609/609/609 610/610/610
f 594/594/594 610/610/610 595/595/595
f 595/595/595 610/610/610 611/611/611
f 595/595/595 611/611/611 596/596/596
f 596/596/596 611/611/611 612/612/612
f 596/596/596 612/612/612 597/597/597
f 597/597/597 612/612/612 613/613/613
f 597/597/597 613/613/613 598/598/598
f 598/598/598 613/613/613 614/614/614
f 598/598/598 614/614/614 599/599/599
f 599/599/599 614/614/614 615/615/615
f 599/599/599 615/615/615 600/600/600
f 601/601/601 616/616/616 617/617/617
f 601/601/601 617/617/617 602/602/602
f 602/602/602 617/617/617 618/618/618
f 602/602/602 618/618/618 603/603/603
f 603/603/603 618/618/618 619/619/619
f 603/603/603 619/619/619 604/604/604
f 604/604/604 619/619/619 620/620/620
f 604/604/604 620/620/620 605/605/605
f 605/605/605 620/620/620 621/621/621
f 605/605/605 621/621/621 606/606/606
f 606/606/606 621/621/621 622/622/622
f 606/606/606 622/622/622 607/607/607
f 607/607/607 622/622/622 623/623/623
f 607/607/607 623/623/623 608/608/608
f 608/608/608 623/623/623 624/624/624
f 608/608/608 624/624/624 609/609/609
f 609/609/609 624/624/624 625/625/625
f 609/609/609 625/625/625 610/610/610
f 610/610/610 625/625/625 626/626/626
f 610/610/610 626/626/626 611/611/611
f 611/611/611 626/626/626 627/627/627
f 611/611/611 627/627/627 612/612/612
f 612/612/612 627/627/627 628/628/628
f 612/612/612 628/628/628 613/613/613
f 613/613/613 628/628/628 629/629/629
f 613/613/613 629/629/629 614/614/614
f 614/614/614 629/629/629 630/630/630
f 614/614/614 630/630/630 615/615/615
f 616/616/616 631/631/631 632/632/632
f 616/616/616 632/632/632 617/617/617
f 617/617/617 632/632/632 633/633/633
f 617/617/617 633/633/633 618/618/618
f 618/618/618 633/633/633 634/634/634
f 618/618/618 634/634/634 619/619/619
f 619/619/619 634/634/634 635/635/635
f 619/619/619 635/635/635 620/620/620
f 620/620/620 635/635/635 636/636/636
f 620/620/620 636/636/636 621/621/621
f 621/621/621 636/636/636 637/637/637
f 621/621/621 637/637/637 622/622/622
f 622/622/622 637/637/637 638/638/638
f 622/622/622 638/638/638 623/623/623
f 623/623/623 638/638/638 639/639/639
f 623/623/623 639/639/639 624/624/624
f 624/624/624 639/639/639 640/640/640
f 624/624/624 640/640/640 625/625/625
f 625/625/625 640/640/640 641/641/641
f 625/625/625 641/641/641 626/626/626
f 626/626/626 641/641/641 642/642/642
f 626/626/626 642/642/642 627/627/627
f 627/627/627 642/642/642 643/643/643
f 627/627/627 643/643/643 628/628/628
f 628/628/628 643/643/643 644/644/644
f 628/628/628 644/644/644 629/629/629
f 629/629/629 644/644/644 645/645/645
f 629/629/629 645/645/645 630/630/630
f 631/631/631 646/646/646 647/647/647
f 631/631/631 647/647/647 632/632/632
f 632/632/632 647/647/647 648/648/648
f 632/632/632 648/648/648 633/633/633
f 633/633/633 648/648/648 649/649/649
f 633/633/633 649/649/649 634/634/634
f 634/634/634 649/649/649 650/650/650
f 634/634/634 650/650/650 635/635/635
f 635/635/635 650/650/650 651/651/651
f 635/635/635 651/651/651 636/636/636
f 636/636/636 651/651/651 652/652/652
f 636/636/636 652/652/652 637/637/637
f 637/637/637 652/652/652 653/653/653
f 637/637/637 653/653/653 638/638/638
f 638/638/638 653/653/653 654/654/654
f 638/638/638 654/654/654 639/639/639
f 639/639/639 654/654/654 655/655/655
f 639/639/639 655/655/655 640/640/640
f 640/640/640 655/655/655 656/656/656
f 640/640/640 656/656/656 641/641/641
f 641/641/641 656/656/656 657/657/657
f 641/641/641 657/657/657 642/642/642
f 642/642/642 657/657/657 658/658/658
f 642/642/642 658/658/658 643/643/643
f 643/643/643 658/658/658 659/659/659
f 643/643/643 659/659/659 644/644/644
f 644/644/644 659/659/659 660/660/660
f 644/644/644 660/660/660 645/645/645
f 646/646/646 661/661/661 662/662/662
f 646/646/646 662/662/662 647/647/647
f 647/647/647 662/662/662 663/663/663
f 647/647/647 663/663/663 648/648/648
f 648/648/648 663/663/663 664/664/664
f 648/648/648 664/664/664 649/649/649
f 649/649/649 664/664/664 665/665/665
f 649/649/649 665/665/665 650/650/650
f 650/650/650 665/665/665 666/666/666
f 650/650/650 666/666/666 651/651/651
f 651/651/651 666/666/666 667/667/667
f 651/651/651 667/667/667 652/652/652
f 652/652/652 667/667/667 668/668/668
f 652/652/652 668/668/668 653/653/653
f 653/653/653 668/668/668 669/669/669
f 653/653/653 669/669/669 654/654/654
f 654/654/654 669/669/669 670/670/670
f 654/654/654 670/670/670 655/655/655
f 655/655/655 670/670/670 671/671/671
f 655/655/655 671/671/671 656/656/656
f 656/656/656 671/671/671 672/672/672
f 656/656/656 672/672/672 657/657/657
f 657/657/657 672/672/672 673/673/673
f 657/657/657 673/673/673 658/658/658
f 658/658/658 673/673/673 674/674/674
f 658/658/658 674/674/674 659/659/659
f 659/659/659 674/674/674 675/675/675
f 659/659/659 675/675/675 660/660/660
f 676/676/676 691/691/691 692/692/692
f 676/676/676 692/692/692 677/677/677
f 677/677/677 692/692/692 693/693/693
f 677/677/677 693/693/693 678/678/678
f 678/678/678 693/693/693 694/694/694
f 678/678/678 694/694/694 679/679/679
f 679/679/679 694/694/694 695/695/695
f 679/679/679 695/695/695 680/680/680
f 680/680/680 695/695/695 696/696/696
f 680/680/680 696/696/696 681/681/681
f 681/681/681 696/696/696 697/697/697
f 681/681/681 697/697/697 682/682/682
f 682/682/682 697/697/697 698/698/698
f 682/682/682 698/698/698 683/683/683
f 683/683/683 698/698/698 699/699/699
f 683/683/683 699/699/699 684/684/684
f 684/684/684 699/699/699 700/700/700
f 684/684/684 700/700/700 685/685/685
f 685/685/685 700/700/700 701/701/701
f 685/685/685 701/701/701 686/686/686
f 686/686/686 701/701/701 702/702/702
f 686/686/686 702/702/702 687/687/687
f 687/687/687 702/702/702 703/703/703
f 687/687/687 703/703/703 688/688/688
f 688/688/688 703/703/703 704/704/704
f 688/688/688 704/704/704 689/689/689
f 689/689/689 704/704/704 705/705/705
f 689/689/689 705/705/705 690/690/690
f 691/691/691 706/706/706 707/707/707
f 691/691/691 707/707/707 692/692/692
f 692/692/692 707/707/707 708/708/708
f 692/692/692 708/708/708 693/693/693
f 693/693/693 708/708/708 709/709/709
f 693/693/693 709/709/709 694/694/694
f 694/694/694 709/709/709 710/710/710
f 694/694/694 710/710/710 695/695/695
f 695/695/695 710/710/710 711/711/711
f 695/695/695 711/711/711 696/696/696
f 696/696/696 711/711/711 712/712/712
f 696/696/696 712/712/712 697/697/697
f 697/697/697 712/712/712 713/713/713
f 697/697/697 713/713/713 698/698/698
f 698/698/698 713/713/713 714/714/714
f 698/698/698 714/714/714 699/699/699
f 699/699/699 714/714/714 715/715/715
f 699/699/699 715/715/715 700/700/700
f 700/700/700 715/715/715 716/716/716
f 700/700/700 716/716/716 701/701/701
f 701/701/701 716/716/716 717/717/717
f 701/701/701 717/717/717 702/702/702
f 702/702/702 717/717/717 718/718/718
f 702/702/702 718/718/718 703/703/703
f 703/703/703 718/718/718 719/719/719
f 703/703/703 719/719/719 704/704/704
f 704/704/704 719/719/719 720/720/720
f 704/704/704 720/720/720 705/705/705
f 706/706/706 721/721/721 722/722/722
f 706/706/706 722/722/722 707/707/707
f 707/707/707 722/722/722 723/723/723
f 707/707/707 723/723/723 708/708/708
f 708/708/708 723/723/723 724/724/724
f 708/708/708 724/724/724 709/709/709
f 709/709/709 724/724/724 725/725/725
f 709/709/709 725/725/725 710/710/710
f 710/710/710 725/725/725 726/726/726
f 710/710/710 726/726/726 711/711/711
f 711/711/711 726/726/726 727/727/727
f 711/711/711 727/727/727 712/712/712
f 712/712/712 727/727/727 728/728/728
f 712/712/712 728/728/728 713/713/713
f 713/713/713 728/728/728 729/729/729
f 713/713/713 729/729/729 714/714/714
f 714/714/714 729/729/729 730/730/730
f 714/714/714 730/730/730 715/715/715
f 715/715/715 730/730/730 731/731/731
f 715/715/715 731/731/731 716/716/716
f 716/716/716 731/731/731 732/732/732
f 716/716/716 732/732/732 717/717/717
f 717/717/717 732/732/732 733/733/733
f 717/717/717 733/733/733 718/718/718
f 718/718/718 733/733/733 734/734/734
f 718/718/718 734/734/734 719/719/719
f 719/719/719 734/734/734 735/735/735
f 719/719/719 735/735/735 720/720/720
f 721/721/721 736/736/736 737/737/737
f 721/721/721 737/737/737 722/722/722
f 722/722/722 737/737/737 738/738/738
f 722/722/722 738/738/738 723/723/723
f 723/723/723 738/738/738 739/739/739
f 723/723/723 739/739/739 724/724/724
f 724/724/724 739/739/739 740/740/740
f 724/724/724 740/740/740 725/725/725
f 725/725/725 740/740/740 741/741/741
f 725/725/725 741/741/741 726/726/726
f 726/726/726 741/741/741 742/742/742
f 726/726/726 742/742/742 727/727/727
f 727/727/727 742/742/742 743/743/743
f 727/727/727 743/743/743 728/728/728
f 728/728/728 743/743/743 744/744/744
f 728/728/728 744/744/744 729/729/729
f 729/729/729 744/744/744 745/745/745
f 729/729/729 745/745/745 730/730/730
f 730/730/730 745/745/745 746/746/746
f 730/730/730 746/746/746 731/731/731
f 731/731/731 746/746/746 747/747/747
f 731/731/731 747/747/747 732/732/732
f 732/732/732 747/747/747 748/748/748
f 732/732/732 748/748/748 733/733/733
f 733/733/733 748/748/748 749/749/749
f 733/733/733 749/749/749 734/734/734
f 734/734/734 749/749/749 750/750/750
f 734/734/734 750/750/750 735/735/735
f 736/736/736 751/751/751 752/752/752
f 736/736/736 752/752/752 737/737/737
f 737/737/737 752/752/752 753/753/753
f 737/737/737 753/753/753 738/738/738
f 738/738/738 753/753/753 754/754/754
f 738/738/738 754/754/754 739/739/739
f 739/739/739 754/754/754 755/755/755
f 739/739/739 755/755/755 740/740/740
f 740/740/740 755/755/755 756/756/756
f 740/740/740 756/756/756 741/741/741
f 741/741/741 756/756/756 757/757/757
f 741/741/741 757/757/757 742/742/742
f 742/742/742 757/757/757 758/758/758
f 742/742/742 758/758/758 743/743/743
f 743/743/743 758/758/758 759/759/759
f 743/743/743 759/759/759 744/744/744
f 744/744/744 759/759/759 760/760/760
f 744/744/744 760/760/760 745/745/745
f 745/745/745 760/760/760 761/761/761
f 745/745/745 761/761/761 746/746/746
f 746/746/746 761/761/761 762/762/762
f 746/746/746 762/762/762 747/747/747
f 747/747/747 762/762/762 763/763/763
f 747/747/747 763/763/763 748/748/748
f 748/748/748 763/763/763 764/764/764
f 748/748/748 764/764/764 749/749/749
f 749/749/749 764/764/764 765/765/765
f 749/749/749 765/765/765 750/750/750
f 751/751/751 766/766/766 767/767/767
f 751/751/751 767/767/767 752/752/752
f 752/752/752 767/767/767 768/768/768
f 752/752/752 768/768/768 753/753/753
f 753/753/753 768/768/768 769/769/769
f 753/753/753 769/769/769 754/754/754
f 754/754/754 769/769/769 770/770/770
f 754/754/754 770/770/770 755/755/755
f 755/755/755 770/770/770 771/771/771
f 755/755/755 771/771/771 756/756/756
f 756/756/756 771/771/771 772/772/772
f 756/756/756 772/772/772 757/757/757
f 757/757/757 772/772/772 773/773/773
f 757/757/757 773/773/773 758/758/758
f 758/758/758 773/773/773 774/774/774
f 758/758/758 774/774/774 759/759/759
f 759/759/759 774/774/774 775/775/775
f 759/759/759 775/775/775 760/760/760
f 760/760/760 775/775/775 776/776/776
f 760/760/760 776/776/776 761/761/761
f 761/761/761 776/776/776 777/777/777
f 761/761/761 777/777/777 762/762/762
f 762/762/762 777/777/777 778/778/778
f 762/762/762 778/778/778 763/763/763
f 763/763/763 778/778/778 779/779/779
f 763/763/763 779/779/779 764/764/764
f 764/764/764 779/779/779 780/780/780
f 764/764/764 780/780/780 765/765/765
f 766/766/766 781/781/781 782/782/782
f 766/766/766 782/782/782 767/767/767
f 767/767/767 782/782/782 783/783/783
f 767/767/767 783/783/783 768/768/768
f 768/768/768 783/783/783 784/784/784
f 768/768/768 784/784/784 769/769/769
f 769/769/769 784/784/784 785/785/785
f 769/769/769 785/785/785 770/770/770
f 770/770/770 785/785/785 786/786/786
f 770/770/770 786/786/786 771/771/771
f 771/771/771 786/786/786 787/787/787
f 771/771/771 787/787/787 772/772/772
f 772/772/772 787/787/787 788/788/788
f 772/772/772 788/788/788 773/773/773
f 773/773/773 788/788/788 789/789/789
f 773/773/773 789/789/789 774/774/774
f 774/774/774 789/789/789 790/790/790
f 774/774/774 790/790/790 775/775/775
f 775/775/775 790/790/790 791/791/791
f 775/775/775 791/791/791 776/776/776
f 776/776/776 791/791/791 792/792/792
f 776/776/776 792/792/792 777/777/777
f 777/777/777 792/792/792 793/793/793
f 777/777/777 793/793/793 778/778/778
f 778/778/778 793/793/793 794/794/794
f 778/778/778 794/794/794 779/779/779
f 779/779/779 794/794/794 795/795/795
f 779/779/779 795/795/795 780/780/780
f 781/781/781 796/796/796 797/797/797
f 781/781/781 797/797/797 782/782/782
f 782/782/782 797/797/797 798/798/798
f 782/782/782 798/798/798 783/783/783
f 783/783/783 798/798/798 799/799/799
f 783/783/783 799/799/799 784/784/784
f 784/784/784 799/799/799 800/800/800
f 784/784/784 800/800/800 785/785/785
f 785/785/785 800/800/800 801/801/801
f 785/785/785 801/801/801 786/786/786
f 786/786/786 801/801/801 802/802/802
f 786/786/786 802/802/802 787/787/787
f 787/787/787 802/802/802 803/803/803
f 787/787/787 803/803/803 788/788/788
f 788/788/788 803/803/803 804/804/804
f 788/788/788 804/804/804 789/789/789
f 789/789/789 804/804/804 805/805/805
f 789/789/789 805/805/805 790/790/790
f 790/790/790 805/805/805 806/806/806
f 790/790/790 806/806/806 791/791/791
f 791/791/791 806/806/806 807/807/807
f 791/791/791 807/807/807 792/792/792
f 792/792/792 807/807/807 808/808/808
f 792/792/792 808/808/808 793/793/793
f 793/793/793 808/808/808 809/809/809
f 793/793/793 809/809/809 794/794/794
f 794/794/794 809/809/809 810/810/810
f 794/794/794 810/810/810 795/795/795
f 796/796/796 811/811/811 812/812/812
f 796/796/796 812/812/812 797/797/797
f 797/797/797 812/812/812 813/813/813
f 797/797/797 813/813/813 798/798/798
f 798/798/798 813/813/813 814/814/814
f 798/798/798 814/814/814 799/799/799
f 799/799/799 814/814/814 815/815/815
f 799/799/799 815/815/815 800/800/800
f 800/800/800 815/815/815 816/816/816
f 800/800/800 816/816/816 801/801/801
f 801/801/801 816/816/816 817/817/817
f 801/801/801 817/817/817 802/802/802
f 802/802/802 817/817/817 818/818/818
f 802/802/802 818/818/818 803/803/803
f 803/803/803 818/818/818 819/819/819
f 803/803/803 819/819/819 804/804/804
f 804/804/804 819/819/819 820/820/820
f 804/804/804 820/820/820 805/805/805
f 805/805/805 820/820/820 821/821/821
f 805/805/805 821/821/821 806/806/806
f 806/806/806 821/821/821 822/822/822
f 806/806/806 822/822/822 807/807/807
f 807/807/807 822/822/822 823/823/823
f 807/807/807 823/823/823 808/808/808
f 808/808/808 823/823/823 824/824/824
f 808/808/808 824/824/824 809/809/809
f 809/809/809 824/824/824 825/825/825
f 809/809/809 825/825/825 810/810/810
f 811/811/811 826/826/826 827/827/827
f 811/811/811 827/827/827 812/812/812
f 812/812/812 827/827/827 828/828/828
f 812/812/812 828/828/828 813/813/813
f 813/813/813 828/828/828 829/829/829
f 813/813/813 829/829/829 814/814/814
f 814/814/814 829/829/829 830/830/830
f 814/814/814 830/830/830 815/815/815
f 815/815/815 830/830/830 831/831/831
f 815/815/815 831/831/831 816/816/816
f 816/816/816 831/831/831 832/832/832
f 816/816/816 832/832/832 817/817/817
f 817/817/817 832/832/832 833/833/833
f 817/817/817 833/833/833 818/818/818
f 818/818/818 833/833/833 834/834/834
f 818/818/818 834/834/834 819/819/819
f 819/819/819 834/834/834 835/835/835
f 819/819/819 835/835/835 820/820/820
f 820/820/820 835/835/835 836/836/836
f 820/820/820 836/836/836 821/821/821
f 821/821/821 836/836/836 837/837/837
f 821/821/821 837/837/837 822/822/822
f 822/822/822 837/837/837 838/838/838
f 822/822/822 838/838/838 823/823/823
f 823/823/823 838/838/838 839/839/839
f 823/823/823 839/839/839 824/824/824
f 824/824/824 839/839/839 840/840/840
f 824/824/824 840/840/840 825/825/825
f 826/826/826 841/841/841 842/842/842
f 826/826/826 842/842/842 827/827/827
f 827/827/827 842/842/842 843/843/843
f 827/827/827 843/843/843 828/828/828
f 828/828/828 843/843/843 844/844/844
f 828/828/828 844/844/844 829/829/829
f 829/829/829 844/844/844 845/845/845
f 829/829/829 845/845/845 830/830/830
f 830/830/830 845/845/845 846/846/846
f 830/830/830 846/846/846 831/831/831
f 831/831/831 846/846/846 847/847/847
f 831/831/831 847/847/847 832/832/832
f 832/832/832 847/847/847 848/848/848
f 832/832/832 848/848/848 833/833/833
f 833/833/833 848/848/848 849/849/849
f 833/833/833 849/849/849 834/834/834
f 834/834/834 849/849/849 850/850/850
f 834/834/834 850/850/850 835/835/835
f 835/835/835 850/850/850 851/851/851
f 835/835/835 851/851/851 836/836/836
f 836/836/836 851/851/851 852/852/852
f 836/836/836 852/852/852 837/837/837
f 837/837/837 852/852/852 853/853/853
f 837/837/837 853/853/853 838/838/838
f 838/838/838 853/853/853 854/854/854
f 838/838/838 854/854/854 839/839/839
f 839/839/839 854/854/854 855/855/855
f 839/839/839 855/855/855 840/840/840
f 841/841/841 856/856/856 857/857/857
f 841/841/841 857/857/857 842/842/842
f 842/842/842 857/857/857 858/858/858
f 842/842/842 858/858/858 843/843/843
f 843/843/843 858/858/858 859/859/859
f 843/843/843 859/859/859 844/844/844
f 844/844/844 859/859/859 860/860/860
f 844/844/844 860/860/860 845/845/845
f 845/845/845 860/860/860 861/861/861
f 845/845/845 861/861/861 846/846/846
f 846/846/846 861/861/861 862/862/862
f 846/846/846 862/862/862 847/847/847
f 847/847/847 862/862/862 863/863/863
f 847/847/847 863/863/863 848/848/848
f 848/848/848 863/863/863 864/864/864
f 848/848/848 864/864/864 849/849/849
f 849/849/849 864/864/864 865/865/865
f 849/849/849 865/865/865 850/850/850
f 850/850/850 865/865/865 866/866/866
f 850/850/850 866/866/866 851/851/851
f 851/851/851 866/866/866 867/867/867
f 851/851/851 867/867/867 852/852/852
f 852/852/852 867/867/867 868/868/868
f 852/852/852 868/868/868 853/853/853
f 853/853/853 868/868/868 869/869/869
f 853/853/853 869/869/869 854/854/854
f 854/854/854 869/869/869 870/870/870
f 854/854/854 870/870/870 855/855/855
f 856/856/856 871/871/871 872/872/872
f 856/856/856 872/872/872 857/857/857
f 857/857/857 872/872/872 873/873/873
f 857/857/857 873/873/873 858/858/858
f 858/858/858 873/873/873 874/874/874
f 858/858/858 874/874/874 859/859/859
f 859/859/859 874/874/874 875/875/875
f 859/859/859 875/875/875 860/860/860
f 860/860/860 875/875/875 876/876/876
f 860/860/860 876/876/876 861/861/861
f 861/861/861 876/876/876 877/877/877
f 861/861/861 877/877/877 862/862/862
f 862/862/862 877/877/877 878/878/878
f 862/862/862 878/878/878 863/863/863
f 863/863/863 878/878/878 879/879/879
f 863/863/863 879/879/879 864/864/864
f 864/864/864 879/879/879 880/880/880
f 864/864/864 880/880/880 865/865/865
f 865/865/865 880/880/880 881/881/881
f 865/865/865 881/881/881 866/866/866
f 866/866/866 881/881/881 882/882/882
f 866/866/866 882/882/882 867/867/867
f 867/867/867 882/882/882 883/883/883
f 867/867/867 883/883/883 868/868/868
f 868/868/868 883/883/883 884/884/884
f 868/868/868 884/884/884 869/869/869
f 869/869/869 884/884/884 885/885/885
f 869/869/869 885/885/885 870/870/870
f 871/871/871 886/886/886 887/887/887
f 871/871/871 887/887/887 872/872/872
f 872/872/872 887/887/887 888/888/888
f 872/872/872 888/888/888 873/873/873
f 873/873/873 888/888/888 889/889/889
f 873/873/873 889/889/889 874/874/874
f 874/874/874 889/889/889 890/890/890
f 874/874/874 890/890/890 875/875/875
f 875/875/875 890/890/890 891/891/891
f 875/875/875 891/891/891 876/876/876
f 876/876/876 891/891/891 892/892/892
f 876/876/876 892/892/892 877/877/877
f 877/877/877 892/892/892 893/893/893
f 877/877/877 893/893/893 878/878/878
f 878/878/878 893/893/893 894/894/894
f 878/878/878 894/894/894 879/879/879
f 879/879/879 894/894/894 895/895/895
f 879/879/879 895/895/895 880/880/880
f 880/880/880 895/895/895 896/896/896
f 880/880/880 896/896/896 881/881/881
f 881/881/881 896/896/896 897/897/897
f 881/881/881 897/897/897 882/882/882
f 882/882/882 897/897/897 898/898/898
f 882/882/882 898/898/898 883/883/883
f 883/883/883 898/898/898 899/899/899
f 883/883/883 899/899/899 884/884/884
f 884/884/884 899/899/899 900/900/900
f 884/884/884 900/900/900 885/885/885
f 901/901/901 902/902/902 917/917/917
f 901/901/901 917/917/917 916/916/916
f 902/902/902 903/903/903 918/918/918
f 902/902/902 918/918/918 917/917/917
f 903/903/903 904/904/904 919/919/919
f 903/903/903 919/919/919 918/918/918
f 904/904/904 905/905/905 920/920/920
f 904/904/904 920/920/920 919/919/919
f 905/905/905 906/906/906 921/921/921
f 905/905/905 921/921/921 920/920/920
f 906/906/906 907/907/907 922/922/922
f 906/906/906 922/922/922 921/921/921
f 907/907/907 908/908/908 923/923/923
f 907/907/907 923/923/923 922/922/922
f 908/908/908 909/909/909 924/924/924
f 908/908/908 924/924/924 923/923/923
f 909/909/909 910/910/910 925/925/925
f 909/909/909 925/925/925 924/924/924
f 910/910/910 911/911/911 926/926/926
f 910/910/910 926/926/926 925/925/925
f 911/911/911 912/912/912 927/927/927
f 911/911/911 927/927/927 926/926/926
f 912/912/912 913/913/913 928/928/928
f 912/912/912 928/928/928 927/927/927
f 913/913/913 914/914/914 929/929/929
f 913/913/913 929/929/929 928/928/928
f 914/914/914 915/915/915 930/930/930
f 914/914/914 930/930/930 929/929/929
f 916/916/916 917/917/917 932/932/932
f 916/916/916 932/932/932 931/931/931
f 917/917/917 918/918/918 933/933/933
f 917/917/917 933/933/933 932/932/932
f 918/918/918 919/919/919 934/934/934
f 918/918/918 934/934/934 933/933/933
f 919/919/919 920/920/920 935/935/935
f 919/919/919 935/935/935 934/934/934
f 920/920/920 921/921/921 936/936/936
f 920/920/920 936/936/936 935/935/935
f 921/921/921 922/922/922 937/937/937
f 921/921/921 937/937/937 936/936/936
f 922/922/922 923/923/923 938/938/938
f 922/922/922 938/938/938 937/937/937
f 923/923/923 924/924/924 939/939/939
f 923/923/923 939/939/939 938/938/938
f 924/924/924 925/925/925 940/940/940
f 924/924/924 940/940/940 939/939/939
f 925/925/925 926/926/926 941/941/941
f 925/925/925 941/941/941 940/940/940
f 926/926/926 927/927/927 942/942/942
f 926/926/926 942/942/942 941/941/941
f 927/927/927 928/928/928 943/943/943
f 927/927/927 943/943/943 942/942/942
f 928/928/928 929/929/929 944/944/944
f 928/928/928 944/944/944 943/943/943
f 929/929/929 930/930/930 945/945/945
f 929/929/929 945/945/945 944/944/944
f 931/931/931 932/932/932 947/947/947
f 931/931/931 947/947/947 946/946/946
f 932/932/932 933/933/933 948/948/948
f 932/932/932 948/948/948 947/947/947
f 933/933/933 934/934/934 949/949/949
f 933/933/933 949/949/949 948/948/948
f 934/934/934 935/935/935 950/950/950
f 934/934/934 950/950/950 949/949/949
f 935/935/935 936/936/936 951/951/951
f 935/935/935 951/951/951 950/950/950
f 936/936/936 937/937/937 952/952/952
f 936/936/936 952/952/952 951/951/951
f 937/937/937 938/938/938 953/953/953
f 937/937/937 953/953/953 952/952/952
f 938/938/938 939/939/939 954/954/954
f 938/938/938 954/954/954 953/953/953
f 939/939/939 940/940/940 955/955/955
f 939/939/939 955/955/955 954/954/954
f 940/940/940 941/941/941 956/956/956
f 940/940/940 956/956/956 955/955/955
f 941/941/941 942/942/942 957/957/957
f 941/941/941 957/957/957 956/956/956
f 942/942/942 943/943/943 958/958/958
f 942/942/942 958/958/958 957/957/957
f 943/943/943 944/944/944 959/959/959
f 943/943/943 959/959/959 958/958/958
f 944/944/944 945/945/945 960/960/960
f 944/944/944 960/960/960 959/959/959
f 946/946/946 947/947/947 962/962/962
f 946/946/946 962/962/962 961/961/961
f 947/947/947 948/948/948 963/963/963
f 947/947/947 963/963/963 962/962/962
f 948/948/948 949/949/949 964/964/964
f 948/948/948 964/964/964 963/963/963
f 949/949/949 950/950/950 965/965/965
f 949/949/949 965/965/965 964/964/964
f 950/950/950 951/951/951 966/966/966
f 950/950/950 966/966/966 965/965/965
f 951/951/951 952/952/952 967/967/967
f 951/951/951 967/967/967 966/966/966
f 952/952/952 953/953/953 968/968/968
f 952/952/952 968/968/968 967/967/967
f 953/953/953 954/954/954 969/969/969
f 953/953/953 969/969/969 968/968/968
f 954/954/954 955/955/955 970/970/970
f 954/954/954 970/970/970 969/969/969
f 955/955/955 956/956/956 971/971/971
f 955/955/955 971/971/971 970/970/970
f 956/956/956 957/957/957 972/972/972
f 956/956/956 972/972/972 971/971/971
f 957/957/957 958/958/958 973/973/973
f 957/957/957 973/973/973 972/972/972
f 958/958/958 959/959/959 974/974/974
f 958/958/958 974/974/974 973/973/973
f 959/959/959 960/960/960 975/975/975
f 959/959/959 975/975/975 974/974/974
f 961/961/961 962/962/962 977/977/977
f 961/961/961 977/977/977 976/976/976
f 962/962/962 963/963/963 978/978/978
f 962/962/962 978/978/978 977/977/977
f 963/963/963 964/964/964 979/979/979
f 963/963/963 979/979/979 978/978/978
f 964/964/964 965/965/965 980/980/980
f 964/964/964 980/980/980 979/979/979
f 965/965/965 966/966/966 981/981/981
f 965/965/965 981/981/981 980/980/980
f 966/966/966 967/967/967 982/982/982
f 966/966/966 982/982/982 981/981/981
f 967/967/967 968/968/968 983/983/983
f 967/967/967 983/983/983 982/982/982
f 968/968/968 969/969/969 984/984/984
f 968/968/968 984/984/984 983/983/983
f 969/969/969 970/970/970 985/985/985
f 969/969/969 985/985/985 984/984/984
f 970/970/970 971/971/971 986/986/986
f 970/970/970 986/986/986 985/985/985
f 971/971/971 972/972/972 987/987/987
f 971/971/971 987/987/987 986/986/986
f 972/972/972 973/973/973 988/988/988
f 972/972/972 988/988/988 987/987/987
f 973/973/973 974/974/974 989/989/989
f 973/973/973 989/989/989 988/988/988
f 974/974/974 975/975/975 990/990/990
f 974/974/974 990/990/990 989/989/989
f 976/976/976 977/977/977 992/992/992
f 976/976/976 992/992/992 991/991/991
f 977/977/977 978/978/978 993/993/993
f 977/977/977 993/993/993 992/992/992
f 978/978/978 979/979/979 994/994/994
f 978/978/978 994/994/994 993/993/993
f 979/979/979 980/980/980 995/995/995
f 979/979/979 995/995/995 994/994/994
f 980/980/980 981/981/981 996/996/996
f 980/980/980 996/996/996 995/995/995
f 981/981/981 982/982/982 997/997/997
f 981/981/981 997/997/997 996/996/996
f 982/982/982 983/983/983 998/998/998
f 982/982/982 998/998/998 997/997/997
f 983/983/983 984/984/984 999/999/999
f 983/983/983 999/999/999 998/998/998
f 984/984/984 985/985/985 1000/1000/1000
f 984/984/984 1000/1000/1000 999/999/999
f 985/985/985 986/986/986 1001/1001/1001
f 985/985/985 1001/1001/1001 1000/1000/1000
f 986/986/986 987/987/987 1002/1002/1002
f 986/986/986 1002/1002/1002 1001/1001/1001
f 987/987/987 988/988/988 1003/1003/1003
f 987/987/987 1003/1003/1003 1002/1002/1002
f 988/988/988 989/989/989 1004/1004/1004
f 988/988/988 1004/1004/1004 1003/1003/1003
f 989/989/989 990/990/990 1005/1005/1005
f 989/989/989 1005/1005/1005 1004/1004/1004
f 991/991/991 992/992/992 1007/1007/1007
f 991/991/991 1007/1007/1007 1006/1006/1006
f 992/992/992 993/993/993 1008/1008/1008
f 992/992/992 1008/1008/1008 1007/1007/1007
f 993/993/993 994/994/994 1009/1009/1009
f 993/993/993 1009/1009/1009 1008/1008/1008
f 994/994/994 995/995/995 1010/1010/1010
f 994/994/994 1010/1010/1010 1009/1009/1009
f 995/995/995 996/996/996 1011/1011/1011
f 995/995/995 1011/1011/1011 1010/1010/1010
f 996/996/996 997/997/997 1012/1012/1012
f 996/996/996 1012/1012/1012 1011/1011/1011
f 997/997/997 998/998/998 1013/1013/1013
f 997/997/997 1013/1013/1013 1012/1012/1012
f 998/998/998 999/999/999 1014/1014/1014
f 998/998/998 1014/1014/1014 1013/1013/1013
f 999/999/999 1000/1000/1000 1015/1015/1015
f 999/999/999 1015/1015/1015 1014/1014/1014
f 1000/1000/1000 1001/1001/1001 1016/1016/1016
f 1000/1000/1000 1016/1016/1016 1015/1015/1015
f 1001/1001/1001 1002/1002/1002 1017/1017/1017
f 1001/1001/1001 1017/1017/1017 1016/1016/1016
f 1002/1002/1002 1003/1003/1003 1018/1018/1018
f 1002/1002/1002 1018/1018/1018 1017/1017/1017
f 1003/1003/1003 1004/1004/1004 1019/1019/1019
f 1003/1003/1003 1019/1019/1019 1018/1018/1018
f 1004/1004/1004 1005/1005/1005 1020/1020/1020
f 1004/1004/1004 1020/1020/1020 1019/1019/1019
f 1006/1006/1006 1007/1007/1007 1022/1022/1022
f 1006/1006/1006 1022/1022/1022 1021/1021/1021
f 1007/1007/1007 1008/1008/1008 1023/1023/1023
f 1007/1007/1007 1023/1023/1023 1022/1022/1022
f 1008/1008/1008 1009/1009/1009 1024/1024/1024
f 1008/1008/1008 1024/1024/1024 1023/1023/1023
f 1009/1009/1009 1010/1010/1010 1025/1025/1025
f 1009/1009/1009 1025/1025/1025 1024/1024/1024
f 1010/1010/1010 1011/1011/1011 1026/1026/1026
f 1010/1010/1010 1026/1026/1026 1025/1025/1025
f 1011/1011/1011 1012/1012/1012 1027/1027/1027
f 1011/1011/1011 1027/1027/1027 1026/1026/1026
f 1012/1012/1012 1013/1013/1013 1028/1028/1028
f 1012/1012/1012 1028/1028/1028 1027/1027/1027
f 1013/1013/1013 1014/1014/1014 1029/1029/1029
f 1013/1013/1013 1029/1029/1029 1028/1028/1028
f 1014/1014/1014 1015/1015/1015 1030/1030/1030
f 1014/1014/1014 1030/1030/1030 1029/1029/1029
f 1015/1015/1015 1016/1016/1016 1031/1031/1031
f 1015/1015/1015 1031/1031/1031 1030/1030/1030
f 1016/1016/1016 1017/1017/1017 1032/1032/1032
f 1016/1016/1016 1032/1032/1032 1031/1031/1031
f 1017/1017/1017 1018/1018/1018 1033/1033/1033
f 1017/1017/1017 1033/1033/1033 1032/1032/1032
f 1018/1018/1018 1019/1019/1019 1034/1034/1034
f 1018/1018/1018 1034/1034/1034 1033/1033/1033
f 1019/1019/1019 1020/1020/1020 1035/1035/1035
f 1019/1019/1019 1035/1035/1035 1034/1034/1034
f 1021/1021/1021 1022/1022/1022 1037/1037/1037
f 1021/1021/1021 1037/1037/1037 1036/1036/1036
f 1022/1022/1022 1023/1023/1023 1038/1038/1038
f 1022/1022/1022 1038/1038/1038 1037/1037/1037
f 1023/1023/1023 1024/1024/1024 1039/1039/1039
f 1023/1023/1023 1039/1039/1039 1038/1038/1038
f 1024/1024/1024 1025/1025/1025 1040/1040/1040
f 1024/1024/1024 1040/1040/1040 1039/1039/1039
f 1025/1025/1025 1026/1026/1026 1041/1041/1041
f 1025/1025/1025 1041/1041/1041 1040/1040/1040
f 1026/1026/1026 1027/1027/1027 1042/1042/1042
f 1026/1026/1026 1042/1042/1042 1041/1041/1041
f 1027/1027/1027 1028/1028/1028 1043/1043/1043
f 1027/1027/1027 1043/1043/1043 1042/1042/1042
f 1028/1028/1028 1029/1029/1029 1044/1044/1044
f 1028/1028/1028 1044/1044/1044 1043/1043/1043
f 1029/1029/1029 1030/1030/1030 1045/1045/1045
f 1029/1029/1029 1045/1045/1045 1044/1044/1044
f 1030/1030/1030 1031/1031/1031 1046/1046/1046
f 1030/1030/1030 1046/1046/1046 1045/1045/1045
f 1031/1031/1031 1032/1032/1032 1047/1047/1047
f 1031/1031/1031 1047/1047/1047 1046/1046/1046
f 1032/1032/1032 1033/1033/1033 1048/1048/1048
f 1032/1032/1032 1048/1048/1048 1047/1047/1047
f 1033/1033/1033 1034/1034/1034 1049/1049/1049
f 1033/1033/1033 1049/1049/1049 1048/1048/1048
f 1034/1034/1034 1035/1035/1035 1050/1050/1050
f 1034/1034/1034 1050/1050/1050 1049/1049/1049
f 1036/1036/1036 1037/1037/1037 1052/1052/1052
f 1036/1036/1036 1052/1052/1052 1051/1051/1051
f 1037/1037/1037 1038/1038/1038 1053/1053/1053
f 1037/1037/1037 1053/1053/1053 1052/1052/1052
f 1038/1038/1038 1039/1039/1039 1054/1054/1054
f 1038/1038/1038 1054/1054/1054 1053/1053/1053
f 1039/1039/1039 1040/1040/1040 1055/1055/1055
f 1039/1039/1039 1055/1055/1055 1054/1054/1054
f 1040/1040/1040 1041/1041/1041 1056/1056/1056
f 1040/1040/1040 1056/1056/1056 1055/1055/1055
f 1041/1041/1041 1042/1042/1042 1057/1057/1057
f 1041/1041/1041 1057/1057/1057 1056/1056/1056
f 1042/1042/1042 1043/1043/1043 1058/1058/1058
f 1042/1042/1042 1058/1058/1058 1057/1057/1057
f 1043/1043/1043 1044/1044/1044 1059/1059/1059
f 1043/1043/1043 1059/1059/1059 1058/1058/1058
f 1044/1044/1044 1045/1045/1045 1060/1060/1060
f 1044/1044/1044 1060/1060/1060 1059/1059/1059
f 1045/1045/1045 1046/1046/1046 1061/1061/1061
f 1045/1045/1045 1061/1061/1061 1060/1060/1060
f 1046/1046/1046 1047/1047/1047 1062/1062/1062
f 1046/1046/1046 1062/1062/1062 1061/1061/1061
f 1047/1047/1047 1048/1048/1048 1063/1063/1063
f 1047/1047/1047 1063/1063/1063 1062/1062/1062
f 1048/1048/1048 1049/1049/1049 1064/1064/1064
f 1048/1048/1048 1064/1064/1064 1063/1063/1063
f 1049/1049/1049 1050/1050/1050 1065/1065/1065
f 1049/1049/1049 1065/1065/1065 1064/1064/1064
f 1051/1051/1051 1052/1052/1052 1067/1067/1067
f 1051/1051/1051 1067/1067/1067 1066/1066/1066
f 1052/1052/1052 1053/1053/1053 1068/1068/1068
f 1052/1052/1052 1068/1068/1068 1067/1067/1067
f 1053/1053/1053 1054/1054/1054 1069/1069/1069
f 1053/1053/1053 1069/1069/1069 1068/1068/1068
f 1054/1054/1054 1055/1055/1055 1070/1070/1070
f 1054/1054/1054 1070/1070/1070 1069/1069/1069
f 1055/1055/1055 1056/1056/1056 1071/1071/1071
f 1055/1055/1055 1071/1071/1071 1070/1070/1070
f 1056/1056/1056 1057/1057/1057 1072/1072/1072
f 1056/1056/1056 1072/1072/1072 1071/1071/1071
f 1057/1057/1057 1058/1058/1058 1073/1073/1073
f 1057/1057/1057 1073/1073/1073 1072/1072/1072
f 1058/1058/1058 1059/1059/1059 1074/1074/1074
f 1058/1058/1058 1074/1074/1074 1073/1073/1073
f 1059/1059/1059 1060/1060/1060 1075/1075/1075
f 1059/1059/1059 1075/1075/1075 1074/1074/1074
f 1060/1060/1060 1061/1061/1061 1076/1076/1076
f 1060/1060/1060 1076/1076/1076 1075/1075/1075
f 1061/1061/1061 1062/1062/1062 1077/1077/1077
f 1061/1061/1061 1077/1077/1077 1076/1076/1076
f 1062/1062/1062 1063/1063/1063 1078/1078/1078
f 1062/1062/1062 1078/1078/1078 1077/1077/1077
f 1063/1063/1063 1064/1064/1064 1079/1079/1079
f 1063/1063/1063 1079/1079/1079 1078/1078/1078
f 1064/1064/1064 1065/1065/1065 1080/1080/1080
f 1064/1064/1064 1080/1080/1080 1079/1079/1079
f 1066/1066/1066 1067/1067/1067 1082/1082/1082
f 1066/1066/1066 1082/1082/1082 1081/1081/1081
f 1067/1067/1067 1068/1068/1068 1083/1083/1083
f 1067/1067/1067 1083/1083/1083 1082/1082/1082
f 1068/1068/1068 1069/1069/1069 1084/1084/1084
f 1068/1068/1068 1084/1084/1084 1083/1083/1083
f 1069/1069/1069 1070/1070/1070 1085/1085/1085
f 1069/1069/1069 1085/1085/1085 1084/1084/1084
f 1070/1070/1070 1071/1071/1071 1086/1086/1086
f 1070/1070/1070 1086/1086/1086 1085/1085/1085
f 1071/1071/1071 1072/1072/1072 1087/1087/1087
f 1071/1071/1071 1087/1087/1087 1086/1086/1086
f 1072/1072/1072 1073/1073/1073 1088/1088/1088
f 1072/1072/1072 1088/1088/1088 1087/1087/1087
f 1073/1073/1073 1074/1074/1074 1089/1089/1089
f 1073/1073/1073 1089/1089/1089 1088/1088/1088
f 1074/1074/1074 1075/1075/1075 1090/1090/1090
f 1074/1074/1074 1090/1090/1090 1089/1089/1089
f 1075/1075/1075 1076/1076/1076 1091/1091/1091
f 1075/1075/1075 1091/1091/1091 1090/1090/1090
f 1076/1076/1076 1077/1077/1077 1092/1092/1092
f 1076/1076/1076 1092/1092/1092 1091/1091/1091
f 1077/1077/1077 1078/1078/1078 1093/1093/1093
f 1077/1077/1077 1093/1093/1093 1092/1092/1092
f 1078/1078/1078 1079/1079/1079 1094/1094/1094
f 1078/1078/1078 1094/1094/1094 1093/1093/1093
f 1079/1079/1079 1080/1080/1080 1095/1095/1095
f 1079/1079/1079 1095/1095/1095 1094/1094/1094
f 1081/1081/1081 1082/1082/1082 1097/1097/1097
f 1081/1081/1081 1097/1097/1097 1096/1096/1096
f 1082/1082/1082 1083/1083/1083 1098/1098/1098
f 1082/1082/1082 1098/1098/1098 1097/1097/1097
f 1083/1083/1083 1084/1084/1084 1099/1099/1099
f 1083/1083/1083 1099/1099/1099 1098/1098/1098
f 1084/1084/1084 1085/1085/1085 1100/1100/1100
f 1084/1084/1084 1100/1100/1100 1099/1099/1099
f 1085/1085/1085 1086/1086/1086 1101/1101/1101
f 1085/1085/1085 1101/1101/1101 1100/1100/1100
f 1086/1086/1086 1087/1087/1087 1102/1102/1102
f 1086/1086/1086 1102/1102/1102 1101/1101/1101
f 1087/1087/1087 1088/1088/1088 1103/1103/1103
f 1087/1087/1087 1103/1103/1103 1102/1102/1102
f 1088/1088/1088 1089/1089/1089 1104/1104/1104
f 1088/1088/1088 1104/1104/1104 1103/1103/1103
f 1089/1089/1089 1090/1090/1090 1105/1105/1105
f 1089/1089/1089 1105/1105/1105 1104/1104/1104
f 1090/1090/1090 1091/1091/1091 1106/1106/1106
f 1090/1090/1090 1106/1106/1106 1105/1105/1105
f 1091/1091/1091 1092/1092/1092 1107/1107/1107
f 1091/1091/1091 1107/1107/1107 1106/1106/1106
f 1092/1092/1092 1093/1093/1093 1108/1108/1108
f 1092/1092/1092 1108/1108/1108 1107/1107/1107
f 1093/1093/1093 1094/1094/1094 1109/1109/1109
f 1093/1093/1093 1109/1109/1109 1108/1108/1108
f 1094/1094/1094 1095/1095/1095 1110/1110/1110
f 1094/1094/1094 1110/1110/1110 1109/1109/1109
f 1096/1096/1096 1097/1097/1097 1112/1112/1112
f 1096/1096/1096 1112/1112/1112 1111/1111/1111
f 1097/1097/1097 1098/1098/1098 1113/1113/1113
f 1097/1097/1097 1113/1113/1113 1112/1112/1112
f 1098/1098/1098 1099/1099/1099 1114/1114/1114
f 1098/1098/1098 1114/1114/1114 1113/1113/1113
f 1099/1099/1099 1100/1100/1100 1115/1115/1115
f 1099/1099/1099 1115/1115/1115 1114/1114/1114
f 1100/1100/1100 1101/1101/1101 1116/1116/1116
f 1100/1100/1100 1116/1116/1116 1115/1115/1115
f 1101/1101/1101 1102/1102/1102 1117/1117/1117
f 1101/1101/1101 1117/1117/1117 1116/1116/1116
f 1102/1102/1102 1103/1103/1103 1118/1118/1118
f 1102/1102/1102 1118/1118/1118 1117/1117/1117
f 1103/1103/1103 1104/1104/1104 1119/1119/1119
f 1103/1103/1103 1119/1119/1119 1118/1118/1118
f 1104/1104/1104 1105/1105/1105 1120/1120/1120
f 1104/1104/1104 1120/1120/1120 1119/1119/1119
f 1105/1105/1105 1106/1106/1106 1121/1121/1121
f 1105/1105/1105 1121/1121/1121 1120/1120/1120
f 1106/1106/1106 1107/1107/1107 1122/1122/1122
f 1106/1106/1106 1122/1122/1122 1121/1121/1121
f 1107/1107/1107 1108/1108/1108 1123/1123/1123
f 1107/1107/1107 1123/1123/1123 1122/1122/1122
f 1108/1108/1108 1109/1109/1109 1124/1124/1124
f 1108/1108/1108 1124/1124/1124 1123/1123/1123
f 1109/1109/1109 1110/1110/1110 1125/1125/1125
f 1109/1109/1109 1125/1125/1125 1124/1124/1124
f 1126/1126/1126 1141/1141/1141 1142/1142/1142
f 1126/1126/1126 1142/1142/1142 1127/1127/1127
f 1127/1127/1127 1142/1142/1142 1143/1143/1143
f 1127/1127/1127 1143/1143/1143 1128/1128/1128
f 1128/1128/1128 1143/1143/1143 1144/1144/1144
f 1128/1128/1128 1144/1144/1144 1129/1129/1129
f 1129/1129/1129 1144/1144/1144 1145/1145/1145
f 1129/1129/1129 1145/1145/1145 1130/1130/1130
f 1130/1130/1130 1145/1145/1145 1146/1146/1146
f 1130/1130/1130 1146/1146/1146 1131/1131/1131
f 1131/1131/1131 1146/1146/1146 1147/1147/1147
f 1131/1131/1131 1147/1147/1147 1132/1132/1132
f 1132/1132/1132 1147/1147/1147 1148/1148/1148
f 1132/1132/1132 1148/1148/1148 1133/1133/1133
f 1133/1133/1133 1148/1148/1148 1149/1149/1149
f 1133/1133/1133 1149/1149/1149 1134/1134/1134
f 1134/1134/1134 1149/1149/1149 1150/1150/1150
f 1134/1134/1134 1150/1150/1150 1135/1135/1135
f 1135/1135/1135 1150/1150/1150 1151/1151/1151
f 1135/1135/1135 1151/1151/1151 1136/1136/1136
f 1136/1136/1136 1151/1151/1151 1152/1152/1152
f 1136/1136/1136 1152/1152/1152 1137/1137/1137
f 1137/1137/1137 1152/1152/1152 1153/1153/1153
f 1137/1137/1137 1153/1153/1153 1138/1138/1138
f 1138/1138/1138 1153/1153/1153 1154/1154/1154
f 1138/1138/1138 1154/1154/1154 1139/1139/1139
f 1139/1139/1139 1154/1154/1154 1155/1155/1155
f 1139/1139/1139 1155/1155/1155 1140/1140/1140
f 1141/1141/1141 1156/1156/1156 1157/1157/1157
f 1141/1141/1141 1157/1157/1157 1142/1142/1142
f 1142/1142/1142 1157/1157/1157 1158/1158/1158
f 1142/1142/1142 1158/1158/1158 1143/1143/1143
f 1143/1143/1143 1158/1158/1158 1159/1159/1159
f 1143/1143/1143 1159/1159/1159 1144/1144/1144
f 1144/1144/1144 1159/1159/1159 1160/1160/1160
f 1144/1144/1144 1160/1160/1160 1145/1145/1145
f 1145/1145/1145 1160/1160/1160 1161/1161/1161
f 1145/1145/1145 1161/1161/1161 1146/1146/1146
f 1146/1146/1146 1161/1161/1161 1162/1162/1162
f 1146/1146/1146 1162/1162/1162 1147/1147/1147
f 1147/1147/1147 1162/1162/1162 1163/1163/1163
f 1147/1147/1147 1163/1163/1163 1148/1148/1148
f 1148/1148/1148 1163/1163/1163 1164/1164/1164
f 1148/1148/1148 1164/1164/1164 1149/1149/1149
f 1149/1149/1149 1164/1164/1164 1165/1165/1165
f 1149/1149/1149 1165/1165/1165 1150/1150/1150
f 1150/1150/1150 1165/1165/1165 1166/1166/1166
f 1150/1150/1150 1166/1166/1166 1151/1151/1151
f 1151/1151/1151 1166/1166/1166 1167/1167/1167
f 1151/1151/1151 1167/1167/1167 1152/1152/1152
f 1152/1152/1152 1167/1167/1167 1168/1168/1168
f 1152/1152/1152 1168/1168/1168 1153/1153/1153
f 1153/1153/1153 1168/1168/1168 1169/1169/1169
f 1153/1153/1153 1169/1169/1169 1154/1154/1154
f 1154/1154/1154 1169/1169/1169 1170/1170/1170
f 1154/1154/1154 1170/1170/1170 1155/1155/1155
f 1156/1156/1156 1171/1171/1171 1172/1172/1172
f 1156/1156/1156 1172/1172/1172 1157/1157/1157
f 1157/1157/1157 1172/1172/1172 1173/1173/1173
f 1157/1157/1157 1173/1173/1173 1158/1158/1158
f 1158/1158/1158 1173/1173/1173 1174/1174/1174
f 1158/1158/1158 1174/1174/1174 1159/1159/1159
f 1159/1159/1159 1174/1174/1174 1175/1175/1175
f 1159/1159/1159 1175/1175/1175 1160/1160/1160
f 1160/1160/1160 1175/1175/1175 1176/1176/1176
f 1160/1160/1160 1176/1176/1176 1161/1161/1161
f 1161/1161/1161 1176/1176/1176 1177/1177/1177
f 1161/1161/1161 1177/1177/1177 1162/1162/1162
f 1162/1162/1162 1177/1177/1177 1178/1178/1178
f 1162/1162/1162 1178/1178/1178 1163/1163/1163
f 1163/1163/1163 1178/1178/1178 1179/1179/1179
f 1163/1163/1163 1179/1179/1179 1164/1164/1164
f 1164/1164/1164 1179/1179/1179 1180/1180/1180
f 1164/1164/1164 1180/1180/1180 1165/1165/1165
f 1165/1165/1165 1180/1180/1180 1181/1181/1181
f 1165/1165/1165 1181/1181/1181 1166/1166/1166
f 1166/1166/1166 1181/1181/1181 1182/1182/1182
f 1166/1166/1166 1182/1182/1182 1167/1167/1167
f 1167/1167/1167 1182/1182/1182 1183/1183/1183
f 1167/1167/1167 1183/1183/1183 1168/1168/1168
f 1168/1168/1168 1183/1183/1183 1184/1184/1184
f 1168/1168/1168 1184/1184/1184 1169/1169/1169
f 1169/1169/1169 1184/1184/1184 1185/1185/1185
f 1169/1169/1169 1185/1185/1185 1170/1170/1170
f 1171/1171/1171 1186/1186/1186 1187/1187/1187
f 1171/1171/1171 1187/1187/1187 1172/1172/1172
f 1172/1172/1172 1187/1187/1187 1188/1188/1188
f 1172/1172/1172 1188/1188/1188 1173/1173/1173
f 1173/1173/1173 1188/1188/1188 1189/1189/1189
f 1173/1173/1173 1189/1189/1189 1174/1174/1174
f 1174/1174/1174 1189/1189/1189 1190/1190/1190
f 1174/1174/1174 1190/1190/1190 1175/1175/1175
f 1175/1175/1175 1190/1190/1190 1191/1191/1191
f 1175/1175/1175 1191/1191/1191 1176/1176/1176
f 1176/1176/1176 1191/1191/1191 1192/1192/1192
f 1176/1176/1176 1192/1192/1192 1177/1177/1177
f 1177/1177/1177 1192/1192/1192 1193/1193/1193
f 1177/1177/1177 1193/1193/1193 1178/1178/1178
f 1178/1178/1178 1193/1193/1193 1194/1194/1194
f 1178/1178/1178 1194/1194/1194 1179/1179/1179
f 1179/1179/1179 1194/1194/1194 1195/1195/1195
f 1179/1179/1179 1195/1195/1195 1180/1180/1180
f 1180/1180/1180 1195/1195/1195 1196/1196/1196
f 1180/1180/1180 1196/1196/1196 1181/1181/1181
f 1181/1181/1181 1196/1196/1196 1197/1197/1197
f 1181/1181/1181 1197/1197/1197 1182/1182/1182
f 1182/1182/1182 1197/1197/1197 1198/1198/1198
f 1182/1182/1182 1198/1198/1198 1183/1183/1183
f 1183/1183/1183 1198/1198/1198 1199/1199/1199
f 1183/1183/1183 1199/1199/1199 1184/1184/1184
f 1184/1184/1184 1199/1199/1199 1200/1200/1200
f 1184/1184/1184 1200/1200/1200 1185/1185/1185
f 1186/1186/1186 1201/1201/1201 1202/1202/1202
f 1186/1186/1186 1202/1202/1202 1187/1187/1187
f 1187/1187/1187 1202/1202/1202 1203/1203/1203
f 1187/1187/1187 1203/1203/1203 1188/1188/1188
f 1188/1188/1188 1203/1203/1203 1204/1204/1204
f 1188/1188/1188 1204/1204/1204 1189/1189/1189
f 1189/1189/1189 1204/1204/1204 1205/1205/1205
f 1189/1189/1189 1205/1205/1205 1190/1190/1190
f 1190/1190/1190 1205/1205/1205 1206/1206/1206
f 1190/1190/1190 1206/1206/1206 1191/1191/1191
f 1191/1191/1191 1206/1206/1206 1207/1207/1207
f 1191/1191/1191 1207/1207/1207 1192/1192/1192
f 1192/1192/1192 1207/1207/1207 1208/1208/1208
f 1192/1192/1192 1208/1208/1208 1193/1193/1193
f 1193/1193/1193 1208/1208/1208 1209/1209/1209
f 1193/1193/1193 1209/1209/1209 1194/1194/1194
f 1194/1194/1194 1209/1209/1209 1210/1210/1210
f 1194/1194/1194 1210/1210/1210 1195/1195/1195
f 1195/1195/1195 1210/1210/1210 1211/1211/1211
f 1195/1195/1195 1211/1211/1211 1196/1196/1196
f 1196/1196/1196 1211/1211/1211 1212/1212/1212
f 1196/1196/1196 1212/1212/1212 1197/1197/1197
f 1197/1197/1197 1212/1212/1212 1213/1213/1213
f 1197/1197/1197 1213/1213/1213 1198/1198/1198
f 1198/1198/1198 1213/1213/1213 1214/1214/1214
f 1198/1198/1198 1214/1214/1214 1199/1199/1199
f 1199/1199/1199 1214/1214/1214 1215/1215/1215
f 1199/1199/1199 1215/1215/1215 1200/1200/1200
f 1201/1201/1201 1216/1216/1216 1217/1217/1217
f 1201/1201/1201 1217/1217/1217 1202/1202/1202
f 1202/1202/1202 1217/1217/1217 1218/1218/1218
f 1202/1202/1202 1218/1218/1218 1203/1203/1203
f 1203/1203/1203 1218/1218/1218 1219/1219/1219
f 1203/1203/1203 1219/1219/1219 1204/1204/1204
f 1204/1204/1204 1219/1219/1219 1220/1220/1220
f 1204/1204/1204 1220/1220/1220 1205/1205/1205
f 1205/1205/1205 1220/1220/1220 1221/1221/1221
f 1205/1205/1205 1221/1221/1221 1206/1206/1206
f 1206/1206/1206 1221/1221/1221 1222/1222/1222
f 1206/1206/1206 1222/1222/1222 1207/1207/1207
f 1207/1207/1207 1222/1222/1222 1223/1223/1223
f 1207/1207/1207 1223/1223/1223 1208/1208/1208
f 1208/1208/1208 1223/1223/1223 1224/1224/1224
f 1208/1208/1208 1224/1224/1224 1209/1209/1209
f 1209/1209/1209 1224/1224/1224 1225/1225/1225
f 1209/1209/1209 1225/1225/1225 1210/1210/1210
f 1210/1210/1210 1225/1225/1225 1226/1226/1226
f 1210/1210/1210 1226/1226/1226 1211/1211/1211
f 1211/1211/1211 1226/1226/1226 1227/1227/1227
f 1211/1211/1211 1227/1227/1227 1212/1212/1212
f 1212/1212/1212 1227/1227/1227 1228/1228/1228
f 1212/1212/1212 1228/1228/1228 1213/1213/1213
f 1213/1213/1213 1228/1228/1228 1229/1229/1229
f 1213/1213/1213 1229/1229/1229 1214/1214/1214
f 1214/1214/1214 1229/1229/1229 1230/1230/1230
f 1214/1214/1214 1230/1230/1230 1215/1215/1215
f 1216/1216/1216 1231/1231/1231 1232/1232/1232
f 1216/1216/1216 1232/1232/1232 1217/1217/1217
f 1217/1217/1217 1232/1232/1232 1233/1233/1233
f 1217/1217/1217 1233/1233/1233 1218/1218/1218
f 1218/1218/1218 1233/1233/1233 1234/1234/1234
f 1218/1218/1218 1234/1234/1234 1219/1219/1219
f 1219/1219/1219 1234/1234/1234 1235/1235/1235
f 1219/1219/1219 1235/1235/1235 1220/1220/1220
f 1220/1220/1220 1235/1235/1235 1236/1236/1236
f 1220/1220/1220 1236/1236/1236 1221/1221/1221
f 1221/1221/1221 1236/1236/1236 1237/1237/1237
f 1221/1221/1221 1237/1237/1237 1222/1222/1222
f 1222/1222/1222 1237/1237/1237 1238/1238/1238
f 1222/1222/1222 1238/1238/1238 1223/1223/1223
f 1223/1223/1223 1238/1238/1238 1239/1239/1239
f 1223/1223/1223 1239/1239/1239 1224/1224/1224
f 1224/1224/1224 1239/1239/1239 1240/1240/1240
f 1224/1224/1224 1240/1240/1240 1225/1225/1225
f 1225/1225/1225 1240/1240/1240 1241/1241/1241
f 1225/1225/1225 1241/1241/1241 1226/1226/1226
f 1226/1226/1226 1241/1241/1241 1242/1242/1242
f 1226/1226/1226 1242/1242/1242 1227/1227/1227
f 1227/1227/1227 1242/1242/1242 1243/1243/1243
f 1227/1227/1227 1243/1243/1243 1228/1228/1228
f 1228/1228/1228 1243/1243/1243 1244/1244/1244
f 1228/1228/1228 1244/1244/1244 1229/1229/1229
f 1229/1229/1229 1244/1244/1244 1245/1245/1245
f 1229/1229/1229 1245/1245/1245 1230/1230/1230
f 1231/1231/1231 1246/1246/1246 1247/1247/1247
f 1231/1231/1231 1247/1247/1247 1232/1232/1232
f 1232/1232/1232 1247/1247/1247 1248/1248/1248
f 1232/1232/1232 1248/1248/1248 1233/1233/1233
f 1233/1233/1233 1248/1248/1248 1249/1249/1249
f 1233/1233/1233 1249/1249/1249 1234/1234/1234
f 1234/1234/1234 1249/1249/1249 1250/1250/1250
f 1234/1234/1234 1250/1250/1250 1235/1235/1235
f 1235/1235/1235 1250/1250/1250 1251/1251/1251
f 1235/1235/1235 1251/1251/1251 1236/1236/1236
f 1236/1236/1236 1251/1251/1251 1252/1252/1252
f 1236/1236/1236 1252/1252/1252 1237/1237/1237
f 1237/1237/1237 1252/1252/1252 1253/1253/1253
f 1237/1237/1237 1253/1253/1253 1238/1238/1238
f 1238/1238/1238 1253/1253/1253 1254/1254/1254
f 1238/1238/1238 1254/1254/1254 1239/1239/1239
f 1239/1239/1239 1254/1254/1254 1255/1255/1255
f 1239/1239/1239 1255/1255/1255 1240/1240/1240
f 1240/1240/1240 1255/1255/1255 1256/1256/1256
f 1240/1240/1240 1256/1256/1256 1241/1241/1241
f 1241/1241/1241 1256/1256/1256 1257/1257/1257
f 1241/1241/1241 1257/1257/1257 1242/1242/1242
f 1242/1242/1242 1257/1257/1257 1258/1258/1258
f 1242/1242/1242 1258/1258/1258 1243/1243/1243
f 1243/1243/1243 1258/1258/1258 1259/1259/1259
f 1243/1243/1243 1259/1259/1259 1244/1244/1244
f 1244/1244/1244 1259/1259/1259 1260/1260/1260
f 1244/1244/1244 1260/1260/1260 1245/1245/1245
f 1246/1246/1246 1261/1261/1261 1262/1262/1262
f 1246/1246/1246 1262/1262/1262 1247/1247/1247
f 1247/1247/1247 1262/1262/1262 1263/1263/1263
f 1247/1247/1247 1263/1263/1263 1248/1248/1248
f 1248/1248/1248 1263/1263/1263 1264/1264/1264
f 1248/1248/1248 1264/1264/1264 1249/1249/1249
f 1249/1249/1249 1264/1264/1264 1265/1265/1265
f 1249/1249/1249 1265/1265/1265 1250/1250/1250
f 1250/1250/1250 1265/1265/1265 1266/1266/1266
f 1250/1250/1250 1266/1266/1266 1251/1251/1251
f 1251/1251/1251 1266/1266/1266 1267/1267/1267
f 1251/1251/1251 1267/1267/1267 1252/1252/1252
f 1252/1252/1252 1267/1267/1267 1268/1268/1268
f 1252/1252/1252 1268/1268/1268 1253/1253/1253
f 1253/1253/1253 1268/1268/1268 1269/1269/1269
f 1253/1253/1253 1269/1269/1269 1254/1254/1254
f 1254/1254/1254 1269/1269/1269 1270/1270/1270
f 1254/1254/1254 1270/1270/1270 1255/1255/1255
f 1255/1255/1255 1270/1270/1270 1271/1271/1271
f 1255/1255/1255 1271/1271/1271 1256/1256/1256
f 1256/1256/1256 1271/1271/1271 1272/1272/1272
f 1256/1256/1256 1272/1272/1272 1257/1257/1257
f 1257/1257/1257 1272/1272/1272 1273/1273/1273
f 1257/1257/1257 1273/1273/1273 1258/1258/1258
f 1258/1258/1258 1273/1273/1273 1274/1274/1274
f 1258/1258/1258 1274/1274/1274 1259/1259/1259
f 1259/1259/1259 1274/1274/1274 1275/1275/1275
f 1259/1259/1259 1275/1275/1275 1260/1260/1260
f 1261/1261/1261 1276/1276/1276 1277/1277/1277
f 1261/1261/1261 1277/1277/1277 1262/1262/1262
f 1262/1262/1262 1277/1277/1277 1278/1278/1278
f 1262/1262/1262 1278/1278/1278 1263/1263/1263
f 1263/1263/1263 1278/1278/1278 1279/1279/1279
f 1263/1263/1263 1279/1279/1279 1264/1264/1264
f 1264/1264/1264 1279/1279/1279 1280/1280/1280
f 1264/1264/1264 1280/1280/1280 1265/1265/1265
f 1265/1265/1265 1280/1280/1280 1281/1281/1281
f 1265/1265/1265 1281/1281/1281 1266/1266/1266
f 1266/1266/1266 1281/1281/1281 1282/1282/1282
f 1266/1266/1266 1282/1282/1282 1267/1267/1267
f 1267/1267/1267 1282/1282/1282 1283/1283/1283
f 1267/1267/1267 1283/1283/1283 1268/1268/1268
f 1268/1268/1268 1283/1283/1283 1284/1284/1284
f 1268/1268/1268 1284/1284/1284 1269/1269/1269
f 1269/1269/1269 1284/1284/1284 1285/1285/1285
f 1269/1269/1269 1285/1285/1285 1270/1270/1270
f 1270/1270/1270 1285/1285/1285 1286/1286/1286
f 1270/1270/1270 1286/1286/1286 1271/1271/1271
f 1271/1271/1271 1286/1286/1286 1287/1287/1287
f 1271/1271/1271 1287/1287/1287 1272/1272/1272
f 1272/1272/1272 1287/1287/1287 1288/1288/1288
f 1272/1272/1272 1288/1288/1288 1273/1273/1273
f 1273/1273/1273 1288/1288/1288 1289/1289/1289
f 1273/1273/1273 1289/1289/1289 1274/1274/1274
f 1274/1274/1274 1289/1289/1289 1290/1290/1290
f 1274/1274/1274 1290/1290/1290 1275/1275/1275
f 1276/1276/1276 1291/1291/1291 1292/1292/1292
f 1276/1276/1276 1292/1292/1292 1277/1277/1277
f 1277/1277/1277 1292/1292/1292 1293/1293/1293
f 1277/1277/1277 1293/1293/1293 1278/1278/1278
f 1278/1278/1278 1293/1293/1293 1294/1294/1294
f 1278/1278/1278 1294/1294/1294 1279/1279/1279
f 1279/1279/1279 1294/1294/1294 1295/1295/1295
f 1279/1279/1279 1295/1295/1295 1280/1280/1280
f 1280/1280/1280 1295/1295/1295 1296/1296/1296
f 1280/1280/1280 1296/1296/1296 1281/1281/1281
f 1281/1281/1281 1296/1296/1296 1297/1297/1297
f 1281/1281/1281 1297/1297/1297 1282/1282/1282
f 1282/1282/1282 1297/1297/1297 1298/1298/1298
f 1282/1282/1282 1298/1298/1298 1283/1283/1283
f 1283/1283/1283 1298/1298/1298 1299/1299/1299
f 1283/1283/1283 1299/1299/1299 1284/1284/1284
f 1284/1284/1284 1299/1299/1299 1300/1300/1300
f 1284/1284/1284 1300/1300/1300 1285/1285/1285
f 1285/1285/1285 1300/1300/1300 1301/1301/1301
f 1285/1285/1285 1301/1301/1301 1286/1286/1286
f 1286/1286/1286 1301/1301/1301 1302/1302/1302
f 1286/1286/1286 1302/1302/1302 1287/1287/1287
f 1287/1287/1287 1302/1302/1302 1303/1303/1303
f 1287/1287/1287 1303/1303/1303 1288/1288/1288
f 1288/1288/1288 1303/1303/1303 1304/1304/1304
f 1288/1288/1288 1304/1304/1304 1289/1289/1289
f 1289/1289/1289 1304/1304/1304 1305/1305/1305
f 1289/1289/1289 1305/1305/1305 1290/1290/1290
f 1291/1291/1291 1306/1306/1306 1307/1307/1307
f 1291/1291/1291 1307/1307/1307 1292/1292/1292
f 1292/1292/1292 1307/1307/1307 1308/1308/1308
f 1292/1292/1292 1308/1308/1308 1293/1293/1293
f 1293/1293/1293 1308/1308/1308 1309/1309/1309
f 1293/1293/1293 1309/1309/1309 1294/1294/1294
f 1294/1294/1294 1309/1309/1309 1310/1310/1310
f 1294/1294/1294 1310/1310/1310 1295/1295/1295
f 1295/1295/1295 1310/1310/1310 1311/1311/1311
f 1295/1295/1295 1311/1311/1311 1296/1296/1296
f 1296/1296/1296 1311/1311/1311 1312/1312/1312
f 1296/1296/1296 1312/1312/1312 1297/1297/1297
f 1297/1297/1297 1312/1312/1312 1313/1313/1313
f 1297/1297/1297 1313/1313/1313 1298/1298/1298
f 1298/1298/1298 1313/1313/1313 1314/1314/1314
f 1298/1298/1298 1314/1314/1314 1299/1299/1299
f 1299/1299/1299 1314/1314/1314 1315/1315/1315
f 1299/1299/1299 1315/1315/1315 1300/1300/1300
f 1300/1300/1300 1315/1315/1315 1316/1316/1316
f 1300/1300/1300 1316/1316/1316 1301/1301/1301
f 1301/1301/1301 1316/1316/1316 1317/1317/1317
f 1301/1301/1301 1317/1317/1317 1302/1302/1302
f 1302/1302/1302 1317/1317/1317 1318/1318/1318
f 1302/1302/1302 1318/1318/1318 1303/1303/1303
f 1303/1303/1303 1318/1318/1318 1319/1319/1319
f 1303/1303/1303 1319/1319/1319 1304/1304/1304
f 1304/1304/1304 1319/1319/1319 1320/1320/1320
f 1304/1304/1304 1320/1320/1320 1305/1305/1305
f 1306/1306/1306 1321/1321/1321 1322/1322/1322
f 1306/1306/1306 1322/1322/1322 1307/1307/1307
f 1307/1307/1307 1322/1322/1322 1323/1323/1323
f 1307/1307/1307 1323/1323/1323 1308/1308/1308
f 1308/1308/1308 1323/1323/1323 1324/1324/1324
f 1308/1308/1308 1324/1324/1324 1309/1309/1309
f 1309/1309/1309 1324/1324/1324 1325/1325/1325
f 1309/1309/1309 1325/1325/1325 1310/1310/1310
f 1310/1310/1310 1325/1325/1325 1326/1326/1326
f 1310/1310/1310 1326/1326/1326 1311/1311/1311
f 1311/1311/1311 1326/1326/1326 1327/1327/1327
f 1311/1311/1311 1327/1327/1327 1312/1312/1312
f 1312/1312/1312 1327/1327/1327 1328/1328/1328
f 1312/1312/1312 1328/1328/1328 1313/1313/1313
f 1313/1313/1313 1328/1328/1328 1329/1329/1329
f 1313/1313/1313 1329/1329/1329 1314/1314/1314
f 1314/1314/1314 1329/1329/1329 1330/1330/1330
f 1314/1314/1314 1330/1330/1330 1315/1315/1315
f 1315/1315/1315 1330/1330/1330 1331/1331/1331
f 1315/1315/1315 1331/1331/1331 1316/1316/1316
f 1316/1316/1316 1331/1331/1331 1332/1332/1332
f 1316/1316/1316 1332/1332/1332 1317/1317/1317
f 1317/1317/1317 1332/1332/1332 1333/1333/1333
f 1317/1317/1317 1333/1333/1333 1318/1318/1318
f 1318/1318/1318 1333/1333/1333 1334/1334/1334
f 1318/1318/1318 1334/1334/1334 1319/1319/1319
f 1319/1319/1319 1334/1334/1334 1335/1335/1335
f 1319/1319/1319 1335/1335/1335 1320/1320/1320
f 1321/1321/1321 1336/1336/1336 1337/1337/1337
f 1321/1321/1321 1337/1337/1337 1322/1322/1322
f 1322/1322/1322 1337/1337/1337 1338/1338/1338
f 1322/1322/1322 1338/1338/1338 1323/1323/1323
f 1323/1323/1323 1338/1338/1338 1339/1339/1339
f 1323/1323/1323 1339/1339/1339 1324/1324/1324
f 1324/1324/1324 1339/1339/1339 1340/1340/1340
f 1324/1324/1324 1340/1340/1340 1325/1325/1325
f 1325/1325/1325 1340/1340/1340 1341/1341/1341
f 1325/1325/1325 1341/1341/1341 1326/1326/1326
f 1326/1326/1326 1341/1341/1341 1342/1342/1342
f 1326/1326/1326 1342/1342/1342 1327/1327/1327
f 1327/1327/1327 1342/1342/1342 1343/1343/1343
f 1327/1327/1327 1343/1343/1343 1328/1328/1328
f 1328/1328/1328 1343/1343/1343 1344/1344/1344
f 1328/1328/1328 1344/1344/1344 1329/1329/1329
f 1329/1329/1329 1344/1344/1344 1345/1345/1345
f 1329/1329/1329 1345/1345/1345 1330/1330/1330
f 1330/1330/1330 1345/1345/1345 1346/1346/1346
f 1330/1330/1330 1346/1346/1346 1331/1331/1331
f 1331/1331/1331 1346/1346/1346 1347/1347/1347
f 1331/1331/1331 1347/1347/1347 1332/1332/1332
f 1332/1332/1332 1347/1347/1347 1348/1348/1348
f 1332/1332/1332 1348/1348/1348 1333/1333/1333
f 1333/1333/1333 1348/1348/1348 1349/1349/1349
f 1333/1333/1333 1349/1349/1349 1334/1334/1334
f 1334/1334/1334 1349/1349/1349 1350/1350/1350
f 1334/1334/1334 1350/1350/1350 1335/1335/1335

g 02_CyberCube_Accent
usemtl 02_CyberCube_Accent
f 1448/1448/1448 1452/1452/1452 1451/1451/1451
f 1448/1448/1448 1449/1449/1449 1452/1452/1452
f 1449/1449/1449 1453/1453/1453 1452/1452/1452
f 1449/1449/1449 1450/1450/1450 1453/1453/1453
f 1451/1451/1451 1455/1455/1455 1454/1454/1454
f 1451/1451/1451 1452/1452/1452 1455/1455/1455
f 1452/1452/1452 1456/1456/1456 1455/1455/1455
f 1452/1452/1452 1453/1453/1453 1456/1456/1456
f 1454/1454/1454 1458/1458/1458 1457/1457/1457
f 1454/1454/1454 1455/1455/1455 1458/1458/1458
f 1455/1455/1455 1459/1459/1459 1458/1458/1458
f 1455/1455/1455 1456/1456/1456 1459/1459/1459
f 1457/1457/1457 1461/1461/1461 1460/1460/1460
f 1457/1457/1457 1458/1458/1458 1461/1461/1461
f 1458/1458/1458 1462/1462/1462 1461/1461/1461
f 1458/1458/1458 1459/1459/1459 1462/1462/1462
f 1460/1460/1460 1464/1464/1464 1463/1463/1463
f 1460/1460/1460 1461/1461/1461 1464/1464/1464
f 1461/1461/1461 1465/1465/1465 1464/1464/1464
f 1461/1461/1461 1462/1462/1462 1465/1465/1465
f 1463/1463/1463 1467/1467/1467 1466/1466/1466
f 1463/1463/1463 1464/1464/1464 1467/1467/1467
f 1464/1464/1464 1468/1468/1468 1467/1467/1467
f 1464/1464/1464 1465/1465/1465 1468/1468/1468
f 1466/1466/1466 1470/1470/1470 1469/1469/1469
f 1466/1466/1466 1467/1467/1467 1470/1470/1470
f 1467/1467/1467 1471/1471/1471 1470/1470/1470
f 1467/1467/1467 1468/1468/1468 1471/1471/1471
f 1469/1469/1469 1473/1473/1473 1472/1472/1472
f 1469/1469/1469 1470/1470/1470 1473/1473/1473
f 1470/1470/1470 1474/1474/1474 1473/1473/1473
f 1470/1470/1470 1471/1471/1471 1474/1474/1474
f 1472/1472/1472 1476/1476/1476 1475/1475/1475
f 1472/1472/1472 1473/1473/1473 1476/1476/1476
f 1473/1473/1473 1477/1477/1477 1476/1476/1476
f 1473/1473/1473 1474/1474/1474 1477/1477/1477
f 1475/1475/1475 1479/1479/1479 1478/1478/1478
f 1475/1475/1475 1476/1476/1476 1479/1479/1479
f 1476/1476/1476 1480/1480/1480 1479/1479/1479
f 1476/1476/1476 1477/1477/1477 1480/1480/1480
f 1478/1478/1478 1482/1482/1482 1481/1481/1481
f 1478/1478/1478 1479/1479/1479 1482/1482/1482
f 1479/1479/1479 1483/1483/1483 1482/1482/1482
f 1479/1479/1479 1480/1480/1480 1483/1483/1483
f 1481/1481/1481 1485/1485/1485 1484/1484/1484
f 1481/1481/1481 1482/1482/1482 1485/1485/1485
f 1482/1482/1482 1486/1486/1486 1485/1485/1485
f 1482/1482/1482 1483/1483/1483 1486/1486/1486
f 1484/1484/1484 1488/1488/1488 1487/1487/1487
f 1484/1484/1484 1485/1485/1485 1488/1488/1488
f 1485/1485/1485 1489/1489/1489 1488/1488/1488
f 1485/1485/1485 1486/1486/1486 1489/1489/1489
f 1487/1487/1487 1491/1491/1491 1490/1490/1490
f 1487/1487/1487 1488/1488/1488 1491/1491/1491
f 1488/1488/1488 1492/1492/1492 1491/1491/1491
f 1488/1488/1488 1489/1489/1489 1492/1492/1492
f 1490/1490/1490 1494/1494/1494 1493/1493/1493
f 1490/1490/1490 1491/1491/1491 1494/1494/1494
f 1491/1491/1491 1495/1495/1495 1494/1494/1494
f 1491/1491/1491 1492/1492/1492 1495/1495/1495
f 1493/1493/1493 1497/1497/1497 1496/1496/1496
f 1493/1493/1493 1494/1494/1494 1497/1497/1497
f 1494/1494/1494 1498/1498/1498 1497/1497/1497
f 1494/1494/1494 1495/1495/1495 1498/1498/1498
f 1496/1496/1496 1500/1500/1500 1499/1499/1499
f 1496/1496/1496 1497/1497/1497 1500/1500/1500
f 1497/1497/1497 1501/1501/1501 1500/1500/1500
f 1497/1497/1497 1498/1498/1498 1501/1501/1501
f 1499/1499/1499 1503/1503/1503 1502/1502/1502
f 1499/1499/1499 1500/1500/1500 1503/1503/1503
f 1500/1500/1500 1504/1504/1504 1503/1503/1503
f 1500/1500/1500 1501/1501/1501 1504/1504/1504
f 1502/1502/1502 1506/1506/1506 1505/1505/1505
f 1502/1502/1502 1503/1503/1503 1506/1506/1506
f 1503/1503/1503 1507/1507/1507 1506/1506/1506
f 1503/1503/1503 1504/1504/1504 1507/1507/1507
f 1505/1505/1505 1449/1449/1449 1448/1448/1448
f 1505/1505/1505 1506/1506/1506 1449/1449/1449
f 1506/1506/1506 1450/1450/1450 1449/1449/1449
f 1506/1506/1506 1507/1507/1507 1450/1450/1450
f 1549/1549/1549 1553/1553/1553 1552/1552/1552
f 1549/1549/1549 1550/1550/1550 1553/1553/1553
f 1550/1550/1550 1554/1554/1554 1553/1553/1553
f 1550/1550/1550 1551/1551/1551 1554/1554/1554
f 1552/1552/1552 1556/1556/1556 1555/1555/1555
f 1552/1552/1552 1553/1553/1553 1556/1556/1556
f 1553/1553/1553 1557/1557/1557 1556/1556/1556
f 1553/1553/1553 1554/1554/1554 1557/1557/1557
f 1555/1555/1555 1559/1559/1559 1558/1558/1558
f 1555/1555/1555 1556/1556/1556 1559/1559/1559
f 1556/1556/1556 1560/1560/1560 1559/1559/1559
f 1556/1556/1556 1557/1557/1557 1560/1560/1560
f 1558/1558/1558 1562/1562/1562 1561/1561/1561
f 1558/1558/1558 1559/1559/1559 1562/1562/1562
f 1559/1559/1559 1563/1563/1563 1562/1562/1562
f 1559/1559/1559 1560/1560/1560 1563/1563/1563
f 1561/1561/1561 1565/1565/1565 1564/1564/1564
f 1561/1561/1561 1562/1562/1562 1565/1565/1565
f 1562/1562/1562 1566/1566/1566 1565/1565/1565
f 1562/1562/1562 1563/1563/1563 1566/1566/1566
f 1564/1564/1564 1568/1568/1568 1567/1567/1567
f 1564/1564/1564 1565/1565/1565 1568/1568/1568
f 1565/1565/1565 1569/1569/1569 1568/1568/1568
f 1565/1565/1565 1566/1566/1566 1569/1569/1569
f 1567/1567/1567 1571/1571/1571 1570/1570/1570
f 1567/1567/1567 1568/1568/1568 1571/1571/1571
f 1568/1568/1568 1572/1572/1572 1571/1571/1571
f 1568/1568/1568 1569/1569/1569 1572/1572/1572
f 1570/1570/1570 1574/1574/1574 1573/1573/1573
f 1570/1570/1570 1571/1571/1571 1574/1574/1574
f 1571/1571/1571 1575/1575/1575 1574/1574/1574
f 1571/1571/1571 1572/1572/1572 1575/1575/1575
f 1573/1573/1573 1577/1577/1577 1576/1576/1576
f 1573/1573/1573 1574/1574/1574 1577/1577/1577
f 1574/1574/1574 1578/1578/1578 1577/1577/1577
f 1574/1574/1574 1575/1575/1575 1578/1578/1578
f 1576/1576/1576 1580/1580/1580 1579/1579/1579
f 1576/1576/1576 1577/1577/1577 1580/1580/1580
f 1577/1577/1577 1581/1581/1581 1580/1580/1580
f 1577/1577/1577 1578/1578/1578 1581/1581/1581
f 1579/1579/1579 1583/1583/1583 1582/1582/1582
f 1579/1579/1579 1580/1580/1580 1583/1583/1583
f 1580/1580/1580 1584/1584/1584 1583/1583/1583
f 1580/1580/1580 1581/1581/1581 1584/1584/1584
f 1582/1582/1582 1586/1586/1586 1585/1585/1585
f 1582/1582/1582 1583/1583/1583 1586/1586/1586
f 1583/1583/1583 1587/1587/1587 1586/1586/1586
f 1583/1583/1583 1584/1584/1584 1587/1587/1587
f 1585/1585/1585 1589/1589/1589 1588/1588/1588
f 1585/1585/1585 1586/1586/1586 1589/1589/1589
f 1586/1586/1586 1590/1590/1590 1589/1589/1589
f 1586/1586/1586 1587/1587/1587 1590/1590/1590
f 1588/1588/1588 1592/1592/1592 1591/1591/1591
f 1588/1588/1588 1589/1589/1589 1592/1592/1592
f 1589/1589/1589 1593/1593/1593 1592/1592/1592
f 1589/1589/1589 1590/1590/1590 1593/1593/1593
f 1591/1591/1591 1595/1595/1595 1594/1594/1594
f 1591/1591/1591 1592/1592/1592 1595/1595/1595
f 1592/1592/1592 1596/1596/1596 1595/1595/1595
f 1592/1592/1592 1593/1593/1593 1596/1596/1596
f 1594/1594/1594 1598/1598/1598 1597/1597/1597
f 1594/1594/1594 1595/1595/1595 1598/1598/1598
f 1595/1595/1595 1599/1599/1599 1598/1598/1598
f 1595/1595/1595 1596/1596/1596 1599/1599/1599
f 1597/1597/1597 1601/1601/1601 1600/1600/1600
f 1597/1597/1597 1598/1598/1598 1601/1601/1601
f 1598/1598/1598 1602/1602/1602 1601/1601/1601
f 1598/1598/1598 1599/1599/1599 1602/1602/1602
f 1600/1600/1600 1604/1604/1604 1603/1603/1603
f 1600/1600/1600 1601/1601/1601 1604/1604/1604
f 1601/1601/1601 1605/1605/1605 1604/1604/1604
f 1601/1601/1601 1602/1602/1602 1605/1605/1605
f 1603/1603/1603 1607/1607/1607 1606/1606/1606
f 1603/1603/1603 1604/1604/1604 1607/1607/1607
f 1604/1604/1604 1608/1608/1608 1607/1607/1607
f 1604/1604/1604 1605/1605/1605 1608/1608/1608
f 1606/1606/1606 1550/1550/1550 1549/1549/1549
f 1606/1606/1606 1607/1607/1607 1550/1550/1550
f 1607/1607/1607 1551/1551/1551 1550/1550/1550
f 1607/1607/1607 1608/1608/1608 1551/1551/1551
f 1650/1650/1650 1654/1654/1654 1653/1653/1653
f 1650/1650/1650 1651/1651/1651 1654/1654/1654
f 1651/1651/1651 1655/1655/1655 1654/1654/1654
f 1651/1651/1651 1652/1652/1652 1655/1655/1655
f 1653/1653/1653 1657/1657/1657 1656/1656/1656
f 1653/1653/1653 1654/1654/1654 1657/1657/1657
f 1654/1654/1654 1658/1658/1658 1657/1657/1657
f 1654/1654/1654 1655/1655/1655 1658/1658/1658
f 1656/1656/1656 1660/1660/1660 1659/1659/1659
f 1656/1656/1656 1657/1657/1657 1660/1660/1660
f 1657/1657/1657 1661/1661/1661 1660/1660/1660
f 1657/1657/1657 1658/1658/1658 1661/1661/1661
f 1659/1659/1659 1663/1663/1663 1662/1662/1662
f 1659/1659/1659 1660/1660/1660 1663/1663/1663
f 1660/1660/1660 1664/1664/1664 1663/1663/1663
f 1660/1660/1660 1661/1661/1661 1664/1664/1664
f 1662/1662/1662 1666/1666/1666 1665/1665/1665
f 1662/1662/1662 1663/1663/1663 1666/1666/1666
f 1663/1663/1663 1667/1667/1667 1666/1666/1666
f 1663/1663/1663 1664/1664/1664 1667/1667/1667
f 1665/1665/1665 1669/1669/1669 1668/1668/1668
f 1665/1665/1665 1666/1666/1666 1669/1669/1669
f 1666/1666/1666 1670/1670/1670 1669/1669/1669
f 1666/1666/1666 1667/1667/1667 1670/1670/1670
f 1668/1668/1668 1672/1672/1672 1671/1671/1671
f 1668/1668/1668 1669/1669/1669 1672/1672/1672
f 1669/1669/1669 1673/1673/1673 1672/1672/1672
f 1669/1669/1669 1670/1670/1670 1673/1673/1673
f 1671/1671/1671 1675/1675/1675 1674/1674/1674
f 1671/1671/1671 1672/1672/1672 1675/1675/1675
f 1672/1672/1672 1676/1676/1676 1675/1675/1675
f 1672/1672/1672 1673/1673/1673 1676/1676/1676
f 1674/1674/1674 1678/1678/1678 1677/1677/1677
f 1674/1674/1674 1675/1675/1675 1678/1678/1678
f 1675/1675/1675 1679/1679/1679 1678/1678/1678
f 1675/1675/1675 1676/1676/1676 1679/1679/1679
f 1677/1677/1677 1681/1681/1681 1680/1680/1680
f 1677/1677/1677 1678/1678/1678 1681/1681/1681
f 1678/1678/1678 1682/1682/1682 1681/1681/1681
f 1678/1678/1678 1679/1679/1679 1682/1682/1682
f 1680/1680/1680 1684/1684/1684 1683/1683/1683
f 1680/1680/1680 1681/1681/1681 1684/1684/1684
f 1681/1681/1681 1685/1685/1685 1684/1684/1684
f 1681/1681/1681 1682/1682/1682 1685/1685/1685
f 1683/1683/1683 1687/1687/1687 1686/1686/1686
f 1683/1683/1683 1684/1684/1684 1687/1687/1687
f 1684/1684/1684 1688/1688/1688 1687/1687/1687
f 1684/1684/1684 1685/1685/1685 1688/1688/1688
f 1686/1686/1686 1690/1690/1690 1689/1689/1689
f 1686/1686/1686 1687/1687/1687 1690/1690/1690
f 1687/1687/1687 1691/1691/1691 1690/1690/1690
f 1687/1687/1687 1688/1688/1688 1691/1691/1691
f 1689/1689/1689 1693/1693/1693 1692/1692/1692
f 1689/1689/1689 1690/1690/1690 1693/1693/1693
f 1690/1690/1690 1694/1694/1694 1693/1693/1693
f 1690/1690/1690 1691/1691/1691 1694/1694/1694
f 1692/1692/1692 1696/1696/1696 1695/1695/1695
f 1692/1692/1692 1693/1693/1693 1696/1696/1696
f 1693/1693/1693 1697/1697/1697 1696/1696/1696
f 1693/1693/1693 1694/1694/1694 1697/1697/1697
f 1695/1695/1695 1699/1699/1699 1698/1698/1698
f 1695/1695/1695 1696/1696/1696 1699/1699/1699
f 1696/1696/1696 1700/1700/1700 1699/1699/1699
f 1696/1696/1696 1697/1697/1697 1700/1700/1700
f 1698/1698/1698 1702/1702/1702 1701/1701/1701
f 1698/1698/1698 1699/1699/1699 1702/1702/1702
f 1699/1699/1699 1703/1703/1703 1702/1702/1702
f 1699/1699/1699 1700/1700/1700 1703/1703/1703
f 1701/1701/1701 1705/1705/1705 1704/1704/1704
f 1701/1701/1701 1702/1702/1702 1705/1705/1705
f 1702/1702/1702 1706/1706/1706 1705/1705/1705
f 1702/1702/1702 1703/1703/1703 1706/1706/1706
f 1704/1704/1704 1708/1708/1708 1707/1707/1707
f 1704/1704/1704 1705/1705/1705 1708/1708/1708
f 1705/1705/1705 1709/1709/1709 1708/1708/1708
f 1705/1705/1705 1706/1706/1706 1709/1709/1709
f 1707/1707/1707 1651/1651/1651 1650/1650/1650
f 1707/1707/1707 1708/1708/1708 1651/1651/1651
f 1708/1708/1708 1652/1652/1652 1651/1651/1651
f 1708/1708/1708 1709/1709/1709 1652/1652/1652
f 1751/1751/1751 1755/1755/1755 1754/1754/1754
f 1751/1751/1751 1752/1752/1752 1755/1755/1755
f 1752/1752/1752 1756/1756/1756 1755/1755/1755
f 1752/1752/1752 1753/1753/1753 1756/1756/1756
f 1754/1754/1754 1758/1758/1758 1757/1757/1757
f 1754/1754/1754 1755/1755/1755 1758/1758/1758
f 1755/1755/1755 1759/1759/1759 1758/1758/1758
f 1755/1755/1755 1756/1756/1756 1759/1759/1759
f 1757/1757/1757 1761/1761/1761 1760/1760/1760
f 1757/1757/1757 1758/1758/1758 1761/1761/1761
f 1758/1758/1758 1762/1762/1762 1761/1761/1761
f 1758/1758/1758 1759/1759/1759 1762/1762/1762
f 1760/1760/1760 1764/1764/1764 1763/1763/1763
f 1760/1760/1760 1761/1761/1761 1764/1764/1764
f 1761/1761/1761 1765/1765/1765 1764/1764/1764
f 1761/1761/1761 1762/1762/1762 1765/1765/1765
f 1763/1763/1763 1767/1767/1767 1766/1766/1766
f 1763/1763/1763 1764/1764/1764 1767/1767/1767
f 1764/1764/1764 1768/1768/1768 1767/1767/1767
f 1764/1764/1764 1765/1765/1765 1768/1768/1768
f 1766/1766/1766 1770/1770/1770 1769/1769/1769
f 1766/1766/1766 1767/1767/1767 1770/1770/1770
f 1767/1767/1767 1771/1771/1771 1770/1770/1770
f 1767/1767/1767 1768/1768/1768 1771/1771/1771
f 1769/1769/1769 1773/1773/1773 1772/1772/1772
f 1769/1769/1769 1770/1770/1770 1773/1773/1773
f 1770/1770/1770 1774/1774/1774 1773/1773/1773
f 1770/1770/1770 1771/1771/1771 1774/1774/1774
f 1772/1772/1772 1776/1776/1776 1775/1775/1775
f 1772/1772/1772 1773/1773/1773 1776/1776/1776
f 1773/1773/1773 1777/1777/1777 1776/1776/1776
f 1773/1773/1773 1774/1774/1774 1777/1777/1777
f 1775/1775/1775 1779/1779/1779 1778/1778/1778
f 1775/1775/1775 1776/1776/1776 1779/1779/1779
f 1776/1776/1776 1780/1780/1780 1779/1779/1779
f 1776/1776/1776 1777/1777/1777 1780/1780/1780
f 1778/1778/1778 1782/1782/1782 1781/1781/1781
f 1778/1778/1778 1779/1779/1779 1782/1782/1782
f 1779/1779/1779 1783/1783/1783 1782/1782/1782
f 1779/1779/1779 1780/1780/1780 1783/1783/1783
f 1781/1781/1781 1785/1785/1785 1784/1784/1784
f 1781/1781/1781 1782/1782/1782 1785/1785/1785
f 1782/1782/1782 1786/1786/1786 1785/1785/1785
f 1782/1782/1782 1783/1783/1783 1786/1786/1786
f 1784/1784/1784 1788/1788/1788 1787/1787/1787
f 1784/1784/1784 1785/1785/1785 1788/1788/1788
f 1785/1785/1785 1789/1789/1789 1788/1788/1788
f 1785/1785/1785 1786/1786/1786 1789/1789/1789
f 1787/1787/1787 1791/1791/1791 1790/1790/1790
f 1787/1787/1787 1788/1788/1788 1791/1791/1791
f 1788/1788/1788 1792/1792/1792 1791/1791/1791
f 1788/1788/1788 1789/1789/1789 1792/1792/1792
f 1790/1790/1790 1794/1794/1794 1793/1793/1793
f 1790/1790/1790 1791/1791/1791 1794/1794/1794
f 1791/1791/1791 1795/1795/1795 1794/1794/1794
f 1791/1791/1791 1792/1792/1792 1795/1795/1795
f 1793/1793/1793 1797/1797/1797 1796/1796/1796
f 1793/1793/1793 1794/1794/1794 1797/1797/1797
f 1794/1794/1794 1798/1798/1798 1797/1797/1797
f 1794/1794/1794 1795/1795/1795 1798/1798/1798
f 1796/1796/1796 1800/1800/1800 1799/1799/1799
f 1796/1796/1796 1797/1797/1797 1800/1800/1800
f 1797/1797/1797 1801/1801/1801 1800/1800/1800
f 1797/1797/1797 1798/1798/1798 1801/1801/1801
f 1799/1799/1799 1803/1803/1803 1802/1802/1802
f 1799/1799/1799 1800/1800/1800 1803/1803/1803
f 1800/1800/1800 1804/1804/1804 1803/1803/1803
f 1800/1800/1800 1801/1801/1801 1804/1804/1804
f 1802/1802/1802 1806/1806/1806 1805/1805/1805
f 1802/1802/1802 1803/1803/1803 1806/1806/1806
f 1803/1803/1803 1807/1807/1807 1806/1806/1806
f 1803/1803/1803 1804/1804/1804 1807/1807/1807
f 1805/1805/1805 1809/1809/1809 1808/1808/1808
f 1805/1805/1805 1806/1806/1806 1809/1809/1809
f 1806/1806/1806 1810/1810/1810 1809/1809/1809
f 1806/1806/1806 1807/1807/1807 1810/1810/1810
f 1808/1808/1808 1752/1752/1752 1751/1751/1751
f 1808/1808/1808 1809/1809/1809 1752/1752/1752
f 1809/1809/1809 1753/1753/1753 1752/1752/1752
f 1809/1809/1809 1810/1810/1810 1753/1753/1753

g 03_CyberCube_Neon
usemtl 03_CyberCube_Neon
f 1351/1351/1351 1354/1354/1354 1355/1355/1355
f 1351/1351/1351 1355/1355/1355 1352/1352/1352
f 1352/1352/1352 1355/1355/1355 1356/1356/1356
f 1352/1352/1352 1356/1356/1356 1353/1353/1353
f 1447/1447/1447 1353/1353/1353 1356/1356/1356
f 1354/1354/1354 1357/1357/1357 1358/1358/1358
f 1354/1354/1354 1358/1358/1358 1355/1355/1355
f 1355/1355/1355 1358/1358/1358 1359/1359/1359
f 1355/1355/1355 1359/1359/1359 1356/1356/1356
f 1447/1447/1447 1356/1356/1356 1359/1359/1359
f 1357/1357/1357 1360/1360/1360 1361/1361/1361
f 1357/1357/1357 1361/1361/1361 1358/1358/1358
f 1358/1358/1358 1361/1361/1361 1362/1362/1362
f 1358/1358/1358 1362/1362/1362 1359/1359/1359
f 1447/1447/1447 1359/1359/1359 1362/1362/1362
f 1360/1360/1360 1363/1363/1363 1364/1364/1364
f 1360/1360/1360 1364/1364/1364 1361/1361/1361
f 1361/1361/1361 1364/1364/1364 1365/1365/1365
f 1361/1361/1361 1365/1365/1365 1362/1362/1362
f 1447/1447/1447 1362/1362/1362 1365/1365/1365
f 1363/1363/1363 1366/1366/1366 1367/1367/1367
f 1363/1363/1363 1367/1367/1367 1364/1364/1364
f 1364/1364/1364 1367/1367/1367 1368/1368/1368
f 1364/1364/1364 1368/1368/1368 1365/1365/1365
f 1447/1447/1447 1365/1365/1365 1368/1368/1368
f 1366/1366/1366 1369/1369/1369 1370/1370/1370
f 1366/1366/1366 1370/1370/1370 1367/1367/1367
f 1367/1367/1367 1370/1370/1370 1371/1371/1371
f 1367/1367/1367 1371/1371/1371 1368/1368/1368
f 1447/1447/1447 1368/1368/1368 1371/1371/1371
f 1369/1369/1369 1372/1372/1372 1373/1373/1373
f 1369/1369/1369 1373/1373/1373 1370/1370/1370
f 1370/1370/1370 1373/1373/1373 1374/1374/1374
f 1370/1370/1370 1374/1374/1374 1371/1371/1371
f 1447/1447/1447 1371/1371/1371 1374/1374/1374
f 1372/1372/1372 1375/1375/1375 1376/1376/1376
f 1372/1372/1372 1376/1376/1376 1373/1373/1373
f 1373/1373/1373 1376/1376/1376 1377/1377/1377
f 1373/1373/1373 1377/1377/1377 1374/1374/1374
f 1447/1447/1447 1374/1374/1374 1377/1377/1377
f 1375/1375/1375 1378/1378/1378 1379/1379/1379
f 1375/1375/1375 1379/1379/1379 1376/1376/1376
f 1376/1376/1376 1379/1379/1379 1380/1380/1380
f 1376/1376/1376 1380/1380/1380 1377/1377/1377
f 1447/1447/1447 1377/1377/1377 1380/1380/1380
f 1378/1378/1378 1381/1381/1381 1382/1382/1382
f 1378/1378/1378 1382/1382/1382 1379/1379/1379
f 1379/1379/1379 1382/1382/1382 1383/1383/1383
f 1379/1379/1379 1383/1383/1383 1380/1380/1380
f 1447/1447/1447 1380/1380/1380 1383/1383/1383
f 1381/1381/1381 1384/1384/1384 1385/1385/1385
f 1381/1381/1381 1385/1385/1385 1382/1382/1382
f 1382/1382/1382 1385/1385/1385 1386/1386/1386
f 1382/1382/1382 1386/1386/1386 1383/1383/1383
f 1447/1447/1447 1383/1383/1383 1386/1386/1386
f 1384/1384/1384 1387/1387/1387 1388/1388/1388
f 1384/1384/1384 1388/1388/1388 1385/1385/1385
f 1385/1385/1385 1388/1388/1388 1389/1389/1389
f 1385/1385/1385 1389/1389/1389 1386/1386/1386
f 1447/1447/1447 1386/1386/1386 1389/1389/1389
f 1387/1387/1387 1390/1390/1390 1391/1391/1391
f 1387/1387/1387 1391/1391/1391 1388/1388/1388
f 1388/1388/1388 1391/1391/1391 1392/1392/1392
f 1388/1388/1388 1392/1392/1392 1389/1389/1389
f 1447/1447/1447 1389/1389/1389 1392/1392/1392
f 1390/1390/1390 1393/1393/1393 1394/1394/1394
f 1390/1390/1390 1394/1394/1394 1391/1391/1391
f 1391/1391/1391 1394/1394/1394 1395/1395/1395
f 1391/1391/1391 1395/1395/1395 1392/1392/1392
f 1447/1447/1447 1392/1392/1392 1395/1395/1395
f 1393/1393/1393 1396/1396/1396 1397/1397/1397
f 1393/1393/1393 1397/1397/1397 1394/1394/1394
f 1394/1394/1394 1397/1397/1397 1398/1398/1398
f 1394/1394/1394 1398/1398/1398 1395/1395/1395
f 1447/1447/1447 1395/1395/1395 1398/1398/1398
f 1396/1396/1396 1399/1399/1399 1400/1400/1400
f 1396/1396/1396 1400/1400/1400 1397/1397/1397
f 1397/1397/1397 1400/1400/1400 1401/1401/1401
f 1397/1397/1397 1401/1401/1401 1398/1398/1398
f 1447/1447/1447 1398/1398/1398 1401/1401/1401
f 1399/1399/1399 1402/1402/1402 1403/1403/1403
f 1399/1399/1399 1403/1403/1403 1400/1400/1400
f 1400/1400/1400 1403/1403/1403 1404/1404/1404
f 1400/1400/1400 1404/1404/1404 1401/1401/1401
f 1447/1447/1447 1401/1401/1401 1404/1404/1404
f 1402/1402/1402 1405/1405/1405 1406/1406/1406
f 1402/1402/1402 1406/1406/1406 1403/1403/1403
f 1403/1403/1403 1406/1406/1406 1407/1407/1407
f 1403/1403/1403 1407/1407/1407 1404/1404/1404
f 1447/1447/1447 1404/1404/1404 1407/1407/1407
f 1405/1405/1405 1408/1408/1408 1409/1409/1409
f 1405/1405/1405 1409/1409/1409 1406/1406/1406
f 1406/1406/1406 1409/1409/1409 1410/1410/1410
f 1406/1406/1406 1410/1410/1410 1407/1407/1407
f 1447/1447/1447 1407/1407/1407 1410/1410/1410
f 1408/1408/1408 1411/1411/1411 1412/1412/1412
f 1408/1408/1408 1412/1412/1412 1409/1409/1409
f 1409/1409/1409 1412/1412/1412 1413/1413/1413
f 1409/1409/1409 1413/1413/1413 1410/1410/1410
f 1447/1447/1447 1410/1410/1410 1413/1413/1413
f 1411/1411/1411 1414/1414/1414 1415/1415/1415
f 1411/1411/1411 1415/1415/1415 1412/1412/1412
f 1412/1412/1412 1415/1415/1415 1416/1416/1416
f 1412/1412/1412 1416/1416/1416 1413/1413/1413
f 1447/1447/1447 1413/1413/1413 1416/1416/1416
f 1414/1414/1414 1417/1417/1417 1418/1418/1418
f 1414/1414/1414 1418/1418/1418 1415/1415/1415
f 1415/1415/1415 1418/1418/1418 1419/1419/1419
f 1415/1415/1415 1419/1419/1419 1416/1416/1416
f 1447/1447/1447 1416/1416/1416 1419/1419/1419
f 1417/1417/1417 1420/1420/1420 1421/1421/1421
f 1417/1417/1417 1421/1421/1421 1418/1418/1418
f 1418/1418/1418 1421/1421/1421 1422/1422/1422
f 1418/1418/1418 1422/1422/1422 1419/1419/1419
f 1447/1447/1447 1419/1419/1419 1422/1422/1422
f 1420/1420/1420 1423/1423/1423 1424/1424/1424
f 1420/1420/1420 1424/1424/1424 1421/1421/1421
f 1421/1421/1421 1424/1424/1424 1425/1425/1425
f 1421/1421/1421 1425/1425/1425 1422/1422/1422
f 1447/1447/1447 1422/1422/1422 1425/1425/1425
f 1423/1423/1423 1426/1426/1426 1427/1427/1427
f 1423/1423/1423 1427/1427/1427 1424/1424/1424
f 1424/1424/1424 1427/1427/1427 1428/1428/1428
f 1424/1424/1424 1428/1428/1428 1425/1425/1425
f 1447/1447/1447 1425/1425/1425 1428/1428/1428
f 1426/1426/1426 1429/1429/1429 1430/1430/1430
f 1426/1426/1426 1430/1430/1430 1427/1427/1427
f 1427/1427/1427 1430/1430/1430 1431/1431/1431
f 1427/1427/1427 1431/1431/1431 1428/1428/1428
f 1447/1447/1447 1428/1428/1428 1431/1431/1431
f 1429/1429/1429 1432/1432/1432 1433/1433/1433
f 1429/1429/1429 1433/1433/1433 1430/1430/1430
f 1430/1430/1430 1433/1433/1433 1434/1434/1434
f 1430/1430/1430 1434/1434/1434 1431/1431/1431
f 1447/1447/1447 1431/1431/1431 1434/1434/1434
f 1432/1432/1432 1435/1435/1435 1436/1436/1436
f 1432/1432/1432 1436/1436/1436 1433/1433/1433
f 1433/1433/1433 1436/1436/1436 1437/1437/1437
f 1433/1433/1433 1437/1437/1437 1434/1434/1434
f 1447/1447/1447 1434/1434/1434 1437/1437/1437
f 1435/1435/1435 1438/1438/1438 1439/1439/1439
f 1435/1435/1435 1439/1439/1439 1436/1436/1436
f 1436/1436/1436 1439/1439/1439 1440/1440/1440
f 1436/1436/1436 1440/1440/1440 1437/1437/1437
f 1447/1447/1447 1437/1437/1437 1440/1440/1440
f 1438/1438/1438 1441/1441/1441 1442/1442/1442
f 1438/1438/1438 1442/1442/1442 1439/1439/1439
f 1439/1439/1439 1442/1442/1442 1443/1443/1443
f 1439/1439/1439 1443/1443/1443 1440/1440/1440
f 1447/1447/1447 1440/1440/1440 1443/1443/1443
f 1441/1441/1441 1444/1444/1444 1445/1445/1445
f 1441/1441/1441 1445/1445/1445 1442/1442/1442
f 1442/1442/1442 1445/1445/1445 1446/1446/1446
f 1442/1442/1442 1446/1446/1446 1443/1443/1443
f 1447/1447/1447 1443/1443/1443 1446/1446/1446
f 1444/1444/1444 1351/1351/1351 1352/1352/1352
f 1444/1444/1444 1352/1352/1352 1445/1445/1445
f 1445/1445/1445 1352/1352/1352 1353/1353/1353
f 1445/1445/1445 1353/1353/1353 1446/1446/1446
f 1447/1447/1447 1446/1446/1446 1353/1353/1353
f 1508/1508/1508 1511/1511/1511 1510/1510/1510
f 1508/1508/1508 1509/1509/1509 1511/1511/1511
f 1509/1509/1509 1548/1548/1548 1511/1511/1511
f 1510/1510/1510 1513/1513/1513 1512/1512/1512
f 1510/1510/1510 1511/1511/1511 1513/1513/1513
f 1511/1511/1511 1548/1548/1548 1513/1513/1513
f 1512/1512/1512 1515/1515/1515 1514/1514/1514
f 1512/1512/1512 1513/1513/1513 1515/1515/1515
f 1513/1513/1513 1548/1548/1548 1515/1515/1515
f 1514/1514/1514 1517/1517/1517 1516/1516/1516
f 1514/1514/1514 1515/1515/1515 1517/1517/1517
f 1515/1515/1515 1548/1548/1548 1517/1517/1517
f 1516/1516/1516 1519/1519/1519 1518/1518/1518
f 1516/1516/1516 1517/1517/1517 1519/1519/1519
f 1517/1517/1517 1548/1548/1548 1519/1519/1519
f 1518/1518/1518 1521/1521/1521 1520/1520/1520
f 1518/1518/1518 1519/1519/1519 1521/1521/1521
f 1519/1519/1519 1548/1548/1548 1521/1521/1521
f 1520/1520/1520 1523/1523/1523 1522/1522/1522
f 1520/1520/1520 1521/1521/1521 1523/1523/1523
f 1521/1521/1521 1548/1548/1548 1523/1523/1523
f 1522/1522/1522 1525/1525/1525 1524/1524/1524
f 1522/1522/1522 1523/1523/1523 1525/1525/1525
f 1523/1523/1523 1548/1548/1548 1525/1525/1525
f 1524/1524/1524 1527/1527/1527 1526/1526/1526
f 1524/1524/1524 1525/1525/1525 1527/1527/1527
f 1525/1525/1525 1548/1548/1548 1527/1527/1527
f 1526/1526/1526 1529/1529/1529 1528/1528/1528
f 1526/1526/1526 1527/1527/1527 1529/1529/1529
f 1527/1527/1527 1548/1548/1548 1529/1529/1529
f 1528/1528/1528 1531/1531/1531 1530/1530/1530
f 1528/1528/1528 1529/1529/1529 1531/1531/1531
f 1529/1529/1529 1548/1548/1548 1531/1531/1531
f 1530/1530/1530 1533/1533/1533 1532/1532/1532
f 1530/1530/1530 1531/1531/1531 1533/1533/1533
f 1531/1531/1531 1548/1548/1548 1533/1533/1533
f 1532/1532/1532 1535/1535/1535 1534/1534/1534
f 1532/1532/1532 1533/1533/1533 1535/1535/1535
f 1533/1533/1533 1548/1548/1548 1535/1535/1535
f 1534/1534/1534 1537/1537/1537 1536/1536/1536
f 1534/1534/1534 1535/1535/1535 1537/1537/1537
f 1535/1535/1535 1548/1548/1548 1537/1537/1537
f 1536/1536/1536 1539/1539/1539 1538/1538/1538
f 1536/1536/1536 1537/1537/1537 1539/1539/1539
f 1537/1537/1537 1548/1548/1548 1539/1539/1539
f 1538/1538/1538 1541/1541/1541 1540/1540/1540
f 1538/1538/1538 1539/1539/1539 1541/1541/1541
f 1539/1539/1539 1548/1548/1548 1541/1541/1541
f 1540/1540/1540 1543/1543/1543 1542/1542/1542
f 1540/1540/1540 1541/1541/1541 1543/1543/1543
f 1541/1541/1541 1548/1548/1548 1543/1543/1543
f 1542/1542/1542 1545/1545/1545 1544/1544/1544
f 1542/1542/1542 1543/1543/1543 1545/1545/1545
f 1543/1543/1543 1548/1548/1548 1545/1545/1545
f 1544/1544/1544 1547/1547/1547 1546/1546/1546
f 1544/1544/1544 1545/1545/1545 1547/1547/1547
f 1545/1545/1545 1548/1548/1548 1547/1547/1547
f 1546/1546/1546 1509/1509/1509 1508/1508/1508
f 1546/1546/1546 1547/1547/1547 1509/1509/1509
f 1547/1547/1547 1548/1548/1548 1509/1509/1509
f 1609/1609/1609 1612/1612/1612 1611/1611/1611
f 1609/1609/1609 1610/1610/1610 1612/1612/1612
f 1610/1610/1610 1649/1649/1649 1612/1612/1612
f 1611/1611/1611 1614/1614/1614 1613/1613/1613
f 1611/1611/1611 1612/1612/1612 1614/1614/1614
f 1612/1612/1612 1649/1649/1649 1614/1614/1614
f 1613/1613/1613 1616/1616/1616 1615/1615/1615
f 1613/1613/1613 1614/1614/1614 1616/1616/1616
f 1614/1614/1614 1649/1649/1649 1616/1616/1616
f 1615/1615/1615 1618/1618/1618 1617/1617/1617
f 1615/1615/1615 1616/1616/1616 1618/1618/1618
f 1616/1616/1616 1649/1649/1649 1618/1618/1618
f 1617/1617/1617 1620/1620/1620 1619/1619/1619
f 1617/1617/1617 1618/1618/1618 1620/1620/1620
f 1618/1618/1618 1649/1649/1649 1620/1620/1620
f 1619/1619/1619 1622/1622/1622 1621/1621/1621
f 1619/1619/1619 1620/1620/1620 1622/1622/1622
f 1620/1620/1620 1649/1649/1649 1622/1622/1622
f 1621/1621/1621 1624/1624/1624 1623/1623/1623
f 1621/1621/1621 1622/1622/1622 1624/1624/1624
f 1622/1622/1622 1649/1649/1649 1624/1624/1624
f 1623/1623/1623 1626/1626/1626 1625/1625/1625
f 1623/1623/1623 1624/1624/1624 1626/1626/1626
f 1624/1624/1624 1649/1649/1649 1626/1626/1626
f 1625/1625/1625 1628/1628/1628 1627/1627/1627
f 1625/1625/1625 1626/1626/1626 1628/1628/1628
f 1626/1626/1626 1649/1649/1649 1628/1628/1628
f 1627/1627/1627 1630/1630/1630 1629/1629/1629
f 1627/1627/1627 1628/1628/1628 1630/1630/1630
f 1628/1628/1628 1649/1649/1649 1630/1630/1630
f 1629/1629/1629 1632/1632/1632 1631/1631/1631
f 1629/1629/1629 1630/1630/1630 1632/1632/1632
f 1630/1630/1630 1649/1649/1649 1632/1632/1632
f 1631/1631/1631 1634/1634/1634 1633/1633/1633
f 1631/1631/1631 1632/1632/1632 1634/1634/1634
f 1632/1632/1632 1649/1649/1649 1634/1634/1634
f 1633/1633/1633 1636/1636/1636 1635/1635/1635
f 1633/1633/1633 1634/1634/1634 1636/1636/1636
f 1634/1634/1634 1649/1649/1649 1636/1636/1636
f 1635/1635/1635 1638/1638/1638 1637/1637/1637
f 1635/1635/1635 1636/1636/1636 1638/1638/1638
f 1636/1636/1636 1649/1649/1649 1638/1638/1638
f 1637/1637/1637 1640/1640/1640 1639/1639/1639
f 1637/1637/1637 1638/1638/1638 1640/1640/1640
f 1638/1638/1638 1649/1649/1649 1640/1640/1640
f 1639/1639/1639 1642/1642/1642 1641/1641/1641
f 1639/1639/1639 1640/1640/1640 1642/1642/1642
f 1640/1640/1640 1649/1649/1649 1642/1642/1642
f 1641/1641/1641 1644/1644/1644 1643/1643/1643
f 1641/1641/1641 1642/1642/1642 1644/1644/1644
f 1642/1642/1642 1649/1649/1649 1644/1644/1644
f 1643/1643/1643 1646/1646/1646 1645/1645/1645
f 1643/1643/1643 1644/1644/1644 1646/1646/1646
f 1644/1644/1644 1649/1649/1649 1646/1646/1646
f 1645/1645/1645 1648/1648/1648 1647/1647/1647
f 1645/1645/1645 1646/1646/1646 1648/1648/1648
f 1646/1646/1646 1649/1649/1649 1648/1648/1648
f 1647/1647/1647 1610/1610/1610 1609/1609/1609
f 1647/1647/1647 1648/1648/1648 1610/1610/1610
f 1648/1648/1648 1649/1649/1649 1610/1610/1610
f 1710/1710/1710 1713/1713/1713 1712/1712/1712
f 1710/1710/1710 1711/1711/1711 1713/1713/1713
f 1711/1711/1711 1750/1750/1750 1713/1713/1713
f 1712/1712/1712 1715/1715/1715 1714/1714/1714
f 1712/1712/1712 1713/1713/1713 1715/1715/1715
f 1713/1713/1713 1750/1750/1750 1715/1715/1715
f 1714/1714/1714 1717/1717/1717 1716/1716/1716
f 1714/1714/1714 1715/1715/1715 1717/1717/1717
f 1715/1715/1715 1750/1750/1750 1717/1717/1717
f 1716/1716/1716 1719/1719/1719 1718/1718/1718
f 1716/1716/1716 1717/1717/1717 1719/1719/1719
f 1717/1717/1717 1750/1750/1750 1719/1719/1719
f 1718/1718/1718 1721/1721/1721 1720/1720/1720
f 1718/1718/1718 1719/1719/1719 1721/1721/1721
f 1719/1719/1719 1750/1750/1750 1721/1721/1721
f 1720/1720/1720 1723/1723/1723 1722/1722/1722
f 1720/1720/1720 1721/1721/1721 1723/1723/1723
f 1721/1721/1721 1750/1750/1750 1723/1723/1723
f 1722/1722/1722 1725/1725/1725 1724/1724/1724
f 1722/1722/1722 1723/1723/1723 1725/1725/1725
f 1723/1723/1723 1750/1750/1750 1725/1725/1725
f 1724/1724/1724 1727/1727/1727 1726/1726/1726
f 1724/1724/1724 1725/1725/1725 1727/1727/1727
f 1725/1725/1725 1750/1750/1750 1727/1727/1727
f 1726/1726/1726 1729/1729/1729 1728/1728/1728
f 1726/1726/1726 1727/1727/1727 1729/1729/1729
f 1727/1727/1727 1750/1750/1750 1729/1729/1729
f 1728/1728/1728 1731/1731/1731 1730/1730/1730
f 1728/1728/1728 1729/1729/1729 1731/1731/1731
f 1729/1729/1729 1750/1750/1750 1731/1731/1731
f 1730/1730/1730 1733/1733/1733 1732/1732/1732
f 1730/1730/1730 1731/1731/1731 1733/1733/1733
f 1731/1731/1731 1750/1750/1750 1733/1733/1733
f 1732/1732/1732 1735/1735/1735 1734/1734/1734
f 1732/1732/1732 1733/1733/1733 1735/1735/1735
f 1733/1733/1733 1750/1750/1750 1735/1735/1735
f 1734/1734/1734 1737/1737/1737 1736/1736/1736
f 1734/1734/1734 1735/1735/1735 1737/1737/1737
f 1735/1735/1735 1750/1750/1750 1737/1737/1737
f 1736/1736/1736 1739/1739/1739 1738/1738/1738
f 1736/1736/1736 1737/1737/1737 1739/1739/1739
f 1737/1737/1737 1750/1750/1750 1739/1739/1739
f 1738/1738/1738 1741/1741/1741 1740/1740/1740
f 1738/1738/1738 1739/1739/1739 1741/1741/1741
f 1739/1739/1739 1750/1750/1750 1741/1741/1741
f 1740/1740/1740 1743/1743/1743 1742/1742/1742
f 1740/1740/1740 1741/1741/1741 1743/1743/1743
f 1741/1741/1741 1750/1750/1750 1743/1743/1743
f 1742/1742/1742 1745/1745/1745 1744/1744/1744
f 1742/1742/1742 1743/1743/1743 1745/1745/1745
f 1743/1743/1743 1750/1750/1750 1745/1745/1745
f 1744/1744/1744 1747/1747/1747 1746/1746/1746
f 1744/1744/1744 1745/1745/1745 1747/1747/1747
f 1745/1745/1745 1750/1750/1750 1747/1747/1747
f 1746/1746/1746 1749/1749/1749 1748/1748/1748
f 1746/1746/1746 1747/1747/1747 1749/1749/1749
f 1747/1747/1747 1750/1750/1750 1749/1749/1749
f 1748/1748/1748 1711/1711/1711 1710/1710/1710
f 1748/1748/1748 1749/1749/1749 1711/1711/1711
f 1749/1749/1749 1750/1750/1750 1711/1711/1711
f 1811/1811/1811 1814/1814/1814 1813/1813/1813
f 1811/1811/1811 1812/1812/1812 1814/1814/1814
f 1812/1812/1812 1851/1851/1851 1814/1814/1814
f 1813/1813/1813 1816/1816/1816 1815/1815/1815
f 1813/1813/1813 1814/1814/1814 1816/1816/1816
f 1814/1814/1814 1851/1851/1851 1816/1816/1816
f 1815/1815/1815 1818/1818/1818 1817/1817/1817
f 1815/1815/1815 1816/1816/1816 1818/1818/1818
f 1816/1816/1816 1851/1851/1851 1818/1818/1818
f 1817/1817/1817 1820/1820/1820 1819/1819/1819
f 1817/1817/1817 1818/1818/1818 1820/1820/1820
f 1818/1818/1818 1851/1851/1851 1820/1820/1820
f 1819/1819/1819 1822/1822/1822 1821/1821/1821
f 1819/1819/1819 1820/1820/1820 1822/1822/1822
f 1820/1820/1820 1851/1851/1851 1822/1822/1822
f 1821/1821/1821 1824/1824/1824 1823/1823/1823
f 1821/1821/1821 1822/1822/1822 1824/1824/1824
f 1822/1822/1822 1851/1851/1851 1824/1824/1824
f 1823/1823/1823 1826/1826/1826 1825/1825/1825
f 1823/1823/1823 1824/1824/1824 1826/1826/1826
f 1824/1824/1824 1851/1851/1851 1826/1826/1826
f 1825/1825/1825 1828/1828/1828 1827/1827/1827
f 1825/1825/1825 1826/1826/1826 1828/1828/1828
f 1826/1826/1826 1851/1851/1851 1828/1828/1828
f 1827/1827/1827 1830/1830/1830 1829/1829/1829
f 1827/1827/1827 1828/1828/1828 1830/1830/1830
f 1828/1828/1828 1851/1851/1851 1830/1830/1830
f 1829/1829/1829 1832/1832/1832 1831/1831/1831
f 1829/1829/1829 1830/1830/1830 1832/1832/1832
f 1830/1830/1830 1851/1851/1851 1832/1832/1832
f 1831/1831/1831 1834/1834/1834 1833/1833/1833
f 1831/1831/1831 1832/1832/1832 1834/1834/1834
f 1832/1832/1832 1851/1851/1851 1834/1834/1834
f 1833/1833/1833 1836/1836/1836 1835/1835/1835
f 1833/1833/1833 1834/1834/1834 1836/1836/1836
f 1834/1834/1834 1851/1851/1851 1836/1836/1836
f 1835/1835/1835 1838/1838/1838 1837/1837/1837
f 1835/1835/1835 1836/1836/1836 1838/1838/1838
f 1836/1836/1836 1851/1851/1851 1838/1838/1838
f 1837/1837/1837 1840/1840/1840 1839/1839/1839
f 1837/1837/1837 1838/1838/1838 1840/1840/1840
f 1838/1838/1838 1851/1851/1851 1840/1840/1840
f 1839/1839/1839 1842/1842/1842 1841/1841/1841
f 1839/1839/1839 1840/1840/1840 1842/1842/1842
f 1840/1840/1840 1851/1851/1851 1842/1842/1842
f 1841/1841/1841 1844/1844/1844 1843/1843/1843
f 1841/1841/1841 1842/1842/1842 1844/1844/1844
f 1842/1842/1842 1851/1851/1851 1844/1844/1844
f 1843/1843/1843 1846/1846/1846 1845/1845/1845
f 1843/1843/1843 1844/1844/1844 1846/1846/1846
f 1844/1844/1844 1851/1851/1851 1846/1846/1846
f 1845/1845/1845 1848/1848/1848 1847/1847/1847
f 1845/1845/1845 1846/1846/1846 1848/1848/1848
f 1846/1846/1846 1851/1851/1851 1848/1848/1848
f 1847/1847/1847 1850/1850/1850 1849/1849/1849
f 1847/1847/1847 1848/1848/1848 1850/1850/1850
f 1848/1848/1848 1851/1851/1851 1850/1850/1850
f 1849/1849/1849 1812/1812/1812 1811/1811/1811
f 1849/1849/1849 1850/1850/1850 1812/1812/1812
f 1850/1850/1850 1851/1851/1851 1812/1812/1812

g 04_CyberCube_Base
usemtl 04_CyberCube_Base
f 1853/1853/1853 1852/1852/1852 1876/1876/1876
f 1854/1854/1854 1853/1853/1853 1876/1876/1876
f 1855/1855/1855 1854/1854/1854 1876/1876/1876
f 1856/1856/1856 1855/1855/1855 1876/1876/1876
f 1857/1857/1857 1856/1856/1856 1876/1876/1876
f 1858/1858/1858 1857/1857/1857 1876/1876/1876
f 1859/1859/1859 1858/1858/1858 1876/1876/1876
f 1860/1860/1860 1859/1859/1859 1876/1876/1876
f 1861/1861/1861 1860/1860/1860 1876/1876/1876
f 1862/1862/1862 1861/1861/1861 1876/1876/1876
f 1863/1863/1863 1862/1862/1862 1876/1876/1876
f 1864/1864/1864 1863/1863/1863 1876/1876/1876
f 1865/1865/1865 1864/1864/1864 1876/1876/1876
f 1866/1866/1866 1865/1865/1865 1876/1876/1876
f 1867/1867/1867 1866/1866/1866 1876/1876/1876
f 1868/1868/1868 1867/1867/1867 1876/1876/1876
f 1869/1869/1869 1868/1868/1868 1876/1876/1876
f 1870/1870/1870 1869/1869/1869 1876/1876/1876
f 1871/1871/1871 1870/1870/1870 1876/1876/1876
f 1872/1872/1872 1871/1871/1871 1876/1876/1876
f 1873/1873/1873 1872/1872/1872 1876/1876/1876
f 1874/1874/1874 1873/1873/1873 1876/1876/1876
f 1875/1875/1875 1874/1874/1874 1876/1876/1876
f 1852/1852/1852 1875/1875/1875 1876/1876/1876
f 1877/1877/1877 1878/1878/1878 1880/1880/1880
f 1877/1877/1877 1880/1880/1880 1879/1879/1879
f 1880/1880/1880 1878/1878/1878 1901/1901/1901
f 1879/1879/1879 1880/1880/1880 1882/1882/1882
f 1879/1879/1879 1882/1882/1882 1881/1881/1881
f 1882/1882/1882 1880/1880/1880 1901/1901/1901
f 1881/1881/1881 1882/1882/1882 1884/1884/1884
f 1881/1881/1881 1884/1884/1884 1883/1883/1883
f 1884/1884/1884 1882/1882/1882 1901/1901/1901
f 1883/1883/1883 1884/1884/1884 1886/1886/1886
f 1883/1883/1883 1886/1886/1886 1885/1885/1885
f 1886/1886/1886 1884/1884/1884 1901/1901/1901
f 1885/1885/1885 1886/1886/1886 1888/1888/1888
f 1885/1885/1885 1888/1888/1888 1887/1887/1887
f 1888/1888/1888 1886/1886/1886 1901/1901/1901
f 1887/1887/1887 1888/1888/1888 1890/1890/1890
f 1887/1887/1887 1890/1890/1890 1889/1889/1889
f 1890/1890/1890 1888/1888/1888 1901/1901/1901
f 1889/1889/1889 1890/1890/1890 1892/1892/1892
f 1889/1889/1889 1892/1892/1892 1891/1891/1891
f 1892/1892/1892 1890/1890/1890 1901/1901/1901
f 1891/1891/1891 1892/1892/1892 1894/1894/1894
f 1891/1891/1891 1894/1894/1894 1893/1893/1893
f 1894/1894/1894 1892/1892/1892 1901/1901/1901
f 1893/1893/1893 1894/1894/1894 1896/1896/1896
f 1893/1893/1893 1896/1896/1896 1895/1895/1895
f 1896/1896/1896 1894/1894/1894 1901/1901/1901
f 1895/1895/1895 1896/1896/1896 1898/1898/1898
f 1895/1895/1895 1898/1898/1898 1897/1897/1897
f 1898/1898/1898 1896/1896/1896 1901/1901/1901
f 1897/1897/1897 1898/1898/1898 1900/1900/1900
f 1897/1897/1897 1900/1900/1900 1899/1899/1899
f 1900/1900/1900 1898/1898/1898 1901/1901/1901
f 1899/1899/1899 1900/1900/1900 1878/1878/1878
f 1899/1899/1899 1878/1878/1878 1877/1877/1877
f 1878/1878/1878 1900/1900/1900 1901/1901/1901
f 1902/1902/1902 1903/1903/1903 1905/1905/1905
f 1902/1902/1902 1905/1905/1905 1904/1904/1904
f 1905/1905/1905 1903/1903/1903 1926/1926/1926
f 1904/1904/1904 1905/1905/1905 1907/1907/1907
f 1904/1904/1904 1907/1907/1907 1906/1906/1906
f 1907/1907/1907 1905/1905/1905 1926/1926/1926
f 1906/1906/1906 1907/1907/1907 1909/1909/1909
f 1906/1906/1906 1909/1909/1909 1908/1908/1908
f 1909/1909/1909 1907/1907/1907 1926/1926/1926
f 1908/1908/1908 1909/1909/1909 1911/1911/1911
f 1908/1908/1908 1911/1911/1911 1910/1910/1910
f 1911/1911/1911 1909/1909/1909 1926/1926/1926
f 1910/1910/1910 1911/1911/1911 1913/1913/1913
f 1910/1910/1910 1913/1913/1913 1912/1912/1912
f 1913/1913/1913 1911/1911/1911 1926/1926/1926
f 1912/1912/1912 1913/1913/1913 1915/1915/1915
f 1912/1912/1912 1915/1915/1915 1914/1914/1914
f 1915/1915/1915 1913/1913/1913 1926/1926/1926
f 1914/1914/1914 1915/1915/1915 1917/1917/1917
f 1914/1914/1914 1917/1917/1917 1916/1916/1916
f 1917/1917/1917 1915/1915/1915 1926/1926/1926
f 1916/1916/1916 1917/1917/1917 1919/1919/1919
f 1916/1916/1916 1919/1919/1919 1918/1918/1918
f 1919/1919/1919 1917/1917/1917 1926/1926/1926
f 1918/1918/1918 1919/1919/1919 1921/1921/1921
f 1918/1918/1918 1921/1921/1921 1920/1920/1920
f 1921/1921/1921 1919/1919/1919 1926/1926/1926
f 1920/1920/1920 1921/1921/1921 1923/1923/1923
f 1920/1920/1920 1923/1923/1923 1922/1922/1922
f 1923/1923/1923 1921/1921/1921 1926/1926/1926
f 1922/1922/1922 1923/1923/1923 1925/1925/1925
f 1922/1922/1922 1925/1925/1925 1924/1924/1924
f 1925/1925/1925 1923/1923/1923 1926/1926/1926
f 1924/1924/1924 1925/1925/1925 1903/1903/1903
f 1924/1924/1924 1903/1903/1903 1902/1902/1902
f 1903/1903/1903 1925/1925/1925 1926/1926/1926
f 1927/1927/1927 1928/1928/1928 1930/1930/1930
f 1927/1927/1927 1930/1930/1930 1929/1929/1929
f 1930/1930/1930 1928/1928/1928 1951/1951/1951
f 1929/1929/1929 1930/1930/1930 1932/1932/1932
f 1929/1929/1929 1932/1932/1932 1931/1931/1931
f 1932/1932/1932 1930/1930/1930 1951/1951/1951
f 1931/1931/1931 1932/1932/1932 1934/1934/1934
f 1931/1931/1931 1934/1934/1934 1933/1933/1933
f 1934/1934/1934 1932/1932/1932 1951/1951/1951
f 1933/1933/1933 1934/1934/1934 1936/1936/1936
f 1933/1933/1933 1936/1936/1936 1935/1935/1935
f 1936/1936/1936 1934/1934/1934 1951/1951/1951
f 1935/1935/1935 1936/1936/1936 1938/1938/1938
f 1935/1935/1935 1938/1938/1938 1937/1937/1937
f 1938/1938/1938 1936/1936/1936 1951/1951/1951
f 1937/1937/1937 1938/1938/1938 1940/1940/1940
f 1937/1937/1937 1940/1940/1940 1939/1939/1939
f 1940/1940/1940 1938/1938/1938 1951/1951/1951
f 1939/1939/1939 1940/1940/1940 1942/1942/1942
f 1939/1939/1939 1942/1942/1942 1941/1941/1941
f 1942/1942/1942 1940/1940/1940 1951/1951/1951
f 1941/1941/1941 1942/1942/1942 1944/1944/1944
f 1941/1941/1941 1944/1944/1944 1943/1943/1943
f 1944/1944/1944 1942/1942/1942 1951/1951/1951
f 1943/1943/1943 1944/1944/1944 1946/1946/1946
f 1943/1943/1943 1946/1946/1946 1945/1945/1945
f 1946/1946/1946 1944/1944/1944 1951/1951/1951
f 1945/1945/1945 1946/1946/1946 1948/1948/1948
f 1945/1945/1945 1948/1948/1948 1947/1947/1947
f 1948/1948/1948 1946/1946/1946 1951/1951/1951
f 1947/1947/1947 1948/1948/1948 1950/1950/1950
f 1947/1947/1947 1950/1950/1950 1949/1949/1949
f 1950/1950/1950 1948/1948/1948 1951/1951/1951
f 1949/1949/1949 1950/1950/1950 1928/1928/1928
f 1949/1949/1949 1928/1928/1928 1927/1927/1927
f 1928/1928/1928 1950/1950/1950 1951/1951/1951
f 1952/1952/1952 1953/1953/1953 1955/1955/1955
f 1952/1952/1952 1955/1955/1955 1954/1954/1954
f 1955/1955/1955 1953/1953/1953 1976/1976/1976
f 1954/1954/1954 1955/1955/1955 1957/1957/1957
f 1954/1954/1954 1957/1957/1957 1956/1956/1956
f 1957/1957/1957 1955/1955/1955 1976/1976/1976
f 1956/1956/1956 1957/1957/1957 1959/1959/1959
f 1956/1956/1956 1959/1959/1959 1958/1958/1958
f 1959/1959/1959 1957/1957/1957 1976/1976/1976
f 1958/1958/1958 1959/1959/1959 1961/1961/1961
f 1958/1958/1958 1961/1961/1961 1960/1960/1960
f 1961/1961/1961 1959/1959/1959 1976/1976/1976
f 1960/1960/1960 1961/1961/1961 1963/1963/1963
f 1960/1960/1960 1963/1963/1963 1962/1962/1962
f 1963/1963/1963 1961/1961/1961 1976/1976/1976
f 1962/1962/1962 1963/1963/1963 1965/1965/1965
f 1962/1962/1962 1965/1965/1965 1964/1964/1964
f 1965/1965/1965 1963/1963/1963 1976/1976/1976
f 1964/1964/1964 1965/1965/1965 1967/1967/1967
f 1964/1964/1964 1967/1967/1967 1966/1966/1966
f 1967/1967/1967 1965/1965/1965 1976/1976/1976
f 1966/1966/1966 1967/1967/1967 1969/1969/1969
f 1966/1966/1966 1969/1969/1969 1968/1968/1968
f 1969/1969/1969 1967/1967/1967 1976/1976/1976
f 1968/1968/1968 1969/1969/1969 1971/1971/1971
f 1968/1968/1968 1971/1971/1971 1970/1970/1970
f 1971/1971/1971 1969/1969/1969 1976/1976/1976
f 1970/1970/1970 1971/1971/1971 1973/1973/1973
f 1970/1970/1970 1973/1973/1973 1972/1972/1972
f 1973/1973/1973 1971/1971/1971 1976/1976/1976
f 1972/1972/1972 1973/1973/1973 1975/1975/1975
f 1972/1972/1972 1975/1975/1975 1974/1974/1974
f 1975/1975/1975 1973/1973/1973 1976/1976/1976
f 1974/1974/1974 1975/1975/1975 1953/1953/1953
f 1974/1974/1974 1953/1953/1953 1952/1952/1952
f 1953/1953/1953 1975/1975/1975 1976/1976/1976

