# KawaiiCube Clean 3D Model for PixelGame
o KawaiiCube

v -0.280000 0.220000 -0.500000
v -0.322126 0.220000 -0.495929
v -0.358629 0.220000 -0.485469
v -0.386844 0.220000 -0.472313
v -0.407017 0.220000 -0.459629
v -0.420654 0.220000 -0.449164
v -0.429292 0.220000 -0.441592
v -0.434047 0.220000 -0.437065
v -0.280000 0.220000 -0.500000
v -0.140000 0.220000 -0.500000
v 0.000000 0.220000 -0.500000
v 0.140000 0.220000 -0.500000
v 0.280000 0.220000 -0.500000
v 0.322126 0.220000 -0.495929
v 0.358629 0.220000 -0.485469
v 0.386844 0.220000 -0.472313
v 0.407017 0.220000 -0.459629
v 0.420654 0.220000 -0.449164
v 0.429292 0.220000 -0.441592
v 0.434047 0.220000 -0.437065
v 0.435563 0.220000 -0.435563
v -0.280000 0.177874 -0.495929
v -0.321374 0.178626 -0.492076
v -0.357356 0.180564 -0.482141
v -0.385323 0.183015 -0.469576
v -0.405436 0.185392 -0.457393
v -0.419098 0.187363 -0.447292
v -0.427782 0.188794 -0.439958
v -0.432574 0.189651 -0.435563
v -0.280000 0.177874 -0.495929
v -0.140000 0.177874 -0.495929
v 0.000000 0.177874 -0.495929
v 0.140000 0.177874 -0.495929
v 0.280000 0.177874 -0.495929
v 0.321374 0.178626 -0.492076
v 0.357356 0.180564 -0.482141
v 0.385323 0.183015 -0.469576
v 0.405436 0.185392 -0.457393
v 0.419098 0.187363 -0.447292
v 0.427782 0.188794 -0.439958
v 0.432574 0.189651 -0.435563
v 0.434104 0.189936 -0.434104
v -0.280000 0.141371 -0.485469
v -0.319436 0.142644 -0.482141
v -0.354042 0.145958 -0.473482
v -0.381325 0.150206 -0.462379
v -0.401237 0.154387 -0.451454
v -0.414934 0.157897 -0.442284
v -0.423722 0.160468 -0.435563
v -0.428601 0.162019 -0.431512
v -0.280000 0.141371 -0.485469
v -0.140000 0.141371 -0.485469
v 0.000000 0.141371 -0.485469
v 0.140000 0.141371 -0.485469
v 0.280000 0.141371 -0.485469
v 0.319436 0.142644 -0.482141
v 0.354042 0.145958 -0.473482
v 0.381325 0.150206 -0.462379
v 0.401237 0.154387 -0.451454
v 0.414934 0.157897 -0.442284
v 0.423722 0.160468 -0.435563
v 0.428601 0.162019 -0.431512
v 0.430163 0.162535 -0.430163
v -0.280000 0.113156 -0.472313
v -0.316985 0.114677 -0.469576
v -0.349794 0.118675 -0.462379
v -0.376109 0.123891 -0.452992
v -0.395672 0.129117 -0.443585
v -0.409346 0.133574 -0.435563
v -0.418226 0.136879 -0.429614
v -0.423195 0.138887 -0.426000
v -0.280000 0.113156 -0.472313
v -0.140000 0.113156 -0.472313
v 0.000000 0.113156 -0.472313
v 0.140000 0.113156 -0.472313
v 0.280000 0.113156 -0.472313
v 0.316985 0.114677 -0.469576
v 0.349794 0.118675 -0.462379
v 0.376109 0.123891 -0.452992
v 0.395672 0.129117 -0.443585
v 0.409346 0.133574 -0.435563
v 0.418226 0.136879 -0.429614
v 0.423195 0.138887 -0.426000
v 0.424791 0.139558 -0.424791
v -0.280000 0.092983 -0.459629
v -0.314608 0.094564 -0.457393
v -0.345613 0.098763 -0.451454
v -0.370883 0.104328 -0.443585
v -0.390000 0.110000 -0.435563
v -0.403570 0.114912 -0.428617
v -0.412488 0.118598 -0.423404
v -0.417517 0.120855 -0.420212
v -0.280000 0.092983 -0.459629
v -0.140000 0.092983 -0.459629
v 0.000000 0.092983 -0.459629
v 0.140000 0.092983 -0.459629
v 0.280000 0.092983 -0.459629
v 0.314608 0.094564 -0.457393
v 0.345613 0.098763 -0.451454
v 0.370883 0.104328 -0.443585
v 0.390000 0.110000 -0.435563
v 0.403570 0.114912 -0.428617
v 0.412488 0.118598 -0.423404
v 0.417517 0.120855 -0.420212
v 0.419140 0.121613 -0.419140
v -0.280000 0.079346 -0.449164
v -0.312637 0.080902 -0.447292
v -0.342103 0.085066 -0.442284
v -0.366426 0.090654 -0.435563
v -0.385088 0.096430 -0.428617
v -0.398505 0.101495 -0.422524
v -0.407410 0.105334 -0.417907
v -0.412466 0.107701 -0.415061
v -0.280000 0.079346 -0.449164
v -0.140000 0.079346 -0.449164
v 0.000000 0.079346 -0.449164
v 0.140000 0.079346 -0.449164
v 0.280000 0.079346 -0.449164
v 0.312637 0.080902 -0.447292
v 0.342103 0.085066 -0.442284
v 0.366426 0.090654 -0.435563
v 0.385088 0.096430 -0.428617
v 0.398505 0.101495 -0.422524
v 0.407410 0.105334 -0.417907
v 0.412466 0.107701 -0.415061
v 0.414103 0.108497 -0.414103
v -0.280000 0.070708 -0.441592
v -0.311206 0.072218 -0.439958
v -0.339532 0.076278 -0.435563
v -0.363121 0.081774 -0.429614
v -0.381402 0.087512 -0.423404
v -0.394666 0.092590 -0.417907
v -0.403534 0.096466 -0.413712
v -0.408594 0.098867 -0.411113
v -0.280000 0.070708 -0.441592
v -0.140000 0.070708 -0.441592
v 0.000000 0.070708 -0.441592
v 0.140000 0.070708 -0.441592
v 0.280000 0.070708 -0.441592
v 0.311206 0.072218 -0.439958
v 0.339532 0.076278 -0.435563
v 0.363121 0.081774 -0.429614
v 0.381402 0.087512 -0.423404
v 0.394666 0.092590 -0.417907
v 0.403534 0.096466 -0.413712
v 0.408594 0.098867 -0.411113
v 0.410236 0.099678 -0.410236
v -0.280000 0.065953 -0.437065
v -0.310349 0.067426 -0.435563
v -0.337981 0.071399 -0.431512
v -0.361113 0.076805 -0.426000
v -0.379145 0.082483 -0.420212
v -0.392299 0.087534 -0.415061
v -0.401133 0.091406 -0.411113
v -0.406188 0.093812 -0.408660
v -0.280000 0.065953 -0.437065
v -0.140000 0.065953 -0.437065
v 0.000000 0.065953 -0.437065
v 0.140000 0.065953 -0.437065
v 0.280000 0.065953 -0.437065
v 0.310349 0.067426 -0.435563
v 0.337981 0.071399 -0.431512
v 0.361113 0.076805 -0.426000
v 0.379145 0.082483 -0.420212
v 0.392299 0.087534 -0.415061
v 0.401133 0.091406 -0.411113
v 0.406188 0.093812 -0.408660
v 0.407831 0.094626 -0.407831
v -0.280000 0.220000 -0.500000
v -0.322126 0.220000 -0.495929
v -0.358629 0.220000 -0.485469
v -0.386844 0.220000 -0.472313
v -0.407017 0.220000 -0.459629
v -0.420654 0.220000 -0.449164
v -0.429292 0.220000 -0.441592
v -0.434047 0.220000 -0.437065
v -0.280000 0.220000 -0.500000
v -0.140000 0.220000 -0.500000
v 0.000000 0.220000 -0.500000
v 0.140000 0.220000 -0.500000
v 0.280000 0.220000 -0.500000
v 0.322126 0.220000 -0.495929
v 0.358629 0.220000 -0.485469
v 0.386844 0.220000 -0.472313
v 0.407017 0.220000 -0.459629
v 0.420654 0.220000 -0.449164
v 0.429292 0.220000 -0.441592
v 0.434047 0.220000 -0.437065
v 0.435563 0.220000 -0.435563
v -0.280000 0.322500 -0.500000
v -0.322126 0.322500 -0.495929
v -0.358629 0.322500 -0.485469
v -0.386844 0.322500 -0.472313
v -0.407017 0.322500 -0.459629
v -0.420654 0.322500 -0.449164
v -0.429292 0.322500 -0.441592
v -0.434047 0.322500 -0.437065
v -0.280000 0.322500 -0.500000
v -0.140000 0.322500 -0.500000
v 0.000000 0.322500 -0.500000
v 0.140000 0.322500 -0.500000
v 0.280000 0.322500 -0.500000
v 0.322126 0.322500 -0.495929
v 0.358629 0.322500 -0.485469
v 0.386844 0.322500 -0.472313
v 0.407017 0.322500 -0.459629
v 0.420654 0.322500 -0.449164
v 0.429292 0.322500 -0.441592
v 0.434047 0.322500 -0.437065
v 0.435563 0.322500 -0.435563
v -0.280000 0.425000 -0.500000
v -0.322126 0.425000 -0.495929
v -0.358629 0.425000 -0.485469
v -0.386844 0.425000 -0.472313
v -0.407017 0.425000 -0.459629
v -0.420654 0.425000 -0.449164
v -0.429292 0.425000 -0.441592
v -0.434047 0.425000 -0.437065
v -0.280000 0.425000 -0.500000
v -0.140000 0.425000 -0.500000
v 0.000000 0.425000 -0.500000
v 0.140000 0.425000 -0.500000
v 0.280000 0.425000 -0.500000
v 0.322126 0.425000 -0.495929
v 0.358629 0.425000 -0.485469
v 0.386844 0.425000 -0.472313
v 0.407017 0.425000 -0.459629
v 0.420654 0.425000 -0.449164
v 0.429292 0.425000 -0.441592
v 0.434047 0.425000 -0.437065
v 0.435563 0.425000 -0.435563
v -0.280000 0.527500 -0.500000
v -0.322126 0.527500 -0.495929
v -0.358629 0.527500 -0.485469
v -0.386844 0.527500 -0.472313
v -0.407017 0.527500 -0.459629
v -0.420654 0.527500 -0.449164
v -0.429292 0.527500 -0.441592
v -0.434047 0.527500 -0.437065
v -0.280000 0.527500 -0.500000
v -0.140000 0.527500 -0.500000
v 0.000000 0.527500 -0.500000
v 0.140000 0.527500 -0.500000
v 0.280000 0.527500 -0.500000
v 0.322126 0.527500 -0.495929
v 0.358629 0.527500 -0.485469
v 0.386844 0.527500 -0.472313
v 0.407017 0.527500 -0.459629
v 0.420654 0.527500 -0.449164
v 0.429292 0.527500 -0.441592
v 0.434047 0.527500 -0.437065
v 0.435563 0.527500 -0.435563
v -0.280000 0.630000 -0.500000
v -0.322126 0.630000 -0.495929
v -0.358629 0.630000 -0.485469
v -0.386844 0.630000 -0.472313
v -0.407017 0.630000 -0.459629
v -0.420654 0.630000 -0.449164
v -0.429292 0.630000 -0.441592
v -0.434047 0.630000 -0.437065
v -0.280000 0.630000 -0.500000
v -0.140000 0.630000 -0.500000
v 0.000000 0.630000 -0.500000
v 0.140000 0.630000 -0.500000
v 0.280000 0.630000 -0.500000
v 0.322126 0.630000 -0.495929
v 0.358629 0.630000 -0.485469
v 0.386844 0.630000 -0.472313
v 0.407017 0.630000 -0.459629
v 0.420654 0.630000 -0.449164
v 0.429292 0.630000 -0.441592
v 0.434047 0.630000 -0.437065
v 0.435563 0.630000 -0.435563
v -0.280000 0.672126 -0.495929
v -0.321374 0.671374 -0.492076
v -0.357356 0.669436 -0.482141
v -0.385323 0.666985 -0.469576
v -0.405436 0.664608 -0.457393
v -0.419098 0.662637 -0.447292
v -0.427782 0.661206 -0.439958
v -0.432574 0.660349 -0.435563
v -0.280000 0.672126 -0.495929
v -0.140000 0.672126 -0.495929
v 0.000000 0.672126 -0.495929
v 0.140000 0.672126 -0.495929
v 0.280000 0.672126 -0.495929
v 0.321374 0.671374 -0.492076
v 0.357356 0.669436 -0.482141
v 0.385323 0.666985 -0.469576
v 0.405436 0.664608 -0.457393
v 0.419098 0.662637 -0.447292
v 0.427782 0.661206 -0.439958
v 0.432574 0.660349 -0.435563
v 0.434104 0.660064 -0.434104
v -0.280000 0.708629 -0.485469
v -0.319436 0.707356 -0.482141
v -0.354042 0.704042 -0.473482
v -0.381325 0.699794 -0.462379
v -0.401237 0.695613 -0.451454
v -0.414934 0.692103 -0.442284
v -0.423722 0.689532 -0.435563
v -0.428601 0.687981 -0.431512
v -0.280000 0.708629 -0.485469
v -0.140000 0.708629 -0.485469
v 0.000000 0.708629 -0.485469
v 0.140000 0.708629 -0.485469
v 0.280000 0.708629 -0.485469
v 0.319436 0.707356 -0.482141
v 0.354042 0.704042 -0.473482
v 0.381325 0.699794 -0.462379
v 0.401237 0.695613 -0.451454
v 0.414934 0.692103 -0.442284
v 0.423722 0.689532 -0.435563
v 0.428601 0.687981 -0.431512
v 0.430163 0.687465 -0.430163
v -0.280000 0.736844 -0.472313
v -0.316985 0.735323 -0.469576
v -0.349794 0.731325 -0.462379
v -0.376109 0.726109 -0.452992
v -0.395672 0.720883 -0.443585
v -0.409346 0.716426 -0.435563
v -0.418226 0.713121 -0.429614
v -0.423195 0.711113 -0.426000
v -0.280000 0.736844 -0.472313
v -0.140000 0.736844 -0.472313
v 0.000000 0.736844 -0.472313
v 0.140000 0.736844 -0.472313
v 0.280000 0.736844 -0.472313
v 0.316985 0.735323 -0.469576
v 0.349794 0.731325 -0.462379
v 0.376109 0.726109 -0.452992
v 0.395672 0.720883 -0.443585
v 0.409346 0.716426 -0.435563
v 0.418226 0.713121 -0.429614
v 0.423195 0.711113 -0.426000
v 0.424791 0.710442 -0.424791
v -0.280000 0.757017 -0.459629
v -0.314608 0.755436 -0.457393
v -0.345613 0.751237 -0.451454
v -0.370883 0.745672 -0.443585
v -0.390000 0.740000 -0.435563
v -0.403570 0.735088 -0.428617
v -0.412488 0.731402 -0.423404
v -0.417517 0.729145 -0.420212
v -0.280000 0.757017 -0.459629
v -0.140000 0.757017 -0.459629
v 0.000000 0.757017 -0.459629
v 0.140000 0.757017 -0.459629
v 0.280000 0.757017 -0.459629
v 0.314608 0.755436 -0.457393
v 0.345613 0.751237 -0.451454
v 0.370883 0.745672 -0.443585
v 0.390000 0.740000 -0.435563
v 0.403570 0.735088 -0.428617
v 0.412488 0.731402 -0.423404
v 0.417517 0.729145 -0.420212
v 0.419140 0.728387 -0.419140
v -0.280000 0.770654 -0.449164
v -0.312637 0.769098 -0.447292
v -0.342103 0.764934 -0.442284
v -0.366426 0.759346 -0.435563
v -0.385088 0.753570 -0.428617
v -0.398505 0.748505 -0.422524
v -0.407410 0.744666 -0.417907
v -0.412466 0.742299 -0.415061
v -0.280000 0.770654 -0.449164
v -0.140000 0.770654 -0.449164
v 0.000000 0.770654 -0.449164
v 0.140000 0.770654 -0.449164
v 0.280000 0.770654 -0.449164
v 0.312637 0.769098 -0.447292
v 0.342103 0.764934 -0.442284
v 0.366426 0.759346 -0.435563
v 0.385088 0.753570 -0.428617
v 0.398505 0.748505 -0.422524
v 0.407410 0.744666 -0.417907
v 0.412466 0.742299 -0.415061
v 0.414103 0.741503 -0.414103
v -0.280000 0.779292 -0.441592
v -0.311206 0.777782 -0.439958
v -0.339532 0.773722 -0.435563
v -0.363121 0.768226 -0.429614
v -0.381402 0.762488 -0.423404
v -0.394666 0.757410 -0.417907
v -0.403534 0.753534 -0.413712
v -0.408594 0.751133 -0.411113
v -0.280000 0.779292 -0.441592
v -0.140000 0.779292 -0.441592
v 0.000000 0.779292 -0.441592
v 0.140000 0.779292 -0.441592
v 0.280000 0.779292 -0.441592
v 0.311206 0.777782 -0.439958
v 0.339532 0.773722 -0.435563
v 0.363121 0.768226 -0.429614
v 0.381402 0.762488 -0.423404
v 0.394666 0.757410 -0.417907
v 0.403534 0.753534 -0.413712
v 0.408594 0.751133 -0.411113
v 0.410236 0.750322 -0.410236
v -0.280000 0.784047 -0.437065
v -0.310349 0.782574 -0.435563
v -0.337981 0.778601 -0.431512
v -0.361113 0.773195 -0.426000
v -0.379145 0.767517 -0.420212
v -0.392299 0.762466 -0.415061
v -0.401133 0.758594 -0.411113
v -0.406188 0.756188 -0.408660
v -0.280000 0.784047 -0.437065
v -0.140000 0.784047 -0.437065
v 0.000000 0.784047 -0.437065
v 0.140000 0.784047 -0.437065
v 0.280000 0.784047 -0.437065
v 0.310349 0.782574 -0.435563
v 0.337981 0.778601 -0.431512
v 0.361113 0.773195 -0.426000
v 0.379145 0.767517 -0.420212
v 0.392299 0.762466 -0.415061
v 0.401133 0.758594 -0.411113
v 0.406188 0.756188 -0.408660
v 0.407831 0.755374 -0.407831
v -0.280000 0.785563 -0.435563
v -0.310064 0.784104 -0.434104
v -0.337465 0.780163 -0.430163
v -0.360442 0.774791 -0.424791
v -0.378387 0.769140 -0.419140
v -0.391503 0.764103 -0.414103
v -0.400322 0.760236 -0.410236
v -0.405374 0.757831 -0.407831
v -0.280000 0.785563 -0.435563
v -0.140000 0.785563 -0.435563
v 0.000000 0.785563 -0.435563
v 0.140000 0.785563 -0.435563
v 0.280000 0.785563 -0.435563
v 0.310064 0.784104 -0.434104
v 0.337465 0.780163 -0.430163
v 0.360442 0.774791 -0.424791
v 0.378387 0.769140 -0.419140
v 0.391503 0.764103 -0.414103
v 0.400322 0.760236 -0.410236
v 0.405374 0.757831 -0.407831
v 0.407017 0.757017 -0.407017
v 0.435563 0.220000 0.435563
v 0.434047 0.220000 0.437065
v 0.429292 0.220000 0.441592
v 0.420654 0.220000 0.449164
v 0.407017 0.220000 0.459629
v 0.386844 0.220000 0.472313
v 0.358629 0.220000 0.485469
v 0.322126 0.220000 0.495929
v 0.280000 0.220000 0.500000
v 0.140000 0.220000 0.500000
v 0.000000 0.220000 0.500000
v -0.140000 0.220000 0.500000
v -0.280000 0.220000 0.500000
v -0.434047 0.220000 0.437065
v -0.429292 0.220000 0.441592
v -0.420654 0.220000 0.449164
v -0.407017 0.220000 0.459629
v -0.386844 0.220000 0.472313
v -0.358629 0.220000 0.485469
v -0.322126 0.220000 0.495929
v -0.280000 0.220000 0.500000
v 0.434104 0.189936 0.434104
v 0.432574 0.189651 0.435563
v 0.427782 0.188794 0.439958
v 0.419098 0.187363 0.447292
v 0.405436 0.185392 0.457393
v 0.385323 0.183015 0.469576
v 0.357356 0.180564 0.482141
v 0.321374 0.178626 0.492076
v 0.280000 0.177874 0.495929
v 0.140000 0.177874 0.495929
v 0.000000 0.177874 0.495929
v -0.140000 0.177874 0.495929
v -0.280000 0.177874 0.495929
v -0.432574 0.189651 0.435563
v -0.427782 0.188794 0.439958
v -0.419098 0.187363 0.447292
v -0.405436 0.185392 0.457393
v -0.385323 0.183015 0.469576
v -0.357356 0.180564 0.482141
v -0.321374 0.178626 0.492076
v -0.280000 0.177874 0.495929
v 0.430163 0.162535 0.430163
v 0.428601 0.162019 0.431512
v 0.423722 0.160468 0.435563
v 0.414934 0.157897 0.442284
v 0.401237 0.154387 0.451454
v 0.381325 0.150206 0.462379
v 0.354042 0.145958 0.473482
v 0.319436 0.142644 0.482141
v 0.280000 0.141371 0.485469
v 0.140000 0.141371 0.485469
v 0.000000 0.141371 0.485469
v -0.140000 0.141371 0.485469
v -0.280000 0.141371 0.485469
v -0.428601 0.162019 0.431512
v -0.423722 0.160468 0.435563
v -0.414934 0.157897 0.442284
v -0.401237 0.154387 0.451454
v -0.381325 0.150206 0.462379
v -0.354042 0.145958 0.473482
v -0.319436 0.142644 0.482141
v -0.280000 0.141371 0.485469
v 0.424791 0.139558 0.424791
v 0.423195 0.138887 0.426000
v 0.418226 0.136879 0.429614
v 0.409346 0.133574 0.435563
v 0.395672 0.129117 0.443585
v 0.376109 0.123891 0.452992
v 0.349794 0.118675 0.462379
v 0.316985 0.114677 0.469576
v 0.280000 0.113156 0.472313
v 0.140000 0.113156 0.472313
v 0.000000 0.113156 0.472313
v -0.140000 0.113156 0.472313
v -0.280000 0.113156 0.472313
v -0.423195 0.138887 0.426000
v -0.418226 0.136879 0.429614
v -0.409346 0.133574 0.435563
v -0.395672 0.129117 0.443585
v -0.376109 0.123891 0.452992
v -0.349794 0.118675 0.462379
v -0.316985 0.114677 0.469576
v -0.280000 0.113156 0.472313
v 0.419140 0.121613 0.419140
v 0.417517 0.120855 0.420212
v 0.412488 0.118598 0.423404
v 0.403570 0.114912 0.428617
v 0.390000 0.110000 0.435563
v 0.370883 0.104328 0.443585
v 0.345613 0.098763 0.451454
v 0.314608 0.094564 0.457393
v 0.280000 0.092983 0.459629
v 0.140000 0.092983 0.459629
v 0.000000 0.092983 0.459629
v -0.140000 0.092983 0.459629
v -0.280000 0.092983 0.459629
v -0.417517 0.120855 0.420212
v -0.412488 0.118598 0.423404
v -0.403570 0.114912 0.428617
v -0.390000 0.110000 0.435563
v -0.370883 0.104328 0.443585
v -0.345613 0.098763 0.451454
v -0.314608 0.094564 0.457393
v -0.280000 0.092983 0.459629
v 0.414103 0.108497 0.414103
v 0.412466 0.107701 0.415061
v 0.407410 0.105334 0.417907
v 0.398505 0.101495 0.422524
v 0.385088 0.096430 0.428617
v 0.366426 0.090654 0.435563
v 0.342103 0.085066 0.442284
v 0.312637 0.080902 0.447292
v 0.280000 0.079346 0.449164
v 0.140000 0.079346 0.449164
v 0.000000 0.079346 0.449164
v -0.140000 0.079346 0.449164
v -0.280000 0.079346 0.449164
v -0.412466 0.107701 0.415061
v -0.407410 0.105334 0.417907
v -0.398505 0.101495 0.422524
v -0.385088 0.096430 0.428617
v -0.366426 0.090654 0.435563
v -0.342103 0.085066 0.442284
v -0.312637 0.080902 0.447292
v -0.280000 0.079346 0.449164
v 0.410236 0.099678 0.410236
v 0.408594 0.098867 0.411113
v 0.403534 0.096466 0.413712
v 0.394666 0.092590 0.417907
v 0.381402 0.087512 0.423404
v 0.363121 0.081774 0.429614
v 0.339532 0.076278 0.435563
v 0.311206 0.072218 0.439958
v 0.280000 0.070708 0.441592
v 0.140000 0.070708 0.441592
v 0.000000 0.070708 0.441592
v -0.140000 0.070708 0.441592
v -0.280000 0.070708 0.441592
v -0.408594 0.098867 0.411113
v -0.403534 0.096466 0.413712
v -0.394666 0.092590 0.417907
v -0.381402 0.087512 0.423404
v -0.363121 0.081774 0.429614
v -0.339532 0.076278 0.435563
v -0.311206 0.072218 0.439958
v -0.280000 0.070708 0.441592
v 0.407831 0.094626 0.407831
v 0.406188 0.093812 0.408660
v 0.401133 0.091406 0.411113
v 0.392299 0.087534 0.415061
v 0.379145 0.082483 0.420212
v 0.361113 0.076805 0.426000
v 0.337981 0.071399 0.431512
v 0.310349 0.067426 0.435563
v 0.280000 0.065953 0.437065
v 0.140000 0.065953 0.437065
v 0.000000 0.065953 0.437065
v -0.140000 0.065953 0.437065
v -0.280000 0.065953 0.437065
v -0.406188 0.093812 0.408660
v -0.401133 0.091406 0.411113
v -0.392299 0.087534 0.415061
v -0.379145 0.082483 0.420212
v -0.361113 0.076805 0.426000
v -0.337981 0.071399 0.431512
v -0.310349 0.067426 0.435563
v -0.280000 0.065953 0.437065
v 0.435563 0.220000 0.435563
v 0.434047 0.220000 0.437065
v 0.429292 0.220000 0.441592
v 0.420654 0.220000 0.449164
v 0.407017 0.220000 0.459629
v 0.386844 0.220000 0.472313
v 0.358629 0.220000 0.485469
v 0.322126 0.220000 0.495929
v 0.280000 0.220000 0.500000
v 0.140000 0.220000 0.500000
v 0.000000 0.220000 0.500000
v -0.140000 0.220000 0.500000
v -0.280000 0.220000 0.500000
v -0.434047 0.220000 0.437065
v -0.429292 0.220000 0.441592
v -0.420654 0.220000 0.449164
v -0.407017 0.220000 0.459629
v -0.386844 0.220000 0.472313
v -0.358629 0.220000 0.485469
v -0.322126 0.220000 0.495929
v -0.280000 0.220000 0.500000
v 0.435563 0.322500 0.435563
v 0.434047 0.322500 0.437065
v 0.429292 0.322500 0.441592
v 0.420654 0.322500 0.449164
v 0.407017 0.322500 0.459629
v 0.386844 0.322500 0.472313
v 0.358629 0.322500 0.485469
v 0.322126 0.322500 0.495929
v 0.280000 0.322500 0.500000
v 0.140000 0.322500 0.500000
v 0.000000 0.322500 0.500000
v -0.140000 0.322500 0.500000
v -0.280000 0.322500 0.500000
v -0.434047 0.322500 0.437065
v -0.429292 0.322500 0.441592
v -0.420654 0.322500 0.449164
v -0.407017 0.322500 0.459629
v -0.386844 0.322500 0.472313
v -0.358629 0.322500 0.485469
v -0.322126 0.322500 0.495929
v -0.280000 0.322500 0.500000
v 0.435563 0.425000 0.435563
v 0.434047 0.425000 0.437065
v 0.429292 0.425000 0.441592
v 0.420654 0.425000 0.449164
v 0.407017 0.425000 0.459629
v 0.386844 0.425000 0.472313
v 0.358629 0.425000 0.485469
v 0.322126 0.425000 0.495929
v 0.280000 0.425000 0.500000
v 0.140000 0.425000 0.500000
v 0.000000 0.425000 0.500000
v -0.140000 0.425000 0.500000
v -0.280000 0.425000 0.500000
v -0.434047 0.425000 0.437065
v -0.429292 0.425000 0.441592
v -0.420654 0.425000 0.449164
v -0.407017 0.425000 0.459629
v -0.386844 0.425000 0.472313
v -0.358629 0.425000 0.485469
v -0.322126 0.425000 0.495929
v -0.280000 0.425000 0.500000
v 0.435563 0.527500 0.435563
v 0.434047 0.527500 0.437065
v 0.429292 0.527500 0.441592
v 0.420654 0.527500 0.449164
v 0.407017 0.527500 0.459629
v 0.386844 0.527500 0.472313
v 0.358629 0.527500 0.485469
v 0.322126 0.527500 0.495929
v 0.280000 0.527500 0.500000
v 0.140000 0.527500 0.500000
v 0.000000 0.527500 0.500000
v -0.140000 0.527500 0.500000
v -0.280000 0.527500 0.500000
v -0.434047 0.527500 0.437065
v -0.429292 0.527500 0.441592
v -0.420654 0.527500 0.449164
v -0.407017 0.527500 0.459629
v -0.386844 0.527500 0.472313
v -0.358629 0.527500 0.485469
v -0.322126 0.527500 0.495929
v -0.280000 0.527500 0.500000
v 0.435563 0.630000 0.435563
v 0.434047 0.630000 0.437065
v 0.429292 0.630000 0.441592
v 0.420654 0.630000 0.449164
v 0.407017 0.630000 0.459629
v 0.386844 0.630000 0.472313
v 0.358629 0.630000 0.485469
v 0.322126 0.630000 0.495929
v 0.280000 0.630000 0.500000
v 0.140000 0.630000 0.500000
v 0.000000 0.630000 0.500000
v -0.140000 0.630000 0.500000
v -0.280000 0.630000 0.500000
v -0.434047 0.630000 0.437065
v -0.429292 0.630000 0.441592
v -0.420654 0.630000 0.449164
v -0.407017 0.630000 0.459629
v -0.386844 0.630000 0.472313
v -0.358629 0.630000 0.485469
v -0.322126 0.630000 0.495929
v -0.280000 0.630000 0.500000
v 0.434104 0.660064 0.434104
v 0.432574 0.660349 0.435563
v 0.427782 0.661206 0.439958
v 0.419098 0.662637 0.447292
v 0.405436 0.664608 0.457393
v 0.385323 0.666985 0.469576
v 0.357356 0.669436 0.482141
v 0.321374 0.671374 0.492076
v 0.280000 0.672126 0.495929
v 0.140000 0.672126 0.495929
v 0.000000 0.672126 0.495929
v -0.140000 0.672126 0.495929
v -0.280000 0.672126 0.495929
v -0.432574 0.660349 0.435563
v -0.427782 0.661206 0.439958
v -0.419098 0.662637 0.447292
v -0.405436 0.664608 0.457393
v -0.385323 0.666985 0.469576
v -0.357356 0.669436 0.482141
v -0.321374 0.671374 0.492076
v -0.280000 0.672126 0.495929
v 0.430163 0.687465 0.430163
v 0.428601 0.687981 0.431512
v 0.423722 0.689532 0.435563
v 0.414934 0.692103 0.442284
v 0.401237 0.695613 0.451454
v 0.381325 0.699794 0.462379
v 0.354042 0.704042 0.473482
v 0.319436 0.707356 0.482141
v 0.280000 0.708629 0.485469
v 0.140000 0.708629 0.485469
v 0.000000 0.708629 0.485469
v -0.140000 0.708629 0.485469
v -0.280000 0.708629 0.485469
v -0.428601 0.687981 0.431512
v -0.423722 0.689532 0.435563
v -0.414934 0.692103 0.442284
v -0.401237 0.695613 0.451454
v -0.381325 0.699794 0.462379
v -0.354042 0.704042 0.473482
v -0.319436 0.707356 0.482141
v -0.280000 0.708629 0.485469
v 0.424791 0.710442 0.424791
v 0.423195 0.711113 0.426000
v 0.418226 0.713121 0.429614
v 0.409346 0.716426 0.435563
v 0.395672 0.720883 0.443585
v 0.376109 0.726109 0.452992
v 0.349794 0.731325 0.462379
v 0.316985 0.735323 0.469576
v 0.280000 0.736844 0.472313
v 0.140000 0.736844 0.472313
v 0.000000 0.736844 0.472313
v -0.140000 0.736844 0.472313
v -0.280000 0.736844 0.472313
v -0.423195 0.711113 0.426000
v -0.418226 0.713121 0.429614
v -0.409346 0.716426 0.435563
v -0.395672 0.720883 0.443585
v -0.376109 0.726109 0.452992
v -0.349794 0.731325 0.462379
v -0.316985 0.735323 0.469576
v -0.280000 0.736844 0.472313
v 0.419140 0.728387 0.419140
v 0.417517 0.729145 0.420212
v 0.412488 0.731402 0.423404
v 0.403570 0.735088 0.428617
v 0.390000 0.740000 0.435563
v 0.370883 0.745672 0.443585
v 0.345613 0.751237 0.451454
v 0.314608 0.755436 0.457393
v 0.280000 0.757017 0.459629
v 0.140000 0.757017 0.459629
v 0.000000 0.757017 0.459629
v -0.140000 0.757017 0.459629
v -0.280000 0.757017 0.459629
v -0.417517 0.729145 0.420212
v -0.412488 0.731402 0.423404
v -0.403570 0.735088 0.428617
v -0.390000 0.740000 0.435563
v -0.370883 0.745672 0.443585
v -0.345613 0.751237 0.451454
v -0.314608 0.755436 0.457393
v -0.280000 0.757017 0.459629
v 0.414103 0.741503 0.414103
v 0.412466 0.742299 0.415061
v 0.407410 0.744666 0.417907
v 0.398505 0.748505 0.422524
v 0.385088 0.753570 0.428617
v 0.366426 0.759346 0.435563
v 0.342103 0.764934 0.442284
v 0.312637 0.769098 0.447292
v 0.280000 0.770654 0.449164
v 0.140000 0.770654 0.449164
v 0.000000 0.770654 0.449164
v -0.140000 0.770654 0.449164
v -0.280000 0.770654 0.449164
v -0.412466 0.742299 0.415061
v -0.407410 0.744666 0.417907
v -0.398505 0.748505 0.422524
v -0.385088 0.753570 0.428617
v -0.366426 0.759346 0.435563
v -0.342103 0.764934 0.442284
v -0.312637 0.769098 0.447292
v -0.280000 0.770654 0.449164
v 0.410236 0.750322 0.410236
v 0.408594 0.751133 0.411113
v 0.403534 0.753534 0.413712
v 0.394666 0.757410 0.417907
v 0.381402 0.762488 0.423404
v 0.363121 0.768226 0.429614
v 0.339532 0.773722 0.435563
v 0.311206 0.777782 0.439958
v 0.280000 0.779292 0.441592
v 0.140000 0.779292 0.441592
v 0.000000 0.779292 0.441592
v -0.140000 0.779292 0.441592
v -0.280000 0.779292 0.441592
v -0.408594 0.751133 0.411113
v -0.403534 0.753534 0.413712
v -0.394666 0.757410 0.417907
v -0.381402 0.762488 0.423404
v -0.363121 0.768226 0.429614
v -0.339532 0.773722 0.435563
v -0.311206 0.777782 0.439958
v -0.280000 0.779292 0.441592
v 0.407831 0.755374 0.407831
v 0.406188 0.756188 0.408660
v 0.401133 0.758594 0.411113
v 0.392299 0.762466 0.415061
v 0.379145 0.767517 0.420212
v 0.361113 0.773195 0.426000
v 0.337981 0.778601 0.431512
v 0.310349 0.782574 0.435563
v 0.280000 0.784047 0.437065
v 0.140000 0.784047 0.437065
v 0.000000 0.784047 0.437065
v -0.140000 0.784047 0.437065
v -0.280000 0.784047 0.437065
v -0.406188 0.756188 0.408660
v -0.401133 0.758594 0.411113
v -0.392299 0.762466 0.415061
v -0.379145 0.767517 0.420212
v -0.361113 0.773195 0.426000
v -0.337981 0.778601 0.431512
v -0.310349 0.782574 0.435563
v -0.280000 0.784047 0.437065
v 0.407017 0.757017 0.407017
v 0.405374 0.757831 0.407831
v 0.400322 0.760236 0.410236
v 0.391503 0.764103 0.414103
v 0.378387 0.769140 0.419140
v 0.360442 0.774791 0.424791
v 0.337465 0.780163 0.430163
v 0.310064 0.784104 0.434104
v 0.280000 0.785563 0.435563
v 0.140000 0.785563 0.435563
v 0.000000 0.785563 0.435563
v -0.140000 0.785563 0.435563
v -0.280000 0.785563 0.435563
v -0.405374 0.757831 0.407831
v -0.400322 0.760236 0.410236
v -0.391503 0.764103 0.414103
v -0.378387 0.769140 0.419140
v -0.360442 0.774791 0.424791
v -0.337465 0.780163 0.430163
v -0.310064 0.784104 0.434104
v -0.280000 0.785563 0.435563
v 0.500000 0.220000 -0.280000
v 0.495929 0.220000 -0.322126
v 0.485469 0.220000 -0.358629
v 0.472313 0.220000 -0.386844
v 0.459629 0.220000 -0.407017
v 0.449164 0.220000 -0.420654
v 0.441592 0.220000 -0.429292
v 0.437065 0.220000 -0.434047
v 0.500000 0.220000 -0.280000
v 0.500000 0.220000 -0.140000
v 0.500000 0.220000 0.000000
v 0.500000 0.220000 0.140000
v 0.500000 0.220000 0.280000
v 0.495929 0.220000 0.322126
v 0.485469 0.220000 0.358629
v 0.472313 0.220000 0.386844
v 0.459629 0.220000 0.407017
v 0.449164 0.220000 0.420654
v 0.441592 0.220000 0.429292
v 0.437065 0.220000 0.434047
v 0.435563 0.220000 0.435563
v 0.495929 0.177874 -0.280000
v 0.492076 0.178626 -0.321374
v 0.482141 0.180564 -0.357356
v 0.469576 0.183015 -0.385323
v 0.457393 0.185392 -0.405436
v 0.447292 0.187363 -0.419098
v 0.439958 0.188794 -0.427782
v 0.435563 0.189651 -0.432574
v 0.495929 0.177874 -0.280000
v 0.495929 0.177874 -0.140000
v 0.495929 0.177874 0.000000
v 0.495929 0.177874 0.140000
v 0.495929 0.177874 0.280000
v 0.492076 0.178626 0.321374
v 0.482141 0.180564 0.357356
v 0.469576 0.183015 0.385323
v 0.457393 0.185392 0.405436
v 0.447292 0.187363 0.419098
v 0.439958 0.188794 0.427782
v 0.435563 0.189651 0.432574
v 0.434104 0.189936 0.434104
v 0.485469 0.141371 -0.280000
v 0.482141 0.142644 -0.319436
v 0.473482 0.145958 -0.354042
v 0.462379 0.150206 -0.381325
v 0.451454 0.154387 -0.401237
v 0.442284 0.157897 -0.414934
v 0.435563 0.160468 -0.423722
v 0.431512 0.162019 -0.428601
v 0.485469 0.141371 -0.280000
v 0.485469 0.141371 -0.140000
v 0.485469 0.141371 0.000000
v 0.485469 0.141371 0.140000
v 0.485469 0.141371 0.280000
v 0.482141 0.142644 0.319436
v 0.473482 0.145958 0.354042
v 0.462379 0.150206 0.381325
v 0.451454 0.154387 0.401237
v 0.442284 0.157897 0.414934
v 0.435563 0.160468 0.423722
v 0.431512 0.162019 0.428601
v 0.430163 0.162535 0.430163
v 0.472313 0.113156 -0.280000
v 0.469576 0.114677 -0.316985
v 0.462379 0.118675 -0.349794
v 0.452992 0.123891 -0.376109
v 0.443585 0.129117 -0.395672
v 0.435563 0.133574 -0.409346
v 0.429614 0.136879 -0.418226
v 0.426000 0.138887 -0.423195
v 0.472313 0.113156 -0.280000
v 0.472313 0.113156 -0.140000
v 0.472313 0.113156 0.000000
v 0.472313 0.113156 0.140000
v 0.472313 0.113156 0.280000
v 0.469576 0.114677 0.316985
v 0.462379 0.118675 0.349794
v 0.452992 0.123891 0.376109
v 0.443585 0.129117 0.395672
v 0.435563 0.133574 0.409346
v 0.429614 0.136879 0.418226
v 0.426000 0.138887 0.423195
v 0.424791 0.139558 0.424791
v 0.459629 0.092983 -0.280000
v 0.457393 0.094564 -0.314608
v 0.451454 0.098763 -0.345613
v 0.443585 0.104328 -0.370883
v 0.435563 0.110000 -0.390000
v 0.428617 0.114912 -0.403570
v 0.423404 0.118598 -0.412488
v 0.420212 0.120855 -0.417517
v 0.459629 0.092983 -0.280000
v 0.459629 0.092983 -0.140000
v 0.459629 0.092983 0.000000
v 0.459629 0.092983 0.140000
v 0.459629 0.092983 0.280000
v 0.457393 0.094564 0.314608
v 0.451454 0.098763 0.345613
v 0.443585 0.104328 0.370883
v 0.435563 0.110000 0.390000
v 0.428617 0.114912 0.403570
v 0.423404 0.118598 0.412488
v 0.420212 0.120855 0.417517
v 0.419140 0.121613 0.419140
v 0.449164 0.079346 -0.280000
v 0.447292 0.080902 -0.312637
v 0.442284 0.085066 -0.342103
v 0.435563 0.090654 -0.366426
v 0.428617 0.096430 -0.385088
v 0.422524 0.101495 -0.398505
v 0.417907 0.105334 -0.407410
v 0.415061 0.107701 -0.412466
v 0.449164 0.079346 -0.280000
v 0.449164 0.079346 -0.140000
v 0.449164 0.079346 0.000000
v 0.449164 0.079346 0.140000
v 0.449164 0.079346 0.280000
v 0.447292 0.080902 0.312637
v 0.442284 0.085066 0.342103
v 0.435563 0.090654 0.366426
v 0.428617 0.096430 0.385088
v 0.422524 0.101495 0.398505
v 0.417907 0.105334 0.407410
v 0.415061 0.107701 0.412466
v 0.414103 0.108497 0.414103
v 0.441592 0.070708 -0.280000
v 0.439958 0.072218 -0.311206
v 0.435563 0.076278 -0.339532
v 0.429614 0.081774 -0.363121
v 0.423404 0.087512 -0.381402
v 0.417907 0.092590 -0.394666
v 0.413712 0.096466 -0.403534
v 0.411113 0.098867 -0.408594
v 0.441592 0.070708 -0.280000
v 0.441592 0.070708 -0.140000
v 0.441592 0.070708 0.000000
v 0.441592 0.070708 0.140000
v 0.441592 0.070708 0.280000
v 0.439958 0.072218 0.311206
v 0.435563 0.076278 0.339532
v 0.429614 0.081774 0.363121
v 0.423404 0.087512 0.381402
v 0.417907 0.092590 0.394666
v 0.413712 0.096466 0.403534
v 0.411113 0.098867 0.408594
v 0.410236 0.099678 0.410236
v 0.437065 0.065953 -0.280000
v 0.435563 0.067426 -0.310349
v 0.431512 0.071399 -0.337981
v 0.426000 0.076805 -0.361113
v 0.420212 0.082483 -0.379145
v 0.415061 0.087534 -0.392299
v 0.411113 0.091406 -0.401133
v 0.408660 0.093812 -0.406188
v 0.437065 0.065953 -0.280000
v 0.437065 0.065953 -0.140000
v 0.437065 0.065953 0.000000
v 0.437065 0.065953 0.140000
v 0.437065 0.065953 0.280000
v 0.435563 0.067426 0.310349
v 0.431512 0.071399 0.337981
v 0.426000 0.076805 0.361113
v 0.420212 0.082483 0.379145
v 0.415061 0.087534 0.392299
v 0.411113 0.091406 0.401133
v 0.408660 0.093812 0.406188
v 0.407831 0.094626 0.407831
v 0.500000 0.220000 -0.280000
v 0.495929 0.220000 -0.322126
v 0.485469 0.220000 -0.358629
v 0.472313 0.220000 -0.386844
v 0.459629 0.220000 -0.407017
v 0.449164 0.220000 -0.420654
v 0.441592 0.220000 -0.429292
v 0.437065 0.220000 -0.434047
v 0.500000 0.220000 -0.280000
v 0.500000 0.220000 -0.140000
v 0.500000 0.220000 0.000000
v 0.500000 0.220000 0.140000
v 0.500000 0.220000 0.280000
v 0.495929 0.220000 0.322126
v 0.485469 0.220000 0.358629
v 0.472313 0.220000 0.386844
v 0.459629 0.220000 0.407017
v 0.449164 0.220000 0.420654
v 0.441592 0.220000 0.429292
v 0.437065 0.220000 0.434047
v 0.435563 0.220000 0.435563
v 0.500000 0.322500 -0.280000
v 0.495929 0.322500 -0.322126
v 0.485469 0.322500 -0.358629
v 0.472313 0.322500 -0.386844
v 0.459629 0.322500 -0.407017
v 0.449164 0.322500 -0.420654
v 0.441592 0.322500 -0.429292
v 0.437065 0.322500 -0.434047
v 0.500000 0.322500 -0.280000
v 0.500000 0.322500 -0.140000
v 0.500000 0.322500 0.000000
v 0.500000 0.322500 0.140000
v 0.500000 0.322500 0.280000
v 0.495929 0.322500 0.322126
v 0.485469 0.322500 0.358629
v 0.472313 0.322500 0.386844
v 0.459629 0.322500 0.407017
v 0.449164 0.322500 0.420654
v 0.441592 0.322500 0.429292
v 0.437065 0.322500 0.434047
v 0.435563 0.322500 0.435563
v 0.500000 0.425000 -0.280000
v 0.495929 0.425000 -0.322126
v 0.485469 0.425000 -0.358629
v 0.472313 0.425000 -0.386844
v 0.459629 0.425000 -0.407017
v 0.449164 0.425000 -0.420654
v 0.441592 0.425000 -0.429292
v 0.437065 0.425000 -0.434047
v 0.500000 0.425000 -0.280000
v 0.500000 0.425000 -0.140000
v 0.500000 0.425000 0.000000
v 0.500000 0.425000 0.140000
v 0.500000 0.425000 0.280000
v 0.495929 0.425000 0.322126
v 0.485469 0.425000 0.358629
v 0.472313 0.425000 0.386844
v 0.459629 0.425000 0.407017
v 0.449164 0.425000 0.420654
v 0.441592 0.425000 0.429292
v 0.437065 0.425000 0.434047
v 0.435563 0.425000 0.435563
v 0.500000 0.527500 -0.280000
v 0.495929 0.527500 -0.322126
v 0.485469 0.527500 -0.358629
v 0.472313 0.527500 -0.386844
v 0.459629 0.527500 -0.407017
v 0.449164 0.527500 -0.420654
v 0.441592 0.527500 -0.429292
v 0.437065 0.527500 -0.434047
v 0.500000 0.527500 -0.280000
v 0.500000 0.527500 -0.140000
v 0.500000 0.527500 0.000000
v 0.500000 0.527500 0.140000
v 0.500000 0.527500 0.280000
v 0.495929 0.527500 0.322126
v 0.485469 0.527500 0.358629
v 0.472313 0.527500 0.386844
v 0.459629 0.527500 0.407017
v 0.449164 0.527500 0.420654
v 0.441592 0.527500 0.429292
v 0.437065 0.527500 0.434047
v 0.435563 0.527500 0.435563
v 0.500000 0.630000 -0.280000
v 0.495929 0.630000 -0.322126
v 0.485469 0.630000 -0.358629
v 0.472313 0.630000 -0.386844
v 0.459629 0.630000 -0.407017
v 0.449164 0.630000 -0.420654
v 0.441592 0.630000 -0.429292
v 0.437065 0.630000 -0.434047
v 0.500000 0.630000 -0.280000
v 0.500000 0.630000 -0.140000
v 0.500000 0.630000 0.000000
v 0.500000 0.630000 0.140000
v 0.500000 0.630000 0.280000
v 0.495929 0.630000 0.322126
v 0.485469 0.630000 0.358629
v 0.472313 0.630000 0.386844
v 0.459629 0.630000 0.407017
v 0.449164 0.630000 0.420654
v 0.441592 0.630000 0.429292
v 0.437065 0.630000 0.434047
v 0.435563 0.630000 0.435563
v 0.495929 0.672126 -0.280000
v 0.492076 0.671374 -0.321374
v 0.482141 0.669436 -0.357356
v 0.469576 0.666985 -0.385323
v 0.457393 0.664608 -0.405436
v 0.447292 0.662637 -0.419098
v 0.439958 0.661206 -0.427782
v 0.435563 0.660349 -0.432574
v 0.495929 0.672126 -0.280000
v 0.495929 0.672126 -0.140000
v 0.495929 0.672126 0.000000
v 0.495929 0.672126 0.140000
v 0.495929 0.672126 0.280000
v 0.492076 0.671374 0.321374
v 0.482141 0.669436 0.357356
v 0.469576 0.666985 0.385323
v 0.457393 0.664608 0.405436
v 0.447292 0.662637 0.419098
v 0.439958 0.661206 0.427782
v 0.435563 0.660349 0.432574
v 0.434104 0.660064 0.434104
v 0.485469 0.708629 -0.280000
v 0.482141 0.707356 -0.319436
v 0.473482 0.704042 -0.354042
v 0.462379 0.699794 -0.381325
v 0.451454 0.695613 -0.401237
v 0.442284 0.692103 -0.414934
v 0.435563 0.689532 -0.423722
v 0.431512 0.687981 -0.428601
v 0.485469 0.708629 -0.280000
v 0.485469 0.708629 -0.140000
v 0.485469 0.708629 0.000000
v 0.485469 0.708629 0.140000
v 0.485469 0.708629 0.280000
v 0.482141 0.707356 0.319436
v 0.473482 0.704042 0.354042
v 0.462379 0.699794 0.381325
v 0.451454 0.695613 0.401237
v 0.442284 0.692103 0.414934
v 0.435563 0.689532 0.423722
v 0.431512 0.687981 0.428601
v 0.430163 0.687465 0.430163
v 0.472313 0.736844 -0.280000
v 0.469576 0.735323 -0.316985
v 0.462379 0.731325 -0.349794
v 0.452992 0.726109 -0.376109
v 0.443585 0.720883 -0.395672
v 0.435563 0.716426 -0.409346
v 0.429614 0.713121 -0.418226
v 0.426000 0.711113 -0.423195
v 0.472313 0.736844 -0.280000
v 0.472313 0.736844 -0.140000
v 0.472313 0.736844 0.000000
v 0.472313 0.736844 0.140000
v 0.472313 0.736844 0.280000
v 0.469576 0.735323 0.316985
v 0.462379 0.731325 0.349794
v 0.452992 0.726109 0.376109
v 0.443585 0.720883 0.395672
v 0.435563 0.716426 0.409346
v 0.429614 0.713121 0.418226
v 0.426000 0.711113 0.423195
v 0.424791 0.710442 0.424791
v 0.459629 0.757017 -0.280000
v 0.457393 0.755436 -0.314608
v 0.451454 0.751237 -0.345613
v 0.443585 0.745672 -0.370883
v 0.435563 0.740000 -0.390000
v 0.428617 0.735088 -0.403570
v 0.423404 0.731402 -0.412488
v 0.420212 0.729145 -0.417517
v 0.459629 0.757017 -0.280000
v 0.459629 0.757017 -0.140000
v 0.459629 0.757017 0.000000
v 0.459629 0.757017 0.140000
v 0.459629 0.757017 0.280000
v 0.457393 0.755436 0.314608
v 0.451454 0.751237 0.345613
v 0.443585 0.745672 0.370883
v 0.435563 0.740000 0.390000
v 0.428617 0.735088 0.403570
v 0.423404 0.731402 0.412488
v 0.420212 0.729145 0.417517
v 0.419140 0.728387 0.419140
v 0.449164 0.770654 -0.280000
v 0.447292 0.769098 -0.312637
v 0.442284 0.764934 -0.342103
v 0.435563 0.759346 -0.366426
v 0.428617 0.753570 -0.385088
v 0.422524 0.748505 -0.398505
v 0.417907 0.744666 -0.407410
v 0.415061 0.742299 -0.412466
v 0.449164 0.770654 -0.280000
v 0.449164 0.770654 -0.140000
v 0.449164 0.770654 0.000000
v 0.449164 0.770654 0.140000
v 0.449164 0.770654 0.280000
v 0.447292 0.769098 0.312637
v 0.442284 0.764934 0.342103
v 0.435563 0.759346 0.366426
v 0.428617 0.753570 0.385088
v 0.422524 0.748505 0.398505
v 0.417907 0.744666 0.407410
v 0.415061 0.742299 0.412466
v 0.414103 0.741503 0.414103
v 0.441592 0.779292 -0.280000
v 0.439958 0.777782 -0.311206
v 0.435563 0.773722 -0.339532
v 0.429614 0.768226 -0.363121
v 0.423404 0.762488 -0.381402
v 0.417907 0.757410 -0.394666
v 0.413712 0.753534 -0.403534
v 0.411113 0.751133 -0.408594
v 0.441592 0.779292 -0.280000
v 0.441592 0.779292 -0.140000
v 0.441592 0.779292 0.000000
v 0.441592 0.779292 0.140000
v 0.441592 0.779292 0.280000
v 0.439958 0.777782 0.311206
v 0.435563 0.773722 0.339532
v 0.429614 0.768226 0.363121
v 0.423404 0.762488 0.381402
v 0.417907 0.757410 0.394666
v 0.413712 0.753534 0.403534
v 0.411113 0.751133 0.408594
v 0.410236 0.750322 0.410236
v 0.437065 0.784047 -0.280000
v 0.435563 0.782574 -0.310349
v 0.431512 0.778601 -0.337981
v 0.426000 0.773195 -0.361113
v 0.420212 0.767517 -0.379145
v 0.415061 0.762466 -0.392299
v 0.411113 0.758594 -0.401133
v 0.408660 0.756188 -0.406188
v 0.437065 0.784047 -0.280000
v 0.437065 0.784047 -0.140000
v 0.437065 0.784047 0.000000
v 0.437065 0.784047 0.140000
v 0.437065 0.784047 0.280000
v 0.435563 0.782574 0.310349
v 0.431512 0.778601 0.337981
v 0.426000 0.773195 0.361113
v 0.420212 0.767517 0.379145
v 0.415061 0.762466 0.392299
v 0.411113 0.758594 0.401133
v 0.408660 0.756188 0.406188
v 0.407831 0.755374 0.407831
v 0.435563 0.785563 -0.280000
v 0.434104 0.784104 -0.310064
v 0.430163 0.780163 -0.337465
v 0.424791 0.774791 -0.360442
v 0.419140 0.769140 -0.378387
v 0.414103 0.764103 -0.391503
v 0.410236 0.760236 -0.400322
v 0.407831 0.757831 -0.405374
v 0.435563 0.785563 -0.280000
v 0.435563 0.785563 -0.140000
v 0.435563 0.785563 0.000000
v 0.435563 0.785563 0.140000
v 0.435563 0.785563 0.280000
v 0.434104 0.784104 0.310064
v 0.430163 0.780163 0.337465
v 0.424791 0.774791 0.360442
v 0.419140 0.769140 0.378387
v 0.414103 0.764103 0.391503
v 0.410236 0.760236 0.400322
v 0.407831 0.757831 0.405374
v 0.407017 0.757017 0.407017
v -0.435563 0.220000 0.435563
v -0.437065 0.220000 0.434047
v -0.441592 0.220000 0.429292
v -0.449164 0.220000 0.420654
v -0.459629 0.220000 0.407017
v -0.472313 0.220000 0.386844
v -0.485469 0.220000 0.358629
v -0.495929 0.220000 0.322126
v -0.500000 0.220000 0.280000
v -0.500000 0.220000 0.140000
v -0.500000 0.220000 0.000000
v -0.500000 0.220000 -0.140000
v -0.500000 0.220000 -0.280000
v -0.437065 0.220000 -0.434047
v -0.441592 0.220000 -0.429292
v -0.449164 0.220000 -0.420654
v -0.459629 0.220000 -0.407017
v -0.472313 0.220000 -0.386844
v -0.485469 0.220000 -0.358629
v -0.495929 0.220000 -0.322126
v -0.500000 0.220000 -0.280000
v -0.434104 0.189936 0.434104
v -0.435563 0.189651 0.432574
v -0.439958 0.188794 0.427782
v -0.447292 0.187363 0.419098
v -0.457393 0.185392 0.405436
v -0.469576 0.183015 0.385323
v -0.482141 0.180564 0.357356
v -0.492076 0.178626 0.321374
v -0.495929 0.177874 0.280000
v -0.495929 0.177874 0.140000
v -0.495929 0.177874 0.000000
v -0.495929 0.177874 -0.140000
v -0.495929 0.177874 -0.280000
v -0.435563 0.189651 -0.432574
v -0.439958 0.188794 -0.427782
v -0.447292 0.187363 -0.419098
v -0.457393 0.185392 -0.405436
v -0.469576 0.183015 -0.385323
v -0.482141 0.180564 -0.357356
v -0.492076 0.178626 -0.321374
v -0.495929 0.177874 -0.280000
v -0.430163 0.162535 0.430163
v -0.431512 0.162019 0.428601
v -0.435563 0.160468 0.423722
v -0.442284 0.157897 0.414934
v -0.451454 0.154387 0.401237
v -0.462379 0.150206 0.381325
v -0.473482 0.145958 0.354042
v -0.482141 0.142644 0.319436
v -0.485469 0.141371 0.280000
v -0.485469 0.141371 0.140000
v -0.485469 0.141371 0.000000
v -0.485469 0.141371 -0.140000
v -0.485469 0.141371 -0.280000
v -0.431512 0.162019 -0.428601
v -0.435563 0.160468 -0.423722
v -0.442284 0.157897 -0.414934
v -0.451454 0.154387 -0.401237
v -0.462379 0.150206 -0.381325
v -0.473482 0.145958 -0.354042
v -0.482141 0.142644 -0.319436
v -0.485469 0.141371 -0.280000
v -0.424791 0.139558 0.424791
v -0.426000 0.138887 0.423195
v -0.429614 0.136879 0.418226
v -0.435563 0.133574 0.409346
v -0.443585 0.129117 0.395672
v -0.452992 0.123891 0.376109
v -0.462379 0.118675 0.349794
v -0.469576 0.114677 0.316985
v -0.472313 0.113156 0.280000
v -0.472313 0.113156 0.140000
v -0.472313 0.113156 0.000000
v -0.472313 0.113156 -0.140000
v -0.472313 0.113156 -0.280000
v -0.426000 0.138887 -0.423195
v -0.429614 0.136879 -0.418226
v -0.435563 0.133574 -0.409346
v -0.443585 0.129117 -0.395672
v -0.452992 0.123891 -0.376109
v -0.462379 0.118675 -0.349794
v -0.469576 0.114677 -0.316985
v -0.472313 0.113156 -0.280000
v -0.419140 0.121613 0.419140
v -0.420212 0.120855 0.417517
v -0.423404 0.118598 0.412488
v -0.428617 0.114912 0.403570
v -0.435563 0.110000 0.390000
v -0.443585 0.104328 0.370883
v -0.451454 0.098763 0.345613
v -0.457393 0.094564 0.314608
v -0.459629 0.092983 0.280000
v -0.459629 0.092983 0.140000
v -0.459629 0.092983 0.000000
v -0.459629 0.092983 -0.140000
v -0.459629 0.092983 -0.280000
v -0.420212 0.120855 -0.417517
v -0.423404 0.118598 -0.412488
v -0.428617 0.114912 -0.403570
v -0.435563 0.110000 -0.390000
v -0.443585 0.104328 -0.370883
v -0.451454 0.098763 -0.345613
v -0.457393 0.094564 -0.314608
v -0.459629 0.092983 -0.280000
v -0.414103 0.108497 0.414103
v -0.415061 0.107701 0.412466
v -0.417907 0.105334 0.407410
v -0.422524 0.101495 0.398505
v -0.428617 0.096430 0.385088
v -0.435563 0.090654 0.366426
v -0.442284 0.085066 0.342103
v -0.447292 0.080902 0.312637
v -0.449164 0.079346 0.280000
v -0.449164 0.079346 0.140000
v -0.449164 0.079346 0.000000
v -0.449164 0.079346 -0.140000
v -0.449164 0.079346 -0.280000
v -0.415061 0.107701 -0.412466
v -0.417907 0.105334 -0.407410
v -0.422524 0.101495 -0.398505
v -0.428617 0.096430 -0.385088
v -0.435563 0.090654 -0.366426
v -0.442284 0.085066 -0.342103
v -0.447292 0.080902 -0.312637
v -0.449164 0.079346 -0.280000
v -0.410236 0.099678 0.410236
v -0.411113 0.098867 0.408594
v -0.413712 0.096466 0.403534
v -0.417907 0.092590 0.394666
v -0.423404 0.087512 0.381402
v -0.429614 0.081774 0.363121
v -0.435563 0.076278 0.339532
v -0.439958 0.072218 0.311206
v -0.441592 0.070708 0.280000
v -0.441592 0.070708 0.140000
v -0.441592 0.070708 0.000000
v -0.441592 0.070708 -0.140000
v -0.441592 0.070708 -0.280000
v -0.411113 0.098867 -0.408594
v -0.413712 0.096466 -0.403534
v -0.417907 0.092590 -0.394666
v -0.423404 0.087512 -0.381402
v -0.429614 0.081774 -0.363121
v -0.435563 0.076278 -0.339532
v -0.439958 0.072218 -0.311206
v -0.441592 0.070708 -0.280000
v -0.407831 0.094626 0.407831
v -0.408660 0.093812 0.406188
v -0.411113 0.091406 0.401133
v -0.415061 0.087534 0.392299
v -0.420212 0.082483 0.379145
v -0.426000 0.076805 0.361113
v -0.431512 0.071399 0.337981
v -0.435563 0.067426 0.310349
v -0.437065 0.065953 0.280000
v -0.437065 0.065953 0.140000
v -0.437065 0.065953 0.000000
v -0.437065 0.065953 -0.140000
v -0.437065 0.065953 -0.280000
v -0.408660 0.093812 -0.406188
v -0.411113 0.091406 -0.401133
v -0.415061 0.087534 -0.392299
v -0.420212 0.082483 -0.379145
v -0.426000 0.076805 -0.361113
v -0.431512 0.071399 -0.337981
v -0.435563 0.067426 -0.310349
v -0.437065 0.065953 -0.280000
v -0.435563 0.220000 0.435563
v -0.437065 0.220000 0.434047
v -0.441592 0.220000 0.429292
v -0.449164 0.220000 0.420654
v -0.459629 0.220000 0.407017
v -0.472313 0.220000 0.386844
v -0.485469 0.220000 0.358629
v -0.495929 0.220000 0.322126
v -0.500000 0.220000 0.280000
v -0.500000 0.220000 0.140000
v -0.500000 0.220000 0.000000
v -0.500000 0.220000 -0.140000
v -0.500000 0.220000 -0.280000
v -0.437065 0.220000 -0.434047
v -0.441592 0.220000 -0.429292
v -0.449164 0.220000 -0.420654
v -0.459629 0.220000 -0.407017
v -0.472313 0.220000 -0.386844
v -0.485469 0.220000 -0.358629
v -0.495929 0.220000 -0.322126
v -0.500000 0.220000 -0.280000
v -0.435563 0.322500 0.435563
v -0.437065 0.322500 0.434047
v -0.441592 0.322500 0.429292
v -0.449164 0.322500 0.420654
v -0.459629 0.322500 0.407017
v -0.472313 0.322500 0.386844
v -0.485469 0.322500 0.358629
v -0.495929 0.322500 0.322126
v -0.500000 0.322500 0.280000
v -0.500000 0.322500 0.140000
v -0.500000 0.322500 0.000000
v -0.500000 0.322500 -0.140000
v -0.500000 0.322500 -0.280000
v -0.437065 0.322500 -0.434047
v -0.441592 0.322500 -0.429292
v -0.449164 0.322500 -0.420654
v -0.459629 0.322500 -0.407017
v -0.472313 0.322500 -0.386844
v -0.485469 0.322500 -0.358629
v -0.495929 0.322500 -0.322126
v -0.500000 0.322500 -0.280000
v -0.435563 0.425000 0.435563
v -0.437065 0.425000 0.434047
v -0.441592 0.425000 0.429292
v -0.449164 0.425000 0.420654
v -0.459629 0.425000 0.407017
v -0.472313 0.425000 0.386844
v -0.485469 0.425000 0.358629
v -0.495929 0.425000 0.322126
v -0.500000 0.425000 0.280000
v -0.500000 0.425000 0.140000
v -0.500000 0.425000 0.000000
v -0.500000 0.425000 -0.140000
v -0.500000 0.425000 -0.280000
v -0.437065 0.425000 -0.434047
v -0.441592 0.425000 -0.429292
v -0.449164 0.425000 -0.420654
v -0.459629 0.425000 -0.407017
v -0.472313 0.425000 -0.386844
v -0.485469 0.425000 -0.358629
v -0.495929 0.425000 -0.322126
v -0.500000 0.425000 -0.280000
v -0.435563 0.527500 0.435563
v -0.437065 0.527500 0.434047
v -0.441592 0.527500 0.429292
v -0.449164 0.527500 0.420654
v -0.459629 0.527500 0.407017
v -0.472313 0.527500 0.386844
v -0.485469 0.527500 0.358629
v -0.495929 0.527500 0.322126
v -0.500000 0.527500 0.280000
v -0.500000 0.527500 0.140000
v -0.500000 0.527500 0.000000
v -0.500000 0.527500 -0.140000
v -0.500000 0.527500 -0.280000
v -0.437065 0.527500 -0.434047
v -0.441592 0.527500 -0.429292
v -0.449164 0.527500 -0.420654
v -0.459629 0.527500 -0.407017
v -0.472313 0.527500 -0.386844
v -0.485469 0.527500 -0.358629
v -0.495929 0.527500 -0.322126
v -0.500000 0.527500 -0.280000
v -0.435563 0.630000 0.435563
v -0.437065 0.630000 0.434047
v -0.441592 0.630000 0.429292
v -0.449164 0.630000 0.420654
v -0.459629 0.630000 0.407017
v -0.472313 0.630000 0.386844
v -0.485469 0.630000 0.358629
v -0.495929 0.630000 0.322126
v -0.500000 0.630000 0.280000
v -0.500000 0.630000 0.140000
v -0.500000 0.630000 0.000000
v -0.500000 0.630000 -0.140000
v -0.500000 0.630000 -0.280000
v -0.437065 0.630000 -0.434047
v -0.441592 0.630000 -0.429292
v -0.449164 0.630000 -0.420654
v -0.459629 0.630000 -0.407017
v -0.472313 0.630000 -0.386844
v -0.485469 0.630000 -0.358629
v -0.495929 0.630000 -0.322126
v -0.500000 0.630000 -0.280000
v -0.434104 0.660064 0.434104
v -0.435563 0.660349 0.432574
v -0.439958 0.661206 0.427782
v -0.447292 0.662637 0.419098
v -0.457393 0.664608 0.405436
v -0.469576 0.666985 0.385323
v -0.482141 0.669436 0.357356
v -0.492076 0.671374 0.321374
v -0.495929 0.672126 0.280000
v -0.495929 0.672126 0.140000
v -0.495929 0.672126 0.000000
v -0.495929 0.672126 -0.140000
v -0.495929 0.672126 -0.280000
v -0.435563 0.660349 -0.432574
v -0.439958 0.661206 -0.427782
v -0.447292 0.662637 -0.419098
v -0.457393 0.664608 -0.405436
v -0.469576 0.666985 -0.385323
v -0.482141 0.669436 -0.357356
v -0.492076 0.671374 -0.321374
v -0.495929 0.672126 -0.280000
v -0.430163 0.687465 0.430163
v -0.431512 0.687981 0.428601
v -0.435563 0.689532 0.423722
v -0.442284 0.692103 0.414934
v -0.451454 0.695613 0.401237
v -0.462379 0.699794 0.381325
v -0.473482 0.704042 0.354042
v -0.482141 0.707356 0.319436
v -0.485469 0.708629 0.280000
v -0.485469 0.708629 0.140000
v -0.485469 0.708629 0.000000
v -0.485469 0.708629 -0.140000
v -0.485469 0.708629 -0.280000
v -0.431512 0.687981 -0.428601
v -0.435563 0.689532 -0.423722
v -0.442284 0.692103 -0.414934
v -0.451454 0.695613 -0.401237
v -0.462379 0.699794 -0.381325
v -0.473482 0.704042 -0.354042
v -0.482141 0.707356 -0.319436
v -0.485469 0.708629 -0.280000
v -0.424791 0.710442 0.424791
v -0.426000 0.711113 0.423195
v -0.429614 0.713121 0.418226
v -0.435563 0.716426 0.409346
v -0.443585 0.720883 0.395672
v -0.452992 0.726109 0.376109
v -0.462379 0.731325 0.349794
v -0.469576 0.735323 0.316985
v -0.472313 0.736844 0.280000
v -0.472313 0.736844 0.140000
v -0.472313 0.736844 0.000000
v -0.472313 0.736844 -0.140000
v -0.472313 0.736844 -0.280000
v -0.426000 0.711113 -0.423195
v -0.429614 0.713121 -0.418226
v -0.435563 0.716426 -0.409346
v -0.443585 0.720883 -0.395672
v -0.452992 0.726109 -0.376109
v -0.462379 0.731325 -0.349794
v -0.469576 0.735323 -0.316985
v -0.472313 0.736844 -0.280000
v -0.419140 0.728387 0.419140
v -0.420212 0.729145 0.417517
v -0.423404 0.731402 0.412488
v -0.428617 0.735088 0.403570
v -0.435563 0.740000 0.390000
v -0.443585 0.745672 0.370883
v -0.451454 0.751237 0.345613
v -0.457393 0.755436 0.314608
v -0.459629 0.757017 0.280000
v -0.459629 0.757017 0.140000
v -0.459629 0.757017 0.000000
v -0.459629 0.757017 -0.140000
v -0.459629 0.757017 -0.280000
v -0.420212 0.729145 -0.417517
v -0.423404 0.731402 -0.412488
v -0.428617 0.735088 -0.403570
v -0.435563 0.740000 -0.390000
v -0.443585 0.745672 -0.370883
v -0.451454 0.751237 -0.345613
v -0.457393 0.755436 -0.314608
v -0.459629 0.757017 -0.280000
v -0.414103 0.741503 0.414103
v -0.415061 0.742299 0.412466
v -0.417907 0.744666 0.407410
v -0.422524 0.748505 0.398505
v -0.428617 0.753570 0.385088
v -0.435563 0.759346 0.366426
v -0.442284 0.764934 0.342103
v -0.447292 0.769098 0.312637
v -0.449164 0.770654 0.280000
v -0.449164 0.770654 0.140000
v -0.449164 0.770654 0.000000
v -0.449164 0.770654 -0.140000
v -0.449164 0.770654 -0.280000
v -0.415061 0.742299 -0.412466
v -0.417907 0.744666 -0.407410
v -0.422524 0.748505 -0.398505
v -0.428617 0.753570 -0.385088
v -0.435563 0.759346 -0.366426
v -0.442284 0.764934 -0.342103
v -0.447292 0.769098 -0.312637
v -0.449164 0.770654 -0.280000
v -0.410236 0.750322 0.410236
v -0.411113 0.751133 0.408594
v -0.413712 0.753534 0.403534
v -0.417907 0.757410 0.394666
v -0.423404 0.762488 0.381402
v -0.429614 0.768226 0.363121
v -0.435563 0.773722 0.339532
v -0.439958 0.777782 0.311206
v -0.441592 0.779292 0.280000
v -0.441592 0.779292 0.140000
v -0.441592 0.779292 0.000000
v -0.441592 0.779292 -0.140000
v -0.441592 0.779292 -0.280000
v -0.411113 0.751133 -0.408594
v -0.413712 0.753534 -0.403534
v -0.417907 0.757410 -0.394666
v -0.423404 0.762488 -0.381402
v -0.429614 0.768226 -0.363121
v -0.435563 0.773722 -0.339532
v -0.439958 0.777782 -0.311206
v -0.441592 0.779292 -0.280000
v -0.407831 0.755374 0.407831
v -0.408660 0.756188 0.406188
v -0.411113 0.758594 0.401133
v -0.415061 0.762466 0.392299
v -0.420212 0.767517 0.379145
v -0.426000 0.773195 0.361113
v -0.431512 0.778601 0.337981
v -0.435563 0.782574 0.310349
v -0.437065 0.784047 0.280000
v -0.437065 0.784047 0.140000
v -0.437065 0.784047 0.000000
v -0.437065 0.784047 -0.140000
v -0.437065 0.784047 -0.280000
v -0.408660 0.756188 -0.406188
v -0.411113 0.758594 -0.401133
v -0.415061 0.762466 -0.392299
v -0.420212 0.767517 -0.379145
v -0.426000 0.773195 -0.361113
v -0.431512 0.778601 -0.337981
v -0.435563 0.782574 -0.310349
v -0.437065 0.784047 -0.280000
v -0.407017 0.757017 0.407017
v -0.407831 0.757831 0.405374
v -0.410236 0.760236 0.400322
v -0.414103 0.764103 0.391503
v -0.419140 0.769140 0.378387
v -0.424791 0.774791 0.360442
v -0.430163 0.780163 0.337465
v -0.434104 0.784104 0.310064
v -0.435563 0.785563 0.280000
v -0.435563 0.785563 0.140000
v -0.435563 0.785563 0.000000
v -0.435563 0.785563 -0.140000
v -0.435563 0.785563 -0.280000
v -0.407831 0.757831 -0.405374
v -0.410236 0.760236 -0.400322
v -0.414103 0.764103 -0.391503
v -0.419140 0.769140 -0.378387
v -0.424791 0.774791 -0.360442
v -0.430163 0.780163 -0.337465
v -0.434104 0.784104 -0.310064
v -0.435563 0.785563 -0.280000
v -0.280000 0.785563 0.435563
v -0.310064 0.784104 0.434104
v -0.337465 0.780163 0.430163
v -0.360442 0.774791 0.424791
v -0.378387 0.769140 0.419140
v -0.391503 0.764103 0.414103
v -0.400322 0.760236 0.410236
v -0.405374 0.757831 0.407831
v -0.280000 0.785563 0.435563
v -0.140000 0.785563 0.435563
v 0.000000 0.785563 0.435563
v 0.140000 0.785563 0.435563
v 0.280000 0.785563 0.435563
v 0.310064 0.784104 0.434104
v 0.337465 0.780163 0.430163
v 0.360442 0.774791 0.424791
v 0.378387 0.769140 0.419140
v 0.391503 0.764103 0.414103
v 0.400322 0.760236 0.410236
v 0.405374 0.757831 0.407831
v 0.407017 0.757017 0.407017
v -0.280000 0.787065 0.434047
v -0.310349 0.785563 0.432574
v -0.337981 0.781512 0.428601
v -0.361113 0.776000 0.423195
v -0.379145 0.770212 0.417517
v -0.392299 0.765061 0.412466
v -0.401133 0.761113 0.408594
v -0.406188 0.758660 0.406188
v -0.280000 0.787065 0.434047
v -0.140000 0.787065 0.434047
v 0.000000 0.787065 0.434047
v 0.140000 0.787065 0.434047
v 0.280000 0.787065 0.434047
v 0.310349 0.785563 0.432574
v 0.337981 0.781512 0.428601
v 0.361113 0.776000 0.423195
v 0.379145 0.770212 0.417517
v 0.392299 0.765061 0.412466
v 0.401133 0.761113 0.408594
v 0.406188 0.758660 0.406188
v 0.407831 0.757831 0.405374
v -0.280000 0.791592 0.429292
v -0.311206 0.789958 0.427782
v -0.339532 0.785563 0.423722
v -0.363121 0.779614 0.418226
v -0.381402 0.773404 0.412488
v -0.394666 0.767907 0.407410
v -0.403534 0.763712 0.403534
v -0.408594 0.761113 0.401133
v -0.280000 0.791592 0.429292
v -0.140000 0.791592 0.429292
v 0.000000 0.791592 0.429292
v 0.140000 0.791592 0.429292
v 0.280000 0.791592 0.429292
v 0.311206 0.789958 0.427782
v 0.339532 0.785563 0.423722
v 0.363121 0.779614 0.418226
v 0.381402 0.773404 0.412488
v 0.394666 0.767907 0.407410
v 0.403534 0.763712 0.403534
v 0.408594 0.761113 0.401133
v 0.410236 0.760236 0.400322
v -0.280000 0.799164 0.420654
v -0.312637 0.797292 0.419098
v -0.342103 0.792284 0.414934
v -0.366426 0.785563 0.409346
v -0.385088 0.778617 0.403570
v -0.398505 0.772524 0.398505
v -0.407410 0.767907 0.394666
v -0.412466 0.765061 0.392299
v -0.280000 0.799164 0.420654
v -0.140000 0.799164 0.420654
v 0.000000 0.799164 0.420654
v 0.140000 0.799164 0.420654
v 0.280000 0.799164 0.420654
v 0.312637 0.797292 0.419098
v 0.342103 0.792284 0.414934
v 0.366426 0.785563 0.409346
v 0.385088 0.778617 0.403570
v 0.398505 0.772524 0.398505
v 0.407410 0.767907 0.394666
v 0.412466 0.765061 0.392299
v 0.414103 0.764103 0.391503
v -0.280000 0.809629 0.407017
v -0.314608 0.807393 0.405436
v -0.345613 0.801454 0.401237
v -0.370883 0.793585 0.395672
v -0.390000 0.785563 0.390000
v -0.403570 0.778617 0.385088
v -0.412488 0.773404 0.381402
v -0.417517 0.770212 0.379145
v -0.280000 0.809629 0.407017
v -0.140000 0.809629 0.407017
v 0.000000 0.809629 0.407017
v 0.140000 0.809629 0.407017
v 0.280000 0.809629 0.407017
v 0.314608 0.807393 0.405436
v 0.345613 0.801454 0.401237
v 0.370883 0.793585 0.395672
v 0.390000 0.785563 0.390000
v 0.403570 0.778617 0.385088
v 0.412488 0.773404 0.381402
v 0.417517 0.770212 0.379145
v 0.419140 0.769140 0.378387
v -0.280000 0.822313 0.386844
v -0.316985 0.819576 0.385323
v -0.349794 0.812379 0.381325
v -0.376109 0.802992 0.376109
v -0.395672 0.793585 0.370883
v -0.409346 0.785563 0.366426
v -0.418226 0.779614 0.363121
v -0.423195 0.776000 0.361113
v -0.280000 0.822313 0.386844
v -0.140000 0.822313 0.386844
v 0.000000 0.822313 0.386844
v 0.140000 0.822313 0.386844
v 0.280000 0.822313 0.386844
v 0.316985 0.819576 0.385323
v 0.349794 0.812379 0.381325
v 0.376109 0.802992 0.376109
v 0.395672 0.793585 0.370883
v 0.409346 0.785563 0.366426
v 0.418226 0.779614 0.363121
v 0.423195 0.776000 0.361113
v 0.424791 0.774791 0.360442
v -0.280000 0.835469 0.358629
v -0.319436 0.832141 0.357356
v -0.354042 0.823482 0.354042
v -0.381325 0.812379 0.349794
v -0.401237 0.801454 0.345613
v -0.414934 0.792284 0.342103
v -0.423722 0.785563 0.339532
v -0.428601 0.781512 0.337981
v -0.280000 0.835469 0.358629
v -0.140000 0.835469 0.358629
v 0.000000 0.835469 0.358629
v 0.140000 0.835469 0.358629
v 0.280000 0.835469 0.358629
v 0.319436 0.832141 0.357356
v 0.354042 0.823482 0.354042
v 0.381325 0.812379 0.349794
v 0.401237 0.801454 0.345613
v 0.414934 0.792284 0.342103
v 0.423722 0.785563 0.339532
v 0.428601 0.781512 0.337981
v 0.430163 0.780163 0.337465
v -0.280000 0.845929 0.322126
v -0.321374 0.842076 0.321374
v -0.357356 0.832141 0.319436
v -0.385323 0.819576 0.316985
v -0.405436 0.807393 0.314608
v -0.419098 0.797292 0.312637
v -0.427782 0.789958 0.311206
v -0.432574 0.785563 0.310349
v -0.280000 0.845929 0.322126
v -0.140000 0.845929 0.322126
v 0.000000 0.845929 0.322126
v 0.140000 0.845929 0.322126
v 0.280000 0.845929 0.322126
v 0.321374 0.842076 0.321374
v 0.357356 0.832141 0.319436
v 0.385323 0.819576 0.316985
v 0.405436 0.807393 0.314608
v 0.419098 0.797292 0.312637
v 0.427782 0.789958 0.311206
v 0.432574 0.785563 0.310349
v 0.434104 0.784104 0.310064
v -0.280000 0.850000 0.280000
v -0.322126 0.845929 0.280000
v -0.358629 0.835469 0.280000
v -0.386844 0.822313 0.280000
v -0.407017 0.809629 0.280000
v -0.420654 0.799164 0.280000
v -0.429292 0.791592 0.280000
v -0.434047 0.787065 0.280000
v -0.280000 0.850000 0.280000
v -0.140000 0.850000 0.280000
v 0.000000 0.850000 0.280000
v 0.140000 0.850000 0.280000
v 0.280000 0.850000 0.280000
v 0.322126 0.845929 0.280000
v 0.358629 0.835469 0.280000
v 0.386844 0.822313 0.280000
v 0.407017 0.809629 0.280000
v 0.420654 0.799164 0.280000
v 0.429292 0.791592 0.280000
v 0.434047 0.787065 0.280000
v 0.435563 0.785563 0.280000
v -0.280000 0.850000 0.140000
v -0.322126 0.845929 0.140000
v -0.358629 0.835469 0.140000
v -0.386844 0.822313 0.140000
v -0.407017 0.809629 0.140000
v -0.420654 0.799164 0.140000
v -0.429292 0.791592 0.140000
v -0.434047 0.787065 0.140000
v -0.280000 0.850000 0.140000
v -0.140000 0.850000 0.140000
v 0.000000 0.850000 0.140000
v 0.140000 0.850000 0.140000
v 0.280000 0.850000 0.140000
v 0.322126 0.845929 0.140000
v 0.358629 0.835469 0.140000
v 0.386844 0.822313 0.140000
v 0.407017 0.809629 0.140000
v 0.420654 0.799164 0.140000
v 0.429292 0.791592 0.140000
v 0.434047 0.787065 0.140000
v 0.435563 0.785563 0.140000
v -0.280000 0.850000 0.000000
v -0.322126 0.845929 0.000000
v -0.358629 0.835469 0.000000
v -0.386844 0.822313 0.000000
v -0.407017 0.809629 0.000000
v -0.420654 0.799164 0.000000
v -0.429292 0.791592 0.000000
v -0.434047 0.787065 0.000000
v -0.280000 0.850000 0.000000
v -0.140000 0.850000 0.000000
v 0.000000 0.850000 0.000000
v 0.140000 0.850000 0.000000
v 0.280000 0.850000 0.000000
v 0.322126 0.845929 0.000000
v 0.358629 0.835469 0.000000
v 0.386844 0.822313 0.000000
v 0.407017 0.809629 0.000000
v 0.420654 0.799164 0.000000
v 0.429292 0.791592 0.000000
v 0.434047 0.787065 0.000000
v 0.435563 0.785563 0.000000
v -0.280000 0.850000 -0.140000
v -0.322126 0.845929 -0.140000
v -0.358629 0.835469 -0.140000
v -0.386844 0.822313 -0.140000
v -0.407017 0.809629 -0.140000
v -0.420654 0.799164 -0.140000
v -0.429292 0.791592 -0.140000
v -0.434047 0.787065 -0.140000
v -0.280000 0.850000 -0.140000
v -0.140000 0.850000 -0.140000
v 0.000000 0.850000 -0.140000
v 0.140000 0.850000 -0.140000
v 0.280000 0.850000 -0.140000
v 0.322126 0.845929 -0.140000
v 0.358629 0.835469 -0.140000
v 0.386844 0.822313 -0.140000
v 0.407017 0.809629 -0.140000
v 0.420654 0.799164 -0.140000
v 0.429292 0.791592 -0.140000
v 0.434047 0.787065 -0.140000
v 0.435563 0.785563 -0.140000
v -0.280000 0.850000 -0.280000
v -0.322126 0.845929 -0.280000
v -0.358629 0.835469 -0.280000
v -0.386844 0.822313 -0.280000
v -0.407017 0.809629 -0.280000
v -0.420654 0.799164 -0.280000
v -0.429292 0.791592 -0.280000
v -0.434047 0.787065 -0.280000
v -0.280000 0.850000 -0.280000
v -0.140000 0.850000 -0.280000
v 0.000000 0.850000 -0.280000
v 0.140000 0.850000 -0.280000
v 0.280000 0.850000 -0.280000
v 0.322126 0.845929 -0.280000
v 0.358629 0.835469 -0.280000
v 0.386844 0.822313 -0.280000
v 0.407017 0.809629 -0.280000
v 0.420654 0.799164 -0.280000
v 0.429292 0.791592 -0.280000
v 0.434047 0.787065 -0.280000
v 0.435563 0.785563 -0.280000
v -0.280000 0.787065 -0.434047
v -0.310349 0.785563 -0.432574
v -0.337981 0.781512 -0.428601
v -0.361113 0.776000 -0.423195
v -0.379145 0.770212 -0.417517
v -0.392299 0.765061 -0.412466
v -0.401133 0.761113 -0.408594
v -0.406188 0.758660 -0.406188
v -0.280000 0.787065 -0.434047
v -0.140000 0.787065 -0.434047
v 0.000000 0.787065 -0.434047
v 0.140000 0.787065 -0.434047
v 0.280000 0.787065 -0.434047
v 0.310349 0.785563 -0.432574
v 0.337981 0.781512 -0.428601
v 0.361113 0.776000 -0.423195
v 0.379145 0.770212 -0.417517
v 0.392299 0.765061 -0.412466
v 0.401133 0.761113 -0.408594
v 0.406188 0.758660 -0.406188
v 0.407831 0.757831 -0.405374
v -0.280000 0.791592 -0.429292
v -0.311206 0.789958 -0.427782
v -0.339532 0.785563 -0.423722
v -0.363121 0.779614 -0.418226
v -0.381402 0.773404 -0.412488
v -0.394666 0.767907 -0.407410
v -0.403534 0.763712 -0.403534
v -0.408594 0.761113 -0.401133
v -0.280000 0.791592 -0.429292
v -0.140000 0.791592 -0.429292
v 0.000000 0.791592 -0.429292
v 0.140000 0.791592 -0.429292
v 0.280000 0.791592 -0.429292
v 0.311206 0.789958 -0.427782
v 0.339532 0.785563 -0.423722
v 0.363121 0.779614 -0.418226
v 0.381402 0.773404 -0.412488
v 0.394666 0.767907 -0.407410
v 0.403534 0.763712 -0.403534
v 0.408594 0.761113 -0.401133
v 0.410236 0.760236 -0.400322
v -0.280000 0.799164 -0.420654
v -0.312637 0.797292 -0.419098
v -0.342103 0.792284 -0.414934
v -0.366426 0.785563 -0.409346
v -0.385088 0.778617 -0.403570
v -0.398505 0.772524 -0.398505
v -0.407410 0.767907 -0.394666
v -0.412466 0.765061 -0.392299
v -0.280000 0.799164 -0.420654
v -0.140000 0.799164 -0.420654
v 0.000000 0.799164 -0.420654
v 0.140000 0.799164 -0.420654
v 0.280000 0.799164 -0.420654
v 0.312637 0.797292 -0.419098
v 0.342103 0.792284 -0.414934
v 0.366426 0.785563 -0.409346
v 0.385088 0.778617 -0.403570
v 0.398505 0.772524 -0.398505
v 0.407410 0.767907 -0.394666
v 0.412466 0.765061 -0.392299
v 0.414103 0.764103 -0.391503
v -0.280000 0.809629 -0.407017
v -0.314608 0.807393 -0.405436
v -0.345613 0.801454 -0.401237
v -0.370883 0.793585 -0.395672
v -0.390000 0.785563 -0.390000
v -0.403570 0.778617 -0.385088
v -0.412488 0.773404 -0.381402
v -0.417517 0.770212 -0.379145
v -0.280000 0.809629 -0.407017
v -0.140000 0.809629 -0.407017
v 0.000000 0.809629 -0.407017
v 0.140000 0.809629 -0.407017
v 0.280000 0.809629 -0.407017
v 0.314608 0.807393 -0.405436
v 0.345613 0.801454 -0.401237
v 0.370883 0.793585 -0.395672
v 0.390000 0.785563 -0.390000
v 0.403570 0.778617 -0.385088
v 0.412488 0.773404 -0.381402
v 0.417517 0.770212 -0.379145
v 0.419140 0.769140 -0.378387
v -0.280000 0.822313 -0.386844
v -0.316985 0.819576 -0.385323
v -0.349794 0.812379 -0.381325
v -0.376109 0.802992 -0.376109
v -0.395672 0.793585 -0.370883
v -0.409346 0.785563 -0.366426
v -0.418226 0.779614 -0.363121
v -0.423195 0.776000 -0.361113
v -0.280000 0.822313 -0.386844
v -0.140000 0.822313 -0.386844
v 0.000000 0.822313 -0.386844
v 0.140000 0.822313 -0.386844
v 0.280000 0.822313 -0.386844
v 0.316985 0.819576 -0.385323
v 0.349794 0.812379 -0.381325
v 0.376109 0.802992 -0.376109
v 0.395672 0.793585 -0.370883
v 0.409346 0.785563 -0.366426
v 0.418226 0.779614 -0.363121
v 0.423195 0.776000 -0.361113
v 0.424791 0.774791 -0.360442
v -0.280000 0.835469 -0.358629
v -0.319436 0.832141 -0.357356
v -0.354042 0.823482 -0.354042
v -0.381325 0.812379 -0.349794
v -0.401237 0.801454 -0.345613
v -0.414934 0.792284 -0.342103
v -0.423722 0.785563 -0.339532
v -0.428601 0.781512 -0.337981
v -0.280000 0.835469 -0.358629
v -0.140000 0.835469 -0.358629
v 0.000000 0.835469 -0.358629
v 0.140000 0.835469 -0.358629
v 0.280000 0.835469 -0.358629
v 0.319436 0.832141 -0.357356
v 0.354042 0.823482 -0.354042
v 0.381325 0.812379 -0.349794
v 0.401237 0.801454 -0.345613
v 0.414934 0.792284 -0.342103
v 0.423722 0.785563 -0.339532
v 0.428601 0.781512 -0.337981
v 0.430163 0.780163 -0.337465
v -0.280000 0.845929 -0.322126
v -0.321374 0.842076 -0.321374
v -0.357356 0.832141 -0.319436
v -0.385323 0.819576 -0.316985
v -0.405436 0.807393 -0.314608
v -0.419098 0.797292 -0.312637
v -0.427782 0.789958 -0.311206
v -0.432574 0.785563 -0.310349
v -0.280000 0.845929 -0.322126
v -0.140000 0.845929 -0.322126
v 0.000000 0.845929 -0.322126
v 0.140000 0.845929 -0.322126
v 0.280000 0.845929 -0.322126
v 0.321374 0.842076 -0.321374
v 0.357356 0.832141 -0.319436
v 0.385323 0.819576 -0.316985
v 0.405436 0.807393 -0.314608
v 0.419098 0.797292 -0.312637
v 0.427782 0.789958 -0.311206
v 0.432574 0.785563 -0.310349
v 0.434104 0.784104 -0.310064
v -0.280000 0.850000 -0.280000
v -0.322126 0.845929 -0.280000
v -0.358629 0.835469 -0.280000
v -0.386844 0.822313 -0.280000
v -0.407017 0.809629 -0.280000
v -0.420654 0.799164 -0.280000
v -0.429292 0.791592 -0.280000
v -0.434047 0.787065 -0.280000
v -0.280000 0.850000 -0.280000
v -0.140000 0.850000 -0.280000
v 0.000000 0.850000 -0.280000
v 0.140000 0.850000 -0.280000
v 0.280000 0.850000 -0.280000
v 0.322126 0.845929 -0.280000
v 0.358629 0.835469 -0.280000
v 0.386844 0.822313 -0.280000
v 0.407017 0.809629 -0.280000
v 0.420654 0.799164 -0.280000
v 0.429292 0.791592 -0.280000
v 0.434047 0.787065 -0.280000
v 0.435563 0.785563 -0.280000
v -0.280000 0.000000 -0.280000
v -0.322126 0.004071 -0.280000
v -0.358629 0.014531 -0.280000
v -0.386844 0.027687 -0.280000
v -0.407017 0.040371 -0.280000
v -0.420654 0.050836 -0.280000
v -0.429292 0.058408 -0.280000
v -0.434047 0.062935 -0.280000
v -0.280000 0.000000 -0.280000
v -0.140000 0.000000 -0.280000
v 0.000000 0.000000 -0.280000
v 0.140000 0.000000 -0.280000
v 0.280000 0.000000 -0.280000
v 0.322126 0.004071 -0.280000
v 0.358629 0.014531 -0.280000
v 0.386844 0.027687 -0.280000
v 0.407017 0.040371 -0.280000
v 0.420654 0.050836 -0.280000
v 0.429292 0.058408 -0.280000
v 0.434047 0.062935 -0.280000
v 0.435563 0.064437 -0.280000
v -0.280000 0.004071 -0.322126
v -0.321374 0.007924 -0.321374
v -0.357356 0.017859 -0.319436
v -0.385323 0.030424 -0.316985
v -0.405436 0.042607 -0.314608
v -0.419098 0.052708 -0.312637
v -0.427782 0.060042 -0.311206
v -0.432574 0.064437 -0.310349
v -0.280000 0.004071 -0.322126
v -0.140000 0.004071 -0.322126
v 0.000000 0.004071 -0.322126
v 0.140000 0.004071 -0.322126
v 0.280000 0.004071 -0.322126
v 0.321374 0.007924 -0.321374
v 0.357356 0.017859 -0.319436
v 0.385323 0.030424 -0.316985
v 0.405436 0.042607 -0.314608
v 0.419098 0.052708 -0.312637
v 0.427782 0.060042 -0.311206
v 0.432574 0.064437 -0.310349
v 0.434104 0.065896 -0.310064
v -0.280000 0.014531 -0.358629
v -0.319436 0.017859 -0.357356
v -0.354042 0.026518 -0.354042
v -0.381325 0.037621 -0.349794
v -0.401237 0.048546 -0.345613
v -0.414934 0.057716 -0.342103
v -0.423722 0.064437 -0.339532
v -0.428601 0.068488 -0.337981
v -0.280000 0.014531 -0.358629
v -0.140000 0.014531 -0.358629
v 0.000000 0.014531 -0.358629
v 0.140000 0.014531 -0.358629
v 0.280000 0.014531 -0.358629
v 0.319436 0.017859 -0.357356
v 0.354042 0.026518 -0.354042
v 0.381325 0.037621 -0.349794
v 0.401237 0.048546 -0.345613
v 0.414934 0.057716 -0.342103
v 0.423722 0.064437 -0.339532
v 0.428601 0.068488 -0.337981
v 0.430163 0.069837 -0.337465
v -0.280000 0.027687 -0.386844
v -0.316985 0.030424 -0.385323
v -0.349794 0.037621 -0.381325
v -0.376109 0.047008 -0.376109
v -0.395672 0.056415 -0.370883
v -0.409346 0.064437 -0.366426
v -0.418226 0.070386 -0.363121
v -0.423195 0.074000 -0.361113
v -0.280000 0.027687 -0.386844
v -0.140000 0.027687 -0.386844
v 0.000000 0.027687 -0.386844
v 0.140000 0.027687 -0.386844
v 0.280000 0.027687 -0.386844
v 0.316985 0.030424 -0.385323
v 0.349794 0.037621 -0.381325
v 0.376109 0.047008 -0.376109
v 0.395672 0.056415 -0.370883
v 0.409346 0.064437 -0.366426
v 0.418226 0.070386 -0.363121
v 0.423195 0.074000 -0.361113
v 0.424791 0.075209 -0.360442
v -0.280000 0.040371 -0.407017
v -0.314608 0.042607 -0.405436
v -0.345613 0.048546 -0.401237
v -0.370883 0.056415 -0.395672
v -0.390000 0.064437 -0.390000
v -0.403570 0.071383 -0.385088
v -0.412488 0.076596 -0.381402
v -0.417517 0.079788 -0.379145
v -0.280000 0.040371 -0.407017
v -0.140000 0.040371 -0.407017
v 0.000000 0.040371 -0.407017
v 0.140000 0.040371 -0.407017
v 0.280000 0.040371 -0.407017
v 0.314608 0.042607 -0.405436
v 0.345613 0.048546 -0.401237
v 0.370883 0.056415 -0.395672
v 0.390000 0.064437 -0.390000
v 0.403570 0.071383 -0.385088
v 0.412488 0.076596 -0.381402
v 0.417517 0.079788 -0.379145
v 0.419140 0.080860 -0.378387
v -0.280000 0.050836 -0.420654
v -0.312637 0.052708 -0.419098
v -0.342103 0.057716 -0.414934
v -0.366426 0.064437 -0.409346
v -0.385088 0.071383 -0.403570
v -0.398505 0.077476 -0.398505
v -0.407410 0.082093 -0.394666
v -0.412466 0.084939 -0.392299
v -0.280000 0.050836 -0.420654
v -0.140000 0.050836 -0.420654
v 0.000000 0.050836 -0.420654
v 0.140000 0.050836 -0.420654
v 0.280000 0.050836 -0.420654
v 0.312637 0.052708 -0.419098
v 0.342103 0.057716 -0.414934
v 0.366426 0.064437 -0.409346
v 0.385088 0.071383 -0.403570
v 0.398505 0.077476 -0.398505
v 0.407410 0.082093 -0.394666
v 0.412466 0.084939 -0.392299
v 0.414103 0.085897 -0.391503
v -0.280000 0.058408 -0.429292
v -0.311206 0.060042 -0.427782
v -0.339532 0.064437 -0.423722
v -0.363121 0.070386 -0.418226
v -0.381402 0.076596 -0.412488
v -0.394666 0.082093 -0.407410
v -0.403534 0.086288 -0.403534
v -0.408594 0.088887 -0.401133
v -0.280000 0.058408 -0.429292
v -0.140000 0.058408 -0.429292
v 0.000000 0.058408 -0.429292
v 0.140000 0.058408 -0.429292
v 0.280000 0.058408 -0.429292
v 0.311206 0.060042 -0.427782
v 0.339532 0.064437 -0.423722
v 0.363121 0.070386 -0.418226
v 0.381402 0.076596 -0.412488
v 0.394666 0.082093 -0.407410
v 0.403534 0.086288 -0.403534
v 0.408594 0.088887 -0.401133
v 0.410236 0.089764 -0.400322
v -0.280000 0.062935 -0.434047
v -0.310349 0.064437 -0.432574
v -0.337981 0.068488 -0.428601
v -0.361113 0.074000 -0.423195
v -0.379145 0.079788 -0.417517
v -0.392299 0.084939 -0.412466
v -0.401133 0.088887 -0.408594
v -0.406188 0.091340 -0.406188
v -0.280000 0.062935 -0.434047
v -0.140000 0.062935 -0.434047
v 0.000000 0.062935 -0.434047
v 0.140000 0.062935 -0.434047
v 0.280000 0.062935 -0.434047
v 0.310349 0.064437 -0.432574
v 0.337981 0.068488 -0.428601
v 0.361113 0.074000 -0.423195
v 0.379145 0.079788 -0.417517
v 0.392299 0.084939 -0.412466
v 0.401133 0.088887 -0.408594
v 0.406188 0.091340 -0.406188
v 0.407831 0.092169 -0.405374
v -0.280000 0.000000 -0.280000
v -0.322126 0.004071 -0.280000
v -0.358629 0.014531 -0.280000
v -0.386844 0.027687 -0.280000
v -0.407017 0.040371 -0.280000
v -0.420654 0.050836 -0.280000
v -0.429292 0.058408 -0.280000
v -0.434047 0.062935 -0.280000
v -0.280000 0.000000 -0.280000
v -0.140000 0.000000 -0.280000
v 0.000000 0.000000 -0.280000
v 0.140000 0.000000 -0.280000
v 0.280000 0.000000 -0.280000
v 0.322126 0.004071 -0.280000
v 0.358629 0.014531 -0.280000
v 0.386844 0.027687 -0.280000
v 0.407017 0.040371 -0.280000
v 0.420654 0.050836 -0.280000
v 0.429292 0.058408 -0.280000
v 0.434047 0.062935 -0.280000
v 0.435563 0.064437 -0.280000
v -0.280000 0.000000 -0.140000
v -0.322126 0.004071 -0.140000
v -0.358629 0.014531 -0.140000
v -0.386844 0.027687 -0.140000
v -0.407017 0.040371 -0.140000
v -0.420654 0.050836 -0.140000
v -0.429292 0.058408 -0.140000
v -0.434047 0.062935 -0.140000
v -0.280000 0.000000 -0.140000
v -0.140000 0.000000 -0.140000
v 0.000000 0.000000 -0.140000
v 0.140000 0.000000 -0.140000
v 0.280000 0.000000 -0.140000
v 0.322126 0.004071 -0.140000
v 0.358629 0.014531 -0.140000
v 0.386844 0.027687 -0.140000
v 0.407017 0.040371 -0.140000
v 0.420654 0.050836 -0.140000
v 0.429292 0.058408 -0.140000
v 0.434047 0.062935 -0.140000
v 0.435563 0.064437 -0.140000
v -0.280000 0.000000 0.000000
v -0.322126 0.004071 0.000000
v -0.358629 0.014531 0.000000
v -0.386844 0.027687 0.000000
v -0.407017 0.040371 0.000000
v -0.420654 0.050836 0.000000
v -0.429292 0.058408 0.000000
v -0.434047 0.062935 0.000000
v -0.280000 0.000000 0.000000
v -0.140000 0.000000 0.000000
v 0.000000 0.000000 0.000000
v 0.140000 0.000000 0.000000
v 0.280000 0.000000 0.000000
v 0.322126 0.004071 0.000000
v 0.358629 0.014531 0.000000
v 0.386844 0.027687 0.000000
v 0.407017 0.040371 0.000000
v 0.420654 0.050836 0.000000
v 0.429292 0.058408 0.000000
v 0.434047 0.062935 0.000000
v 0.435563 0.064437 0.000000
v -0.280000 0.000000 0.140000
v -0.322126 0.004071 0.140000
v -0.358629 0.014531 0.140000
v -0.386844 0.027687 0.140000
v -0.407017 0.040371 0.140000
v -0.420654 0.050836 0.140000
v -0.429292 0.058408 0.140000
v -0.434047 0.062935 0.140000
v -0.280000 0.000000 0.140000
v -0.140000 0.000000 0.140000
v 0.000000 0.000000 0.140000
v 0.140000 0.000000 0.140000
v 0.280000 0.000000 0.140000
v 0.322126 0.004071 0.140000
v 0.358629 0.014531 0.140000
v 0.386844 0.027687 0.140000
v 0.407017 0.040371 0.140000
v 0.420654 0.050836 0.140000
v 0.429292 0.058408 0.140000
v 0.434047 0.062935 0.140000
v 0.435563 0.064437 0.140000
v -0.280000 0.000000 0.280000
v -0.322126 0.004071 0.280000
v -0.358629 0.014531 0.280000
v -0.386844 0.027687 0.280000
v -0.407017 0.040371 0.280000
v -0.420654 0.050836 0.280000
v -0.429292 0.058408 0.280000
v -0.434047 0.062935 0.280000
v -0.280000 0.000000 0.280000
v -0.140000 0.000000 0.280000
v 0.000000 0.000000 0.280000
v 0.140000 0.000000 0.280000
v 0.280000 0.000000 0.280000
v 0.322126 0.004071 0.280000
v 0.358629 0.014531 0.280000
v 0.386844 0.027687 0.280000
v 0.407017 0.040371 0.280000
v 0.420654 0.050836 0.280000
v 0.429292 0.058408 0.280000
v 0.434047 0.062935 0.280000
v 0.435563 0.064437 0.280000
v -0.280000 0.004071 0.322126
v -0.321374 0.007924 0.321374
v -0.357356 0.017859 0.319436
v -0.385323 0.030424 0.316985
v -0.405436 0.042607 0.314608
v -0.419098 0.052708 0.312637
v -0.427782 0.060042 0.311206
v -0.432574 0.064437 0.310349
v -0.280000 0.004071 0.322126
v -0.140000 0.004071 0.322126
v 0.000000 0.004071 0.322126
v 0.140000 0.004071 0.322126
v 0.280000 0.004071 0.322126
v 0.321374 0.007924 0.321374
v 0.357356 0.017859 0.319436
v 0.385323 0.030424 0.316985
v 0.405436 0.042607 0.314608
v 0.419098 0.052708 0.312637
v 0.427782 0.060042 0.311206
v 0.432574 0.064437 0.310349
v 0.434104 0.065896 0.310064
v -0.280000 0.014531 0.358629
v -0.319436 0.017859 0.357356
v -0.354042 0.026518 0.354042
v -0.381325 0.037621 0.349794
v -0.401237 0.048546 0.345613
v -0.414934 0.057716 0.342103
v -0.423722 0.064437 0.339532
v -0.428601 0.068488 0.337981
v -0.280000 0.014531 0.358629
v -0.140000 0.014531 0.358629
v 0.000000 0.014531 0.358629
v 0.140000 0.014531 0.358629
v 0.280000 0.014531 0.358629
v 0.319436 0.017859 0.357356
v 0.354042 0.026518 0.354042
v 0.381325 0.037621 0.349794
v 0.401237 0.048546 0.345613
v 0.414934 0.057716 0.342103
v 0.423722 0.064437 0.339532
v 0.428601 0.068488 0.337981
v 0.430163 0.069837 0.337465
v -0.280000 0.027687 0.386844
v -0.316985 0.030424 0.385323
v -0.349794 0.037621 0.381325
v -0.376109 0.047008 0.376109
v -0.395672 0.056415 0.370883
v -0.409346 0.064437 0.366426
v -0.418226 0.070386 0.363121
v -0.423195 0.074000 0.361113
v -0.280000 0.027687 0.386844
v -0.140000 0.027687 0.386844
v 0.000000 0.027687 0.386844
v 0.140000 0.027687 0.386844
v 0.280000 0.027687 0.386844
v 0.316985 0.030424 0.385323
v 0.349794 0.037621 0.381325
v 0.376109 0.047008 0.376109
v 0.395672 0.056415 0.370883
v 0.409346 0.064437 0.366426
v 0.418226 0.070386 0.363121
v 0.423195 0.074000 0.361113
v 0.424791 0.075209 0.360442
v -0.280000 0.040371 0.407017
v -0.314608 0.042607 0.405436
v -0.345613 0.048546 0.401237
v -0.370883 0.056415 0.395672
v -0.390000 0.064437 0.390000
v -0.403570 0.071383 0.385088
v -0.412488 0.076596 0.381402
v -0.417517 0.079788 0.379145
v -0.280000 0.040371 0.407017
v -0.140000 0.040371 0.407017
v 0.000000 0.040371 0.407017
v 0.140000 0.040371 0.407017
v 0.280000 0.040371 0.407017
v 0.314608 0.042607 0.405436
v 0.345613 0.048546 0.401237
v 0.370883 0.056415 0.395672
v 0.390000 0.064437 0.390000
v 0.403570 0.071383 0.385088
v 0.412488 0.076596 0.381402
v 0.417517 0.079788 0.379145
v 0.419140 0.080860 0.378387
v -0.280000 0.050836 0.420654
v -0.312637 0.052708 0.419098
v -0.342103 0.057716 0.414934
v -0.366426 0.064437 0.409346
v -0.385088 0.071383 0.403570
v -0.398505 0.077476 0.398505
v -0.407410 0.082093 0.394666
v -0.412466 0.084939 0.392299
v -0.280000 0.050836 0.420654
v -0.140000 0.050836 0.420654
v 0.000000 0.050836 0.420654
v 0.140000 0.050836 0.420654
v 0.280000 0.050836 0.420654
v 0.312637 0.052708 0.419098
v 0.342103 0.057716 0.414934
v 0.366426 0.064437 0.409346
v 0.385088 0.071383 0.403570
v 0.398505 0.077476 0.398505
v 0.407410 0.082093 0.394666
v 0.412466 0.084939 0.392299
v 0.414103 0.085897 0.391503
v -0.280000 0.058408 0.429292
v -0.311206 0.060042 0.427782
v -0.339532 0.064437 0.423722
v -0.363121 0.070386 0.418226
v -0.381402 0.076596 0.412488
v -0.394666 0.082093 0.407410
v -0.403534 0.086288 0.403534
v -0.408594 0.088887 0.401133
v -0.280000 0.058408 0.429292
v -0.140000 0.058408 0.429292
v 0.000000 0.058408 0.429292
v 0.140000 0.058408 0.429292
v 0.280000 0.058408 0.429292
v 0.311206 0.060042 0.427782
v 0.339532 0.064437 0.423722
v 0.363121 0.070386 0.418226
v 0.381402 0.076596 0.412488
v 0.394666 0.082093 0.407410
v 0.403534 0.086288 0.403534
v 0.408594 0.088887 0.401133
v 0.410236 0.089764 0.400322
v -0.280000 0.062935 0.434047
v -0.310349 0.064437 0.432574
v -0.337981 0.068488 0.428601
v -0.361113 0.074000 0.423195
v -0.379145 0.079788 0.417517
v -0.392299 0.084939 0.412466
v -0.401133 0.088887 0.408594
v -0.406188 0.091340 0.406188
v -0.280000 0.062935 0.434047
v -0.140000 0.062935 0.434047
v 0.000000 0.062935 0.434047
v 0.140000 0.062935 0.434047
v 0.280000 0.062935 0.434047
v 0.310349 0.064437 0.432574
v 0.337981 0.068488 0.428601
v 0.361113 0.074000 0.423195
v 0.379145 0.079788 0.417517
v 0.392299 0.084939 0.412466
v 0.401133 0.088887 0.408594
v 0.406188 0.091340 0.406188
v 0.407831 0.092169 0.405374
v -0.280000 0.064437 0.435563
v -0.310064 0.065896 0.434104
v -0.337465 0.069837 0.430163
v -0.360442 0.075209 0.424791
v -0.378387 0.080860 0.419140
v -0.391503 0.085897 0.414103
v -0.400322 0.089764 0.410236
v -0.405374 0.092169 0.407831
v -0.280000 0.064437 0.435563
v -0.140000 0.064437 0.435563
v 0.000000 0.064437 0.435563
v 0.140000 0.064437 0.435563
v 0.280000 0.064437 0.435563
v 0.310064 0.065896 0.434104
v 0.337465 0.069837 0.430163
v 0.360442 0.075209 0.424791
v 0.378387 0.080860 0.419140
v 0.391503 0.085897 0.414103
v 0.400322 0.089764 0.410236
v 0.405374 0.092169 0.407831
v 0.407017 0.092983 0.407017

vt 0.220000 0.220000
vt 0.177080 0.220000
vt 0.135810 0.220000
vt 0.097775 0.220000
vt 0.064437 0.220000
vt 0.037077 0.220000
vt 0.016747 0.220000
vt 0.004227 0.220000
vt 0.220000 0.220000
vt 0.360000 0.220000
vt 0.500000 0.220000
vt 0.640000 0.220000
vt 0.780000 0.220000
vt 0.822920 0.220000
vt 0.864190 0.220000
vt 0.902225 0.220000
vt 0.935563 0.220000
vt 0.962923 0.220000
vt 0.983253 0.220000
vt 0.995773 0.220000
vt 1.000000 0.220000
vt 0.220000 0.177080
vt 0.177080 0.177080
vt 0.135810 0.177080
vt 0.097775 0.177080
vt 0.064437 0.177080
vt 0.037077 0.177080
vt 0.016747 0.177080
vt 0.004227 0.177080
vt 0.220000 0.177080
vt 0.360000 0.177080
vt 0.500000 0.177080
vt 0.640000 0.177080
vt 0.780000 0.177080
vt 0.822920 0.177080
vt 0.864190 0.177080
vt 0.902225 0.177080
vt 0.935563 0.177080
vt 0.962923 0.177080
vt 0.983253 0.177080
vt 0.995773 0.177080
vt 1.000000 0.177080
vt 0.220000 0.135810
vt 0.177080 0.135810
vt 0.135810 0.135810
vt 0.097775 0.135810
vt 0.064437 0.135810
vt 0.037077 0.135810
vt 0.016747 0.135810
vt 0.004227 0.135810
vt 0.220000 0.135810
vt 0.360000 0.135810
vt 0.500000 0.135810
vt 0.640000 0.135810
vt 0.780000 0.135810
vt 0.822920 0.135810
vt 0.864190 0.135810
vt 0.902225 0.135810
vt 0.935563 0.135810
vt 0.962923 0.135810
vt 0.983253 0.135810
vt 0.995773 0.135810
vt 1.000000 0.135810
vt 0.220000 0.097775
vt 0.177080 0.097775
vt 0.135810 0.097775
vt 0.097775 0.097775
vt 0.064437 0.097775
vt 0.037077 0.097775
vt 0.016747 0.097775
vt 0.004227 0.097775
vt 0.220000 0.097775
vt 0.360000 0.097775
vt 0.500000 0.097775
vt 0.640000 0.097775
vt 0.780000 0.097775
vt 0.822920 0.097775
vt 0.864190 0.097775
vt 0.902225 0.097775
vt 0.935563 0.097775
vt 0.962923 0.097775
vt 0.983253 0.097775
vt 0.995773 0.097775
vt 1.000000 0.097775
vt 0.220000 0.064437
vt 0.177080 0.064437
vt 0.135810 0.064437
vt 0.097775 0.064437
vt 0.064437 0.064437
vt 0.037077 0.064437
vt 0.016747 0.064437
vt 0.004227 0.064437
vt 0.220000 0.064437
vt 0.360000 0.064437
vt 0.500000 0.064437
vt 0.640000 0.064437
vt 0.780000 0.064437
vt 0.822920 0.064437
vt 0.864190 0.064437
vt 0.902225 0.064437
vt 0.935563 0.064437
vt 0.962923 0.064437
vt 0.983253 0.064437
vt 0.995773 0.064437
vt 1.000000 0.064437
vt 0.220000 0.037077
vt 0.177080 0.037077
vt 0.135810 0.037077
vt 0.097775 0.037077
vt 0.064437 0.037077
vt 0.037077 0.037077
vt 0.016747 0.037077
vt 0.004227 0.037077
vt 0.220000 0.037077
vt 0.360000 0.037077
vt 0.500000 0.037077
vt 0.640000 0.037077
vt 0.780000 0.037077
vt 0.822920 0.037077
vt 0.864190 0.037077
vt 0.902225 0.037077
vt 0.935563 0.037077
vt 0.962923 0.037077
vt 0.983253 0.037077
vt 0.995773 0.037077
vt 1.000000 0.037077
vt 0.220000 0.016747
vt 0.177080 0.016747
vt 0.135810 0.016747
vt 0.097775 0.016747
vt 0.064437 0.016747
vt 0.037077 0.016747
vt 0.016747 0.016747
vt 0.004227 0.016747
vt 0.220000 0.016747
vt 0.360000 0.016747
vt 0.500000 0.016747
vt 0.640000 0.016747
vt 0.780000 0.016747
vt 0.822920 0.016747
vt 0.864190 0.016747
vt 0.902225 0.016747
vt 0.935563 0.016747
vt 0.962923 0.016747
vt 0.983253 0.016747
vt 0.995773 0.016747
vt 1.000000 0.016747
vt 0.220000 0.004227
vt 0.177080 0.004227
vt 0.135810 0.004227
vt 0.097775 0.004227
vt 0.064437 0.004227
vt 0.037077 0.004227
vt 0.016747 0.004227
vt 0.004227 0.004227
vt 0.220000 0.004227
vt 0.360000 0.004227
vt 0.500000 0.004227
vt 0.640000 0.004227
vt 0.780000 0.004227
vt 0.822920 0.004227
vt 0.864190 0.004227
vt 0.902225 0.004227
vt 0.935563 0.004227
vt 0.962923 0.004227
vt 0.983253 0.004227
vt 0.995773 0.004227
vt 1.000000 0.004227
vt 0.220000 0.220000
vt 0.177080 0.220000
vt 0.135810 0.220000
vt 0.097775 0.220000
vt 0.064437 0.220000
vt 0.037077 0.220000
vt 0.016747 0.220000
vt 0.004227 0.220000
vt 0.220000 0.220000
vt 0.360000 0.220000
vt 0.500000 0.220000
vt 0.640000 0.220000
vt 0.780000 0.220000
vt 0.822920 0.220000
vt 0.864190 0.220000
vt 0.902225 0.220000
vt 0.935563 0.220000
vt 0.962923 0.220000
vt 0.983253 0.220000
vt 0.995773 0.220000
vt 1.000000 0.220000
vt 0.220000 0.322500
vt 0.177080 0.322500
vt 0.135810 0.322500
vt 0.097775 0.322500
vt 0.064437 0.322500
vt 0.037077 0.322500
vt 0.016747 0.322500
vt 0.004227 0.322500
vt 0.220000 0.322500
vt 0.360000 0.322500
vt 0.500000 0.322500
vt 0.640000 0.322500
vt 0.780000 0.322500
vt 0.822920 0.322500
vt 0.864190 0.322500
vt 0.902225 0.322500
vt 0.935563 0.322500
vt 0.962923 0.322500
vt 0.983253 0.322500
vt 0.995773 0.322500
vt 1.000000 0.322500
vt 0.220000 0.425000
vt 0.177080 0.425000
vt 0.135810 0.425000
vt 0.097775 0.425000
vt 0.064437 0.425000
vt 0.037077 0.425000
vt 0.016747 0.425000
vt 0.004227 0.425000
vt 0.220000 0.425000
vt 0.360000 0.425000
vt 0.500000 0.425000
vt 0.640000 0.425000
vt 0.780000 0.425000
vt 0.822920 0.425000
vt 0.864190 0.425000
vt 0.902225 0.425000
vt 0.935563 0.425000
vt 0.962923 0.425000
vt 0.983253 0.425000
vt 0.995773 0.425000
vt 1.000000 0.425000
vt 0.220000 0.527500
vt 0.177080 0.527500
vt 0.135810 0.527500
vt 0.097775 0.527500
vt 0.064437 0.527500
vt 0.037077 0.527500
vt 0.016747 0.527500
vt 0.004227 0.527500
vt 0.220000 0.527500
vt 0.360000 0.527500
vt 0.500000 0.527500
vt 0.640000 0.527500
vt 0.780000 0.527500
vt 0.822920 0.527500
vt 0.864190 0.527500
vt 0.902225 0.527500
vt 0.935563 0.527500
vt 0.962923 0.527500
vt 0.983253 0.527500
vt 0.995773 0.527500
vt 1.000000 0.527500
vt 0.220000 0.630000
vt 0.177080 0.630000
vt 0.135810 0.630000
vt 0.097775 0.630000
vt 0.064437 0.630000
vt 0.037077 0.630000
vt 0.016747 0.630000
vt 0.004227 0.630000
vt 0.220000 0.630000
vt 0.360000 0.630000
vt 0.500000 0.630000
vt 0.640000 0.630000
vt 0.780000 0.630000
vt 0.822920 0.630000
vt 0.864190 0.630000
vt 0.902225 0.630000
vt 0.935563 0.630000
vt 0.962923 0.630000
vt 0.983253 0.630000
vt 0.995773 0.630000
vt 1.000000 0.630000
vt 0.220000 0.672920
vt 0.177080 0.672920
vt 0.135810 0.672920
vt 0.097775 0.672920
vt 0.064437 0.672920
vt 0.037077 0.672920
vt 0.016747 0.672920
vt 0.004227 0.672920
vt 0.220000 0.672920
vt 0.360000 0.672920
vt 0.500000 0.672920
vt 0.640000 0.672920
vt 0.780000 0.672920
vt 0.822920 0.672920
vt 0.864190 0.672920
vt 0.902225 0.672920
vt 0.935563 0.672920
vt 0.962923 0.672920
vt 0.983253 0.672920
vt 0.995773 0.672920
vt 1.000000 0.672920
vt 0.220000 0.714190
vt 0.177080 0.714190
vt 0.135810 0.714190
vt 0.097775 0.714190
vt 0.064437 0.714190
vt 0.037077 0.714190
vt 0.016747 0.714190
vt 0.004227 0.714190
vt 0.220000 0.714190
vt 0.360000 0.714190
vt 0.500000 0.714190
vt 0.640000 0.714190
vt 0.780000 0.714190
vt 0.822920 0.714190
vt 0.864190 0.714190
vt 0.902225 0.714190
vt 0.935563 0.714190
vt 0.962923 0.714190
vt 0.983253 0.714190
vt 0.995773 0.714190
vt 1.000000 0.714190
vt 0.220000 0.752225
vt 0.177080 0.752225
vt 0.135810 0.752225
vt 0.097775 0.752225
vt 0.064437 0.752225
vt 0.037077 0.752225
vt 0.016747 0.752225
vt 0.004227 0.752225
vt 0.220000 0.752225
vt 0.360000 0.752225
vt 0.500000 0.752225
vt 0.640000 0.752225
vt 0.780000 0.752225
vt 0.822920 0.752225
vt 0.864190 0.752225
vt 0.902225 0.752225
vt 0.935563 0.752225
vt 0.962923 0.752225
vt 0.983253 0.752225
vt 0.995773 0.752225
vt 1.000000 0.752225
vt 0.220000 0.785563
vt 0.177080 0.785563
vt 0.135810 0.785563
vt 0.097775 0.785563
vt 0.064437 0.785563
vt 0.037077 0.785563
vt 0.016747 0.785563
vt 0.004227 0.785563
vt 0.220000 0.785563
vt 0.360000 0.785563
vt 0.500000 0.785563
vt 0.640000 0.785563
vt 0.780000 0.785563
vt 0.822920 0.785563
vt 0.864190 0.785563
vt 0.902225 0.785563
vt 0.935563 0.785563
vt 0.962923 0.785563
vt 0.983253 0.785563
vt 0.995773 0.785563
vt 1.000000 0.785563
vt 0.220000 0.812923
vt 0.177080 0.812923
vt 0.135810 0.812923
vt 0.097775 0.812923
vt 0.064437 0.812923
vt 0.037077 0.812923
vt 0.016747 0.812923
vt 0.004227 0.812923
vt 0.220000 0.812923
vt 0.360000 0.812923
vt 0.500000 0.812923
vt 0.640000 0.812923
vt 0.780000 0.812923
vt 0.822920 0.812923
vt 0.864190 0.812923
vt 0.902225 0.812923
vt 0.935563 0.812923
vt 0.962923 0.812923
vt 0.983253 0.812923
vt 0.995773 0.812923
vt 1.000000 0.812923
vt 0.220000 0.833253
vt 0.177080 0.833253
vt 0.135810 0.833253
vt 0.097775 0.833253
vt 0.064437 0.833253
vt 0.037077 0.833253
vt 0.016747 0.833253
vt 0.004227 0.833253
vt 0.220000 0.833253
vt 0.360000 0.833253
vt 0.500000 0.833253
vt 0.640000 0.833253
vt 0.780000 0.833253
vt 0.822920 0.833253
vt 0.864190 0.833253
vt 0.902225 0.833253
vt 0.935563 0.833253
vt 0.962923 0.833253
vt 0.983253 0.833253
vt 0.995773 0.833253
vt 1.000000 0.833253
vt 0.220000 0.845773
vt 0.177080 0.845773
vt 0.135810 0.845773
vt 0.097775 0.845773
vt 0.064437 0.845773
vt 0.037077 0.845773
vt 0.016747 0.845773
vt 0.004227 0.845773
vt 0.220000 0.845773
vt 0.360000 0.845773
vt 0.500000 0.845773
vt 0.640000 0.845773
vt 0.780000 0.845773
vt 0.822920 0.845773
vt 0.864190 0.845773
vt 0.902225 0.845773
vt 0.935563 0.845773
vt 0.962923 0.845773
vt 0.983253 0.845773
vt 0.995773 0.845773
vt 1.000000 0.845773
vt 0.220000 0.850000
vt 0.177080 0.850000
vt 0.135810 0.850000
vt 0.097775 0.850000
vt 0.064437 0.850000
vt 0.037077 0.850000
vt 0.016747 0.850000
vt 0.004227 0.850000
vt 0.220000 0.850000
vt 0.360000 0.850000
vt 0.500000 0.850000
vt 0.640000 0.850000
vt 0.780000 0.850000
vt 0.822920 0.850000
vt 0.864190 0.850000
vt 0.902225 0.850000
vt 0.935563 0.850000
vt 0.962923 0.850000
vt 0.983253 0.850000
vt 0.995773 0.850000
vt 1.000000 0.850000
vt 0.000000 0.220000
vt 0.004227 0.220000
vt 0.016747 0.220000
vt 0.037077 0.220000
vt 0.064437 0.220000
vt 0.097775 0.220000
vt 0.135810 0.220000
vt 0.177080 0.220000
vt 0.220000 0.220000
vt 0.360000 0.220000
vt 0.500000 0.220000
vt 0.640000 0.220000
vt 0.780000 0.220000
vt 0.995773 0.220000
vt 0.983253 0.220000
vt 0.962923 0.220000
vt 0.935563 0.220000
vt 0.902225 0.220000
vt 0.864190 0.220000
vt 0.822920 0.220000
vt 0.780000 0.220000
vt 0.000000 0.177080
vt 0.004227 0.177080
vt 0.016747 0.177080
vt 0.037077 0.177080
vt 0.064437 0.177080
vt 0.097775 0.177080
vt 0.135810 0.177080
vt 0.177080 0.177080
vt 0.220000 0.177080
vt 0.360000 0.177080
vt 0.500000 0.177080
vt 0.640000 0.177080
vt 0.780000 0.177080
vt 0.995773 0.177080
vt 0.983253 0.177080
vt 0.962923 0.177080
vt 0.935563 0.177080
vt 0.902225 0.177080
vt 0.864190 0.177080
vt 0.822920 0.177080
vt 0.780000 0.177080
vt 0.000000 0.135810
vt 0.004227 0.135810
vt 0.016747 0.135810
vt 0.037077 0.135810
vt 0.064437 0.135810
vt 0.097775 0.135810
vt 0.135810 0.135810
vt 0.177080 0.135810
vt 0.220000 0.135810
vt 0.360000 0.135810
vt 0.500000 0.135810
vt 0.640000 0.135810
vt 0.780000 0.135810
vt 0.995773 0.135810
vt 0.983253 0.135810
vt 0.962923 0.135810
vt 0.935563 0.135810
vt 0.902225 0.135810
vt 0.864190 0.135810
vt 0.822920 0.135810
vt 0.780000 0.135810
vt 0.000000 0.097775
vt 0.004227 0.097775
vt 0.016747 0.097775
vt 0.037077 0.097775
vt 0.064437 0.097775
vt 0.097775 0.097775
vt 0.135810 0.097775
vt 0.177080 0.097775
vt 0.220000 0.097775
vt 0.360000 0.097775
vt 0.500000 0.097775
vt 0.640000 0.097775
vt 0.780000 0.097775
vt 0.995773 0.097775
vt 0.983253 0.097775
vt 0.962923 0.097775
vt 0.935563 0.097775
vt 0.902225 0.097775
vt 0.864190 0.097775
vt 0.822920 0.097775
vt 0.780000 0.097775
vt 0.000000 0.064437
vt 0.004227 0.064437
vt 0.016747 0.064437
vt 0.037077 0.064437
vt 0.064437 0.064437
vt 0.097775 0.064437
vt 0.135810 0.064437
vt 0.177080 0.064437
vt 0.220000 0.064437
vt 0.360000 0.064437
vt 0.500000 0.064437
vt 0.640000 0.064437
vt 0.780000 0.064437
vt 0.995773 0.064437
vt 0.983253 0.064437
vt 0.962923 0.064437
vt 0.935563 0.064437
vt 0.902225 0.064437
vt 0.864190 0.064437
vt 0.822920 0.064437
vt 0.780000 0.064437
vt 0.000000 0.037077
vt 0.004227 0.037077
vt 0.016747 0.037077
vt 0.037077 0.037077
vt 0.064437 0.037077
vt 0.097775 0.037077
vt 0.135810 0.037077
vt 0.177080 0.037077
vt 0.220000 0.037077
vt 0.360000 0.037077
vt 0.500000 0.037077
vt 0.640000 0.037077
vt 0.780000 0.037077
vt 0.995773 0.037077
vt 0.983253 0.037077
vt 0.962923 0.037077
vt 0.935563 0.037077
vt 0.902225 0.037077
vt 0.864190 0.037077
vt 0.822920 0.037077
vt 0.780000 0.037077
vt 0.000000 0.016747
vt 0.004227 0.016747
vt 0.016747 0.016747
vt 0.037077 0.016747
vt 0.064437 0.016747
vt 0.097775 0.016747
vt 0.135810 0.016747
vt 0.177080 0.016747
vt 0.220000 0.016747
vt 0.360000 0.016747
vt 0.500000 0.016747
vt 0.640000 0.016747
vt 0.780000 0.016747
vt 0.995773 0.016747
vt 0.983253 0.016747
vt 0.962923 0.016747
vt 0.935563 0.016747
vt 0.902225 0.016747
vt 0.864190 0.016747
vt 0.822920 0.016747
vt 0.780000 0.016747
vt 0.000000 0.004227
vt 0.004227 0.004227
vt 0.016747 0.004227
vt 0.037077 0.004227
vt 0.064437 0.004227
vt 0.097775 0.004227
vt 0.135810 0.004227
vt 0.177080 0.004227
vt 0.220000 0.004227
vt 0.360000 0.004227
vt 0.500000 0.004227
vt 0.640000 0.004227
vt 0.780000 0.004227
vt 0.995773 0.004227
vt 0.983253 0.004227
vt 0.962923 0.004227
vt 0.935563 0.004227
vt 0.902225 0.004227
vt 0.864190 0.004227
vt 0.822920 0.004227
vt 0.780000 0.004227
vt 0.000000 0.220000
vt 0.004227 0.220000
vt 0.016747 0.220000
vt 0.037077 0.220000
vt 0.064437 0.220000
vt 0.097775 0.220000
vt 0.135810 0.220000
vt 0.177080 0.220000
vt 0.220000 0.220000
vt 0.360000 0.220000
vt 0.500000 0.220000
vt 0.640000 0.220000
vt 0.780000 0.220000
vt 0.995773 0.220000
vt 0.983253 0.220000
vt 0.962923 0.220000
vt 0.935563 0.220000
vt 0.902225 0.220000
vt 0.864190 0.220000
vt 0.822920 0.220000
vt 0.780000 0.220000
vt 0.000000 0.322500
vt 0.004227 0.322500
vt 0.016747 0.322500
vt 0.037077 0.322500
vt 0.064437 0.322500
vt 0.097775 0.322500
vt 0.135810 0.322500
vt 0.177080 0.322500
vt 0.220000 0.322500
vt 0.360000 0.322500
vt 0.500000 0.322500
vt 0.640000 0.322500
vt 0.780000 0.322500
vt 0.995773 0.322500
vt 0.983253 0.322500
vt 0.962923 0.322500
vt 0.935563 0.322500
vt 0.902225 0.322500
vt 0.864190 0.322500
vt 0.822920 0.322500
vt 0.780000 0.322500
vt 0.000000 0.425000
vt 0.004227 0.425000
vt 0.016747 0.425000
vt 0.037077 0.425000
vt 0.064437 0.425000
vt 0.097775 0.425000
vt 0.135810 0.425000
vt 0.177080 0.425000
vt 0.220000 0.425000
vt 0.360000 0.425000
vt 0.500000 0.425000
vt 0.640000 0.425000
vt 0.780000 0.425000
vt 0.995773 0.425000
vt 0.983253 0.425000
vt 0.962923 0.425000
vt 0.935563 0.425000
vt 0.902225 0.425000
vt 0.864190 0.425000
vt 0.822920 0.425000
vt 0.780000 0.425000
vt 0.000000 0.527500
vt 0.004227 0.527500
vt 0.016747 0.527500
vt 0.037077 0.527500
vt 0.064437 0.527500
vt 0.097775 0.527500
vt 0.135810 0.527500
vt 0.177080 0.527500
vt 0.220000 0.527500
vt 0.360000 0.527500
vt 0.500000 0.527500
vt 0.640000 0.527500
vt 0.780000 0.527500
vt 0.995773 0.527500
vt 0.983253 0.527500
vt 0.962923 0.527500
vt 0.935563 0.527500
vt 0.902225 0.527500
vt 0.864190 0.527500
vt 0.822920 0.527500
vt 0.780000 0.527500
vt 0.000000 0.630000
vt 0.004227 0.630000
vt 0.016747 0.630000
vt 0.037077 0.630000
vt 0.064437 0.630000
vt 0.097775 0.630000
vt 0.135810 0.630000
vt 0.177080 0.630000
vt 0.220000 0.630000
vt 0.360000 0.630000
vt 0.500000 0.630000
vt 0.640000 0.630000
vt 0.780000 0.630000
vt 0.995773 0.630000
vt 0.983253 0.630000
vt 0.962923 0.630000
vt 0.935563 0.630000
vt 0.902225 0.630000
vt 0.864190 0.630000
vt 0.822920 0.630000
vt 0.780000 0.630000
vt 0.000000 0.672920
vt 0.004227 0.672920
vt 0.016747 0.672920
vt 0.037077 0.672920
vt 0.064437 0.672920
vt 0.097775 0.672920
vt 0.135810 0.672920
vt 0.177080 0.672920
vt 0.220000 0.672920
vt 0.360000 0.672920
vt 0.500000 0.672920
vt 0.640000 0.672920
vt 0.780000 0.672920
vt 0.995773 0.672920
vt 0.983253 0.672920
vt 0.962923 0.672920
vt 0.935563 0.672920
vt 0.902225 0.672920
vt 0.864190 0.672920
vt 0.822920 0.672920
vt 0.780000 0.672920
vt 0.000000 0.714190
vt 0.004227 0.714190
vt 0.016747 0.714190
vt 0.037077 0.714190
vt 0.064437 0.714190
vt 0.097775 0.714190
vt 0.135810 0.714190
vt 0.177080 0.714190
vt 0.220000 0.714190
vt 0.360000 0.714190
vt 0.500000 0.714190
vt 0.640000 0.714190
vt 0.780000 0.714190
vt 0.995773 0.714190
vt 0.983253 0.714190
vt 0.962923 0.714190
vt 0.935563 0.714190
vt 0.902225 0.714190
vt 0.864190 0.714190
vt 0.822920 0.714190
vt 0.780000 0.714190
vt 0.000000 0.752225
vt 0.004227 0.752225
vt 0.016747 0.752225
vt 0.037077 0.752225
vt 0.064437 0.752225
vt 0.097775 0.752225
vt 0.135810 0.752225
vt 0.177080 0.752225
vt 0.220000 0.752225
vt 0.360000 0.752225
vt 0.500000 0.752225
vt 0.640000 0.752225
vt 0.780000 0.752225
vt 0.995773 0.752225
vt 0.983253 0.752225
vt 0.962923 0.752225
vt 0.935563 0.752225
vt 0.902225 0.752225
vt 0.864190 0.752225
vt 0.822920 0.752225
vt 0.780000 0.752225
vt 0.000000 0.785563
vt 0.004227 0.785563
vt 0.016747 0.785563
vt 0.037077 0.785563
vt 0.064437 0.785563
vt 0.097775 0.785563
vt 0.135810 0.785563
vt 0.177080 0.785563
vt 0.220000 0.785563
vt 0.360000 0.785563
vt 0.500000 0.785563
vt 0.640000 0.785563
vt 0.780000 0.785563
vt 0.995773 0.785563
vt 0.983253 0.785563
vt 0.962923 0.785563
vt 0.935563 0.785563
vt 0.902225 0.785563
vt 0.864190 0.785563
vt 0.822920 0.785563
vt 0.780000 0.785563
vt 0.000000 0.812923
vt 0.004227 0.812923
vt 0.016747 0.812923
vt 0.037077 0.812923
vt 0.064437 0.812923
vt 0.097775 0.812923
vt 0.135810 0.812923
vt 0.177080 0.812923
vt 0.220000 0.812923
vt 0.360000 0.812923
vt 0.500000 0.812923
vt 0.640000 0.812923
vt 0.780000 0.812923
vt 0.995773 0.812923
vt 0.983253 0.812923
vt 0.962923 0.812923
vt 0.935563 0.812923
vt 0.902225 0.812923
vt 0.864190 0.812923
vt 0.822920 0.812923
vt 0.780000 0.812923
vt 0.000000 0.833253
vt 0.004227 0.833253
vt 0.016747 0.833253
vt 0.037077 0.833253
vt 0.064437 0.833253
vt 0.097775 0.833253
vt 0.135810 0.833253
vt 0.177080 0.833253
vt 0.220000 0.833253
vt 0.360000 0.833253
vt 0.500000 0.833253
vt 0.640000 0.833253
vt 0.780000 0.833253
vt 0.995773 0.833253
vt 0.983253 0.833253
vt 0.962923 0.833253
vt 0.935563 0.833253
vt 0.902225 0.833253
vt 0.864190 0.833253
vt 0.822920 0.833253
vt 0.780000 0.833253
vt 0.000000 0.845773
vt 0.004227 0.845773
vt 0.016747 0.845773
vt 0.037077 0.845773
vt 0.064437 0.845773
vt 0.097775 0.845773
vt 0.135810 0.845773
vt 0.177080 0.845773
vt 0.220000 0.845773
vt 0.360000 0.845773
vt 0.500000 0.845773
vt 0.640000 0.845773
vt 0.780000 0.845773
vt 0.995773 0.845773
vt 0.983253 0.845773
vt 0.962923 0.845773
vt 0.935563 0.845773
vt 0.902225 0.845773
vt 0.864190 0.845773
vt 0.822920 0.845773
vt 0.780000 0.845773
vt 0.000000 0.850000
vt 0.004227 0.850000
vt 0.016747 0.850000
vt 0.037077 0.850000
vt 0.064437 0.850000
vt 0.097775 0.850000
vt 0.135810 0.850000
vt 0.177080 0.850000
vt 0.220000 0.850000
vt 0.360000 0.850000
vt 0.500000 0.850000
vt 0.640000 0.850000
vt 0.780000 0.850000
vt 0.995773 0.850000
vt 0.983253 0.850000
vt 0.962923 0.850000
vt 0.935563 0.850000
vt 0.902225 0.850000
vt 0.864190 0.850000
vt 0.822920 0.850000
vt 0.780000 0.850000
vt 0.220000 0.220000
vt 0.177080 0.220000
vt 0.135810 0.220000
vt 0.097775 0.220000
vt 0.064437 0.220000
vt 0.037077 0.220000
vt 0.016747 0.220000
vt 0.004227 0.220000
vt 0.220000 0.220000
vt 0.360000 0.220000
vt 0.500000 0.220000
vt 0.640000 0.220000
vt 0.780000 0.220000
vt 0.822920 0.220000
vt 0.864190 0.220000
vt 0.902225 0.220000
vt 0.935563 0.220000
vt 0.962923 0.220000
vt 0.983253 0.220000
vt 0.995773 0.220000
vt 1.000000 0.220000
vt 0.220000 0.177080
vt 0.177080 0.177080
vt 0.135810 0.177080
vt 0.097775 0.177080
vt 0.064437 0.177080
vt 0.037077 0.177080
vt 0.016747 0.177080
vt 0.004227 0.177080
vt 0.220000 0.177080
vt 0.360000 0.177080
vt 0.500000 0.177080
vt 0.640000 0.177080
vt 0.780000 0.177080
vt 0.822920 0.177080
vt 0.864190 0.177080
vt 0.902225 0.177080
vt 0.935563 0.177080
vt 0.962923 0.177080
vt 0.983253 0.177080
vt 0.995773 0.177080
vt 1.000000 0.177080
vt 0.220000 0.135810
vt 0.177080 0.135810
vt 0.135810 0.135810
vt 0.097775 0.135810
vt 0.064437 0.135810
vt 0.037077 0.135810
vt 0.016747 0.135810
vt 0.004227 0.135810
vt 0.220000 0.135810
vt 0.360000 0.135810
vt 0.500000 0.135810
vt 0.640000 0.135810
vt 0.780000 0.135810
vt 0.822920 0.135810
vt 0.864190 0.135810
vt 0.902225 0.135810
vt 0.935563 0.135810
vt 0.962923 0.135810
vt 0.983253 0.135810
vt 0.995773 0.135810
vt 1.000000 0.135810
vt 0.220000 0.097775
vt 0.177080 0.097775
vt 0.135810 0.097775
vt 0.097775 0.097775
vt 0.064437 0.097775
vt 0.037077 0.097775
vt 0.016747 0.097775
vt 0.004227 0.097775
vt 0.220000 0.097775
vt 0.360000 0.097775
vt 0.500000 0.097775
vt 0.640000 0.097775
vt 0.780000 0.097775
vt 0.822920 0.097775
vt 0.864190 0.097775
vt 0.902225 0.097775
vt 0.935563 0.097775
vt 0.962923 0.097775
vt 0.983253 0.097775
vt 0.995773 0.097775
vt 1.000000 0.097775
vt 0.220000 0.064437
vt 0.177080 0.064437
vt 0.135810 0.064437
vt 0.097775 0.064437
vt 0.064437 0.064437
vt 0.037077 0.064437
vt 0.016747 0.064437
vt 0.004227 0.064437
vt 0.220000 0.064437
vt 0.360000 0.064437
vt 0.500000 0.064437
vt 0.640000 0.064437
vt 0.780000 0.064437
vt 0.822920 0.064437
vt 0.864190 0.064437
vt 0.902225 0.064437
vt 0.935563 0.064437
vt 0.962923 0.064437
vt 0.983253 0.064437
vt 0.995773 0.064437
vt 1.000000 0.064437
vt 0.220000 0.037077
vt 0.177080 0.037077
vt 0.135810 0.037077
vt 0.097775 0.037077
vt 0.064437 0.037077
vt 0.037077 0.037077
vt 0.016747 0.037077
vt 0.004227 0.037077
vt 0.220000 0.037077
vt 0.360000 0.037077
vt 0.500000 0.037077
vt 0.640000 0.037077
vt 0.780000 0.037077
vt 0.822920 0.037077
vt 0.864190 0.037077
vt 0.902225 0.037077
vt 0.935563 0.037077
vt 0.962923 0.037077
vt 0.983253 0.037077
vt 0.995773 0.037077
vt 1.000000 0.037077
vt 0.220000 0.016747
vt 0.177080 0.016747
vt 0.135810 0.016747
vt 0.097775 0.016747
vt 0.064437 0.016747
vt 0.037077 0.016747
vt 0.016747 0.016747
vt 0.004227 0.016747
vt 0.220000 0.016747
vt 0.360000 0.016747
vt 0.500000 0.016747
vt 0.640000 0.016747
vt 0.780000 0.016747
vt 0.822920 0.016747
vt 0.864190 0.016747
vt 0.902225 0.016747
vt 0.935563 0.016747
vt 0.962923 0.016747
vt 0.983253 0.016747
vt 0.995773 0.016747
vt 1.000000 0.016747
vt 0.220000 0.004227
vt 0.177080 0.004227
vt 0.135810 0.004227
vt 0.097775 0.004227
vt 0.064437 0.004227
vt 0.037077 0.004227
vt 0.016747 0.004227
vt 0.004227 0.004227
vt 0.220000 0.004227
vt 0.360000 0.004227
vt 0.500000 0.004227
vt 0.640000 0.004227
vt 0.780000 0.004227
vt 0.822920 0.004227
vt 0.864190 0.004227
vt 0.902225 0.004227
vt 0.935563 0.004227
vt 0.962923 0.004227
vt 0.983253 0.004227
vt 0.995773 0.004227
vt 1.000000 0.004227
vt 0.220000 0.220000
vt 0.177080 0.220000
vt 0.135810 0.220000
vt 0.097775 0.220000
vt 0.064437 0.220000
vt 0.037077 0.220000
vt 0.016747 0.220000
vt 0.004227 0.220000
vt 0.220000 0.220000
vt 0.360000 0.220000
vt 0.500000 0.220000
vt 0.640000 0.220000
vt 0.780000 0.220000
vt 0.822920 0.220000
vt 0.864190 0.220000
vt 0.902225 0.220000
vt 0.935563 0.220000
vt 0.962923 0.220000
vt 0.983253 0.220000
vt 0.995773 0.220000
vt 1.000000 0.220000
vt 0.220000 0.322500
vt 0.177080 0.322500
vt 0.135810 0.322500
vt 0.097775 0.322500
vt 0.064437 0.322500
vt 0.037077 0.322500
vt 0.016747 0.322500
vt 0.004227 0.322500
vt 0.220000 0.322500
vt 0.360000 0.322500
vt 0.500000 0.322500
vt 0.640000 0.322500
vt 0.780000 0.322500
vt 0.822920 0.322500
vt 0.864190 0.322500
vt 0.902225 0.322500
vt 0.935563 0.322500
vt 0.962923 0.322500
vt 0.983253 0.322500
vt 0.995773 0.322500
vt 1.000000 0.322500
vt 0.220000 0.425000
vt 0.177080 0.425000
vt 0.135810 0.425000
vt 0.097775 0.425000
vt 0.064437 0.425000
vt 0.037077 0.425000
vt 0.016747 0.425000
vt 0.004227 0.425000
vt 0.220000 0.425000
vt 0.360000 0.425000
vt 0.500000 0.425000
vt 0.640000 0.425000
vt 0.780000 0.425000
vt 0.822920 0.425000
vt 0.864190 0.425000
vt 0.902225 0.425000
vt 0.935563 0.425000
vt 0.962923 0.425000
vt 0.983253 0.425000
vt 0.995773 0.425000
vt 1.000000 0.425000
vt 0.220000 0.527500
vt 0.177080 0.527500
vt 0.135810 0.527500
vt 0.097775 0.527500
vt 0.064437 0.527500
vt 0.037077 0.527500
vt 0.016747 0.527500
vt 0.004227 0.527500
vt 0.220000 0.527500
vt 0.360000 0.527500
vt 0.500000 0.527500
vt 0.640000 0.527500
vt 0.780000 0.527500
vt 0.822920 0.527500
vt 0.864190 0.527500
vt 0.902225 0.527500
vt 0.935563 0.527500
vt 0.962923 0.527500
vt 0.983253 0.527500
vt 0.995773 0.527500
vt 1.000000 0.527500
vt 0.220000 0.630000
vt 0.177080 0.630000
vt 0.135810 0.630000
vt 0.097775 0.630000
vt 0.064437 0.630000
vt 0.037077 0.630000
vt 0.016747 0.630000
vt 0.004227 0.630000
vt 0.220000 0.630000
vt 0.360000 0.630000
vt 0.500000 0.630000
vt 0.640000 0.630000
vt 0.780000 0.630000
vt 0.822920 0.630000
vt 0.864190 0.630000
vt 0.902225 0.630000
vt 0.935563 0.630000
vt 0.962923 0.630000
vt 0.983253 0.630000
vt 0.995773 0.630000
vt 1.000000 0.630000
vt 0.220000 0.672920
vt 0.177080 0.672920
vt 0.135810 0.672920
vt 0.097775 0.672920
vt 0.064437 0.672920
vt 0.037077 0.672920
vt 0.016747 0.672920
vt 0.004227 0.672920
vt 0.220000 0.672920
vt 0.360000 0.672920
vt 0.500000 0.672920
vt 0.640000 0.672920
vt 0.780000 0.672920
vt 0.822920 0.672920
vt 0.864190 0.672920
vt 0.902225 0.672920
vt 0.935563 0.672920
vt 0.962923 0.672920
vt 0.983253 0.672920
vt 0.995773 0.672920
vt 1.000000 0.672920
vt 0.220000 0.714190
vt 0.177080 0.714190
vt 0.135810 0.714190
vt 0.097775 0.714190
vt 0.064437 0.714190
vt 0.037077 0.714190
vt 0.016747 0.714190
vt 0.004227 0.714190
vt 0.220000 0.714190
vt 0.360000 0.714190
vt 0.500000 0.714190
vt 0.640000 0.714190
vt 0.780000 0.714190
vt 0.822920 0.714190
vt 0.864190 0.714190
vt 0.902225 0.714190
vt 0.935563 0.714190
vt 0.962923 0.714190
vt 0.983253 0.714190
vt 0.995773 0.714190
vt 1.000000 0.714190
vt 0.220000 0.752225
vt 0.177080 0.752225
vt 0.135810 0.752225
vt 0.097775 0.752225
vt 0.064437 0.752225
vt 0.037077 0.752225
vt 0.016747 0.752225
vt 0.004227 0.752225
vt 0.220000 0.752225
vt 0.360000 0.752225
vt 0.500000 0.752225
vt 0.640000 0.752225
vt 0.780000 0.752225
vt 0.822920 0.752225
vt 0.864190 0.752225
vt 0.902225 0.752225
vt 0.935563 0.752225
vt 0.962923 0.752225
vt 0.983253 0.752225
vt 0.995773 0.752225
vt 1.000000 0.752225
vt 0.220000 0.785563
vt 0.177080 0.785563
vt 0.135810 0.785563
vt 0.097775 0.785563
vt 0.064437 0.785563
vt 0.037077 0.785563
vt 0.016747 0.785563
vt 0.004227 0.785563
vt 0.220000 0.785563
vt 0.360000 0.785563
vt 0.500000 0.785563
vt 0.640000 0.785563
vt 0.780000 0.785563
vt 0.822920 0.785563
vt 0.864190 0.785563
vt 0.902225 0.785563
vt 0.935563 0.785563
vt 0.962923 0.785563
vt 0.983253 0.785563
vt 0.995773 0.785563
vt 1.000000 0.785563
vt 0.220000 0.812923
vt 0.177080 0.812923
vt 0.135810 0.812923
vt 0.097775 0.812923
vt 0.064437 0.812923
vt 0.037077 0.812923
vt 0.016747 0.812923
vt 0.004227 0.812923
vt 0.220000 0.812923
vt 0.360000 0.812923
vt 0.500000 0.812923
vt 0.640000 0.812923
vt 0.780000 0.812923
vt 0.822920 0.812923
vt 0.864190 0.812923
vt 0.902225 0.812923
vt 0.935563 0.812923
vt 0.962923 0.812923
vt 0.983253 0.812923
vt 0.995773 0.812923
vt 1.000000 0.812923
vt 0.220000 0.833253
vt 0.177080 0.833253
vt 0.135810 0.833253
vt 0.097775 0.833253
vt 0.064437 0.833253
vt 0.037077 0.833253
vt 0.016747 0.833253
vt 0.004227 0.833253
vt 0.220000 0.833253
vt 0.360000 0.833253
vt 0.500000 0.833253
vt 0.640000 0.833253
vt 0.780000 0.833253
vt 0.822920 0.833253
vt 0.864190 0.833253
vt 0.902225 0.833253
vt 0.935563 0.833253
vt 0.962923 0.833253
vt 0.983253 0.833253
vt 0.995773 0.833253
vt 1.000000 0.833253
vt 0.220000 0.845773
vt 0.177080 0.845773
vt 0.135810 0.845773
vt 0.097775 0.845773
vt 0.064437 0.845773
vt 0.037077 0.845773
vt 0.016747 0.845773
vt 0.004227 0.845773
vt 0.220000 0.845773
vt 0.360000 0.845773
vt 0.500000 0.845773
vt 0.640000 0.845773
vt 0.780000 0.845773
vt 0.822920 0.845773
vt 0.864190 0.845773
vt 0.902225 0.845773
vt 0.935563 0.845773
vt 0.962923 0.845773
vt 0.983253 0.845773
vt 0.995773 0.845773
vt 1.000000 0.845773
vt 0.220000 0.850000
vt 0.177080 0.850000
vt 0.135810 0.850000
vt 0.097775 0.850000
vt 0.064437 0.850000
vt 0.037077 0.850000
vt 0.016747 0.850000
vt 0.004227 0.850000
vt 0.220000 0.850000
vt 0.360000 0.850000
vt 0.500000 0.850000
vt 0.640000 0.850000
vt 0.780000 0.850000
vt 0.822920 0.850000
vt 0.864190 0.850000
vt 0.902225 0.850000
vt 0.935563 0.850000
vt 0.962923 0.850000
vt 0.983253 0.850000
vt 0.995773 0.850000
vt 1.000000 0.850000
vt 0.000000 0.220000
vt 0.004227 0.220000
vt 0.016747 0.220000
vt 0.037077 0.220000
vt 0.064437 0.220000
vt 0.097775 0.220000
vt 0.135810 0.220000
vt 0.177080 0.220000
vt 0.220000 0.220000
vt 0.360000 0.220000
vt 0.500000 0.220000
vt 0.640000 0.220000
vt 0.780000 0.220000
vt 0.995773 0.220000
vt 0.983253 0.220000
vt 0.962923 0.220000
vt 0.935563 0.220000
vt 0.902225 0.220000
vt 0.864190 0.220000
vt 0.822920 0.220000
vt 0.780000 0.220000
vt 0.000000 0.177080
vt 0.004227 0.177080
vt 0.016747 0.177080
vt 0.037077 0.177080
vt 0.064437 0.177080
vt 0.097775 0.177080
vt 0.135810 0.177080
vt 0.177080 0.177080
vt 0.220000 0.177080
vt 0.360000 0.177080
vt 0.500000 0.177080
vt 0.640000 0.177080
vt 0.780000 0.177080
vt 0.995773 0.177080
vt 0.983253 0.177080
vt 0.962923 0.177080
vt 0.935563 0.177080
vt 0.902225 0.177080
vt 0.864190 0.177080
vt 0.822920 0.177080
vt 0.780000 0.177080
vt 0.000000 0.135810
vt 0.004227 0.135810
vt 0.016747 0.135810
vt 0.037077 0.135810
vt 0.064437 0.135810
vt 0.097775 0.135810
vt 0.135810 0.135810
vt 0.177080 0.135810
vt 0.220000 0.135810
vt 0.360000 0.135810
vt 0.500000 0.135810
vt 0.640000 0.135810
vt 0.780000 0.135810
vt 0.995773 0.135810
vt 0.983253 0.135810
vt 0.962923 0.135810
vt 0.935563 0.135810
vt 0.902225 0.135810
vt 0.864190 0.135810
vt 0.822920 0.135810
vt 0.780000 0.135810
vt 0.000000 0.097775
vt 0.004227 0.097775
vt 0.016747 0.097775
vt 0.037077 0.097775
vt 0.064437 0.097775
vt 0.097775 0.097775
vt 0.135810 0.097775
vt 0.177080 0.097775
vt 0.220000 0.097775
vt 0.360000 0.097775
vt 0.500000 0.097775
vt 0.640000 0.097775
vt 0.780000 0.097775
vt 0.995773 0.097775
vt 0.983253 0.097775
vt 0.962923 0.097775
vt 0.935563 0.097775
vt 0.902225 0.097775
vt 0.864190 0.097775
vt 0.822920 0.097775
vt 0.780000 0.097775
vt 0.000000 0.064437
vt 0.004227 0.064437
vt 0.016747 0.064437
vt 0.037077 0.064437
vt 0.064437 0.064437
vt 0.097775 0.064437
vt 0.135810 0.064437
vt 0.177080 0.064437
vt 0.220000 0.064437
vt 0.360000 0.064437
vt 0.500000 0.064437
vt 0.640000 0.064437
vt 0.780000 0.064437
vt 0.995773 0.064437
vt 0.983253 0.064437
vt 0.962923 0.064437
vt 0.935563 0.064437
vt 0.902225 0.064437
vt 0.864190 0.064437
vt 0.822920 0.064437
vt 0.780000 0.064437
vt 0.000000 0.037077
vt 0.004227 0.037077
vt 0.016747 0.037077
vt 0.037077 0.037077
vt 0.064437 0.037077
vt 0.097775 0.037077
vt 0.135810 0.037077
vt 0.177080 0.037077
vt 0.220000 0.037077
vt 0.360000 0.037077
vt 0.500000 0.037077
vt 0.640000 0.037077
vt 0.780000 0.037077
vt 0.995773 0.037077
vt 0.983253 0.037077
vt 0.962923 0.037077
vt 0.935563 0.037077
vt 0.902225 0.037077
vt 0.864190 0.037077
vt 0.822920 0.037077
vt 0.780000 0.037077
vt 0.000000 0.016747
vt 0.004227 0.016747
vt 0.016747 0.016747
vt 0.037077 0.016747
vt 0.064437 0.016747
vt 0.097775 0.016747
vt 0.135810 0.016747
vt 0.177080 0.016747
vt 0.220000 0.016747
vt 0.360000 0.016747
vt 0.500000 0.016747
vt 0.640000 0.016747
vt 0.780000 0.016747
vt 0.995773 0.016747
vt 0.983253 0.016747
vt 0.962923 0.016747
vt 0.935563 0.016747
vt 0.902225 0.016747
vt 0.864190 0.016747
vt 0.822920 0.016747
vt 0.780000 0.016747
vt 0.000000 0.004227
vt 0.004227 0.004227
vt 0.016747 0.004227
vt 0.037077 0.004227
vt 0.064437 0.004227
vt 0.097775 0.004227
vt 0.135810 0.004227
vt 0.177080 0.004227
vt 0.220000 0.004227
vt 0.360000 0.004227
vt 0.500000 0.004227
vt 0.640000 0.004227
vt 0.780000 0.004227
vt 0.995773 0.004227
vt 0.983253 0.004227
vt 0.962923 0.004227
vt 0.935563 0.004227
vt 0.902225 0.004227
vt 0.864190 0.004227
vt 0.822920 0.004227
vt 0.780000 0.004227
vt 0.000000 0.220000
vt 0.004227 0.220000
vt 0.016747 0.220000
vt 0.037077 0.220000
vt 0.064437 0.220000
vt 0.097775 0.220000
vt 0.135810 0.220000
vt 0.177080 0.220000
vt 0.220000 0.220000
vt 0.360000 0.220000
vt 0.500000 0.220000
vt 0.640000 0.220000
vt 0.780000 0.220000
vt 0.995773 0.220000
vt 0.983253 0.220000
vt 0.962923 0.220000
vt 0.935563 0.220000
vt 0.902225 0.220000
vt 0.864190 0.220000
vt 0.822920 0.220000
vt 0.780000 0.220000
vt 0.000000 0.322500
vt 0.004227 0.322500
vt 0.016747 0.322500
vt 0.037077 0.322500
vt 0.064437 0.322500
vt 0.097775 0.322500
vt 0.135810 0.322500
vt 0.177080 0.322500
vt 0.220000 0.322500
vt 0.360000 0.322500
vt 0.500000 0.322500
vt 0.640000 0.322500
vt 0.780000 0.322500
vt 0.995773 0.322500
vt 0.983253 0.322500
vt 0.962923 0.322500
vt 0.935563 0.322500
vt 0.902225 0.322500
vt 0.864190 0.322500
vt 0.822920 0.322500
vt 0.780000 0.322500
vt 0.000000 0.425000
vt 0.004227 0.425000
vt 0.016747 0.425000
vt 0.037077 0.425000
vt 0.064437 0.425000
vt 0.097775 0.425000
vt 0.135810 0.425000
vt 0.177080 0.425000
vt 0.220000 0.425000
vt 0.360000 0.425000
vt 0.500000 0.425000
vt 0.640000 0.425000
vt 0.780000 0.425000
vt 0.995773 0.425000
vt 0.983253 0.425000
vt 0.962923 0.425000
vt 0.935563 0.425000
vt 0.902225 0.425000
vt 0.864190 0.425000
vt 0.822920 0.425000
vt 0.780000 0.425000
vt 0.000000 0.527500
vt 0.004227 0.527500
vt 0.016747 0.527500
vt 0.037077 0.527500
vt 0.064437 0.527500
vt 0.097775 0.527500
vt 0.135810 0.527500
vt 0.177080 0.527500
vt 0.220000 0.527500
vt 0.360000 0.527500
vt 0.500000 0.527500
vt 0.640000 0.527500
vt 0.780000 0.527500
vt 0.995773 0.527500
vt 0.983253 0.527500
vt 0.962923 0.527500
vt 0.935563 0.527500
vt 0.902225 0.527500
vt 0.864190 0.527500
vt 0.822920 0.527500
vt 0.780000 0.527500
vt 0.000000 0.630000
vt 0.004227 0.630000
vt 0.016747 0.630000
vt 0.037077 0.630000
vt 0.064437 0.630000
vt 0.097775 0.630000
vt 0.135810 0.630000
vt 0.177080 0.630000
vt 0.220000 0.630000
vt 0.360000 0.630000
vt 0.500000 0.630000
vt 0.640000 0.630000
vt 0.780000 0.630000
vt 0.995773 0.630000
vt 0.983253 0.630000
vt 0.962923 0.630000
vt 0.935563 0.630000
vt 0.902225 0.630000
vt 0.864190 0.630000
vt 0.822920 0.630000
vt 0.780000 0.630000
vt 0.000000 0.672920
vt 0.004227 0.672920
vt 0.016747 0.672920
vt 0.037077 0.672920
vt 0.064437 0.672920
vt 0.097775 0.672920
vt 0.135810 0.672920
vt 0.177080 0.672920
vt 0.220000 0.672920
vt 0.360000 0.672920
vt 0.500000 0.672920
vt 0.640000 0.672920
vt 0.780000 0.672920
vt 0.995773 0.672920
vt 0.983253 0.672920
vt 0.962923 0.672920
vt 0.935563 0.672920
vt 0.902225 0.672920
vt 0.864190 0.672920
vt 0.822920 0.672920
vt 0.780000 0.672920
vt 0.000000 0.714190
vt 0.004227 0.714190
vt 0.016747 0.714190
vt 0.037077 0.714190
vt 0.064437 0.714190
vt 0.097775 0.714190
vt 0.135810 0.714190
vt 0.177080 0.714190
vt 0.220000 0.714190
vt 0.360000 0.714190
vt 0.500000 0.714190
vt 0.640000 0.714190
vt 0.780000 0.714190
vt 0.995773 0.714190
vt 0.983253 0.714190
vt 0.962923 0.714190
vt 0.935563 0.714190
vt 0.902225 0.714190
vt 0.864190 0.714190
vt 0.822920 0.714190
vt 0.780000 0.714190
vt 0.000000 0.752225
vt 0.004227 0.752225
vt 0.016747 0.752225
vt 0.037077 0.752225
vt 0.064437 0.752225
vt 0.097775 0.752225
vt 0.135810 0.752225
vt 0.177080 0.752225
vt 0.220000 0.752225
vt 0.360000 0.752225
vt 0.500000 0.752225
vt 0.640000 0.752225
vt 0.780000 0.752225
vt 0.995773 0.752225
vt 0.983253 0.752225
vt 0.962923 0.752225
vt 0.935563 0.752225
vt 0.902225 0.752225
vt 0.864190 0.752225
vt 0.822920 0.752225
vt 0.780000 0.752225
vt 0.000000 0.785563
vt 0.004227 0.785563
vt 0.016747 0.785563
vt 0.037077 0.785563
vt 0.064437 0.785563
vt 0.097775 0.785563
vt 0.135810 0.785563
vt 0.177080 0.785563
vt 0.220000 0.785563
vt 0.360000 0.785563
vt 0.500000 0.785563
vt 0.640000 0.785563
vt 0.780000 0.785563
vt 0.995773 0.785563
vt 0.983253 0.785563
vt 0.962923 0.785563
vt 0.935563 0.785563
vt 0.902225 0.785563
vt 0.864190 0.785563
vt 0.822920 0.785563
vt 0.780000 0.785563
vt 0.000000 0.812923
vt 0.004227 0.812923
vt 0.016747 0.812923
vt 0.037077 0.812923
vt 0.064437 0.812923
vt 0.097775 0.812923
vt 0.135810 0.812923
vt 0.177080 0.812923
vt 0.220000 0.812923
vt 0.360000 0.812923
vt 0.500000 0.812923
vt 0.640000 0.812923
vt 0.780000 0.812923
vt 0.995773 0.812923
vt 0.983253 0.812923
vt 0.962923 0.812923
vt 0.935563 0.812923
vt 0.902225 0.812923
vt 0.864190 0.812923
vt 0.822920 0.812923
vt 0.780000 0.812923
vt 0.000000 0.833253
vt 0.004227 0.833253
vt 0.016747 0.833253
vt 0.037077 0.833253
vt 0.064437 0.833253
vt 0.097775 0.833253
vt 0.135810 0.833253
vt 0.177080 0.833253
vt 0.220000 0.833253
vt 0.360000 0.833253
vt 0.500000 0.833253
vt 0.640000 0.833253
vt 0.780000 0.833253
vt 0.995773 0.833253
vt 0.983253 0.833253
vt 0.962923 0.833253
vt 0.935563 0.833253
vt 0.902225 0.833253
vt 0.864190 0.833253
vt 0.822920 0.833253
vt 0.780000 0.833253
vt 0.000000 0.845773
vt 0.004227 0.845773
vt 0.016747 0.845773
vt 0.037077 0.845773
vt 0.064437 0.845773
vt 0.097775 0.845773
vt 0.135810 0.845773
vt 0.177080 0.845773
vt 0.220000 0.845773
vt 0.360000 0.845773
vt 0.500000 0.845773
vt 0.640000 0.845773
vt 0.780000 0.845773
vt 0.995773 0.845773
vt 0.983253 0.845773
vt 0.962923 0.845773
vt 0.935563 0.845773
vt 0.902225 0.845773
vt 0.864190 0.845773
vt 0.822920 0.845773
vt 0.780000 0.845773
vt 0.000000 0.850000
vt 0.004227 0.850000
vt 0.016747 0.850000
vt 0.037077 0.850000
vt 0.064437 0.850000
vt 0.097775 0.850000
vt 0.135810 0.850000
vt 0.177080 0.850000
vt 0.220000 0.850000
vt 0.360000 0.850000
vt 0.500000 0.850000
vt 0.640000 0.850000
vt 0.780000 0.850000
vt 0.995773 0.850000
vt 0.983253 0.850000
vt 0.962923 0.850000
vt 0.935563 0.850000
vt 0.902225 0.850000
vt 0.864190 0.850000
vt 0.822920 0.850000
vt 0.780000 0.850000
vt 0.220000 1.000000
vt 0.177080 1.000000
vt 0.135810 1.000000
vt 0.097775 1.000000
vt 0.064437 1.000000
vt 0.037077 1.000000
vt 0.016747 1.000000
vt 0.004227 1.000000
vt 0.220000 1.000000
vt 0.360000 1.000000
vt 0.500000 1.000000
vt 0.640000 1.000000
vt 0.780000 1.000000
vt 0.822920 1.000000
vt 0.864190 1.000000
vt 0.902225 1.000000
vt 0.935563 1.000000
vt 0.962923 1.000000
vt 0.983253 1.000000
vt 0.995773 1.000000
vt 1.000000 1.000000
vt 0.220000 0.995773
vt 0.177080 0.995773
vt 0.135810 0.995773
vt 0.097775 0.995773
vt 0.064437 0.995773
vt 0.037077 0.995773
vt 0.016747 0.995773
vt 0.004227 0.995773
vt 0.220000 0.995773
vt 0.360000 0.995773
vt 0.500000 0.995773
vt 0.640000 0.995773
vt 0.780000 0.995773
vt 0.822920 0.995773
vt 0.864190 0.995773
vt 0.902225 0.995773
vt 0.935563 0.995773
vt 0.962923 0.995773
vt 0.983253 0.995773
vt 0.995773 0.995773
vt 1.000000 0.995773
vt 0.220000 0.983253
vt 0.177080 0.983253
vt 0.135810 0.983253
vt 0.097775 0.983253
vt 0.064437 0.983253
vt 0.037077 0.983253
vt 0.016747 0.983253
vt 0.004227 0.983253
vt 0.220000 0.983253
vt 0.360000 0.983253
vt 0.500000 0.983253
vt 0.640000 0.983253
vt 0.780000 0.983253
vt 0.822920 0.983253
vt 0.864190 0.983253
vt 0.902225 0.983253
vt 0.935563 0.983253
vt 0.962923 0.983253
vt 0.983253 0.983253
vt 0.995773 0.983253
vt 1.000000 0.983253
vt 0.220000 0.962923
vt 0.177080 0.962923
vt 0.135810 0.962923
vt 0.097775 0.962923
vt 0.064437 0.962923
vt 0.037077 0.962923
vt 0.016747 0.962923
vt 0.004227 0.962923
vt 0.220000 0.962923
vt 0.360000 0.962923
vt 0.500000 0.962923
vt 0.640000 0.962923
vt 0.780000 0.962923
vt 0.822920 0.962923
vt 0.864190 0.962923
vt 0.902225 0.962923
vt 0.935563 0.962923
vt 0.962923 0.962923
vt 0.983253 0.962923
vt 0.995773 0.962923
vt 1.000000 0.962923
vt 0.220000 0.935563
vt 0.177080 0.935563
vt 0.135810 0.935563
vt 0.097775 0.935563
vt 0.064437 0.935563
vt 0.037077 0.935563
vt 0.016747 0.935563
vt 0.004227 0.935563
vt 0.220000 0.935563
vt 0.360000 0.935563
vt 0.500000 0.935563
vt 0.640000 0.935563
vt 0.780000 0.935563
vt 0.822920 0.935563
vt 0.864190 0.935563
vt 0.902225 0.935563
vt 0.935563 0.935563
vt 0.962923 0.935563
vt 0.983253 0.935563
vt 0.995773 0.935563
vt 1.000000 0.935563
vt 0.220000 0.902225
vt 0.177080 0.902225
vt 0.135810 0.902225
vt 0.097775 0.902225
vt 0.064437 0.902225
vt 0.037077 0.902225
vt 0.016747 0.902225
vt 0.004227 0.902225
vt 0.220000 0.902225
vt 0.360000 0.902225
vt 0.500000 0.902225
vt 0.640000 0.902225
vt 0.780000 0.902225
vt 0.822920 0.902225
vt 0.864190 0.902225
vt 0.902225 0.902225
vt 0.935563 0.902225
vt 0.962923 0.902225
vt 0.983253 0.902225
vt 0.995773 0.902225
vt 1.000000 0.902225
vt 0.220000 0.864190
vt 0.177080 0.864190
vt 0.135810 0.864190
vt 0.097775 0.864190
vt 0.064437 0.864190
vt 0.037077 0.864190
vt 0.016747 0.864190
vt 0.004227 0.864190
vt 0.220000 0.864190
vt 0.360000 0.864190
vt 0.500000 0.864190
vt 0.640000 0.864190
vt 0.780000 0.864190
vt 0.822920 0.864190
vt 0.864190 0.864190
vt 0.902225 0.864190
vt 0.935563 0.864190
vt 0.962923 0.864190
vt 0.983253 0.864190
vt 0.995773 0.864190
vt 1.000000 0.864190
vt 0.220000 0.822920
vt 0.177080 0.822920
vt 0.135810 0.822920
vt 0.097775 0.822920
vt 0.064437 0.822920
vt 0.037077 0.822920
vt 0.016747 0.822920
vt 0.004227 0.822920
vt 0.220000 0.822920
vt 0.360000 0.822920
vt 0.500000 0.822920
vt 0.640000 0.822920
vt 0.780000 0.822920
vt 0.822920 0.822920
vt 0.864190 0.822920
vt 0.902225 0.822920
vt 0.935563 0.822920
vt 0.962923 0.822920
vt 0.983253 0.822920
vt 0.995773 0.822920
vt 1.000000 0.822920
vt 0.220000 0.780000
vt 0.177080 0.780000
vt 0.135810 0.780000
vt 0.097775 0.780000
vt 0.064437 0.780000
vt 0.037077 0.780000
vt 0.016747 0.780000
vt 0.004227 0.780000
vt 0.220000 0.780000
vt 0.360000 0.780000
vt 0.500000 0.780000
vt 0.640000 0.780000
vt 0.780000 0.780000
vt 0.822920 0.780000
vt 0.864190 0.780000
vt 0.902225 0.780000
vt 0.935563 0.780000
vt 0.962923 0.780000
vt 0.983253 0.780000
vt 0.995773 0.780000
vt 1.000000 0.780000
vt 0.220000 0.640000
vt 0.177080 0.640000
vt 0.135810 0.640000
vt 0.097775 0.640000
vt 0.064437 0.640000
vt 0.037077 0.640000
vt 0.016747 0.640000
vt 0.004227 0.640000
vt 0.220000 0.640000
vt 0.360000 0.640000
vt 0.500000 0.640000
vt 0.640000 0.640000
vt 0.780000 0.640000
vt 0.822920 0.640000
vt 0.864190 0.640000
vt 0.902225 0.640000
vt 0.935563 0.640000
vt 0.962923 0.640000
vt 0.983253 0.640000
vt 0.995773 0.640000
vt 1.000000 0.640000
vt 0.220000 0.500000
vt 0.177080 0.500000
vt 0.135810 0.500000
vt 0.097775 0.500000
vt 0.064437 0.500000
vt 0.037077 0.500000
vt 0.016747 0.500000
vt 0.004227 0.500000
vt 0.220000 0.500000
vt 0.360000 0.500000
vt 0.500000 0.500000
vt 0.640000 0.500000
vt 0.780000 0.500000
vt 0.822920 0.500000
vt 0.864190 0.500000
vt 0.902225 0.500000
vt 0.935563 0.500000
vt 0.962923 0.500000
vt 0.983253 0.500000
vt 0.995773 0.500000
vt 1.000000 0.500000
vt 0.220000 0.360000
vt 0.177080 0.360000
vt 0.135810 0.360000
vt 0.097775 0.360000
vt 0.064437 0.360000
vt 0.037077 0.360000
vt 0.016747 0.360000
vt 0.004227 0.360000
vt 0.220000 0.360000
vt 0.360000 0.360000
vt 0.500000 0.360000
vt 0.640000 0.360000
vt 0.780000 0.360000
vt 0.822920 0.360000
vt 0.864190 0.360000
vt 0.902225 0.360000
vt 0.935563 0.360000
vt 0.962923 0.360000
vt 0.983253 0.360000
vt 0.995773 0.360000
vt 1.000000 0.360000
vt 0.220000 0.220000
vt 0.177080 0.220000
vt 0.135810 0.220000
vt 0.097775 0.220000
vt 0.064437 0.220000
vt 0.037077 0.220000
vt 0.016747 0.220000
vt 0.004227 0.220000
vt 0.220000 0.220000
vt 0.360000 0.220000
vt 0.500000 0.220000
vt 0.640000 0.220000
vt 0.780000 0.220000
vt 0.822920 0.220000
vt 0.864190 0.220000
vt 0.902225 0.220000
vt 0.935563 0.220000
vt 0.962923 0.220000
vt 0.983253 0.220000
vt 0.995773 0.220000
vt 1.000000 0.220000
vt 0.220000 0.004227
vt 0.177080 0.004227
vt 0.135810 0.004227
vt 0.097775 0.004227
vt 0.064437 0.004227
vt 0.037077 0.004227
vt 0.016747 0.004227
vt 0.004227 0.004227
vt 0.220000 0.004227
vt 0.360000 0.004227
vt 0.500000 0.004227
vt 0.640000 0.004227
vt 0.780000 0.004227
vt 0.822920 0.004227
vt 0.864190 0.004227
vt 0.902225 0.004227
vt 0.935563 0.004227
vt 0.962923 0.004227
vt 0.983253 0.004227
vt 0.995773 0.004227
vt 1.000000 0.004227
vt 0.220000 0.016747
vt 0.177080 0.016747
vt 0.135810 0.016747
vt 0.097775 0.016747
vt 0.064437 0.016747
vt 0.037077 0.016747
vt 0.016747 0.016747
vt 0.004227 0.016747
vt 0.220000 0.016747
vt 0.360000 0.016747
vt 0.500000 0.016747
vt 0.640000 0.016747
vt 0.780000 0.016747
vt 0.822920 0.016747
vt 0.864190 0.016747
vt 0.902225 0.016747
vt 0.935563 0.016747
vt 0.962923 0.016747
vt 0.983253 0.016747
vt 0.995773 0.016747
vt 1.000000 0.016747
vt 0.220000 0.037077
vt 0.177080 0.037077
vt 0.135810 0.037077
vt 0.097775 0.037077
vt 0.064437 0.037077
vt 0.037077 0.037077
vt 0.016747 0.037077
vt 0.004227 0.037077
vt 0.220000 0.037077
vt 0.360000 0.037077
vt 0.500000 0.037077
vt 0.640000 0.037077
vt 0.780000 0.037077
vt 0.822920 0.037077
vt 0.864190 0.037077
vt 0.902225 0.037077
vt 0.935563 0.037077
vt 0.962923 0.037077
vt 0.983253 0.037077
vt 0.995773 0.037077
vt 1.000000 0.037077
vt 0.220000 0.064437
vt 0.177080 0.064437
vt 0.135810 0.064437
vt 0.097775 0.064437
vt 0.064437 0.064437
vt 0.037077 0.064437
vt 0.016747 0.064437
vt 0.004227 0.064437
vt 0.220000 0.064437
vt 0.360000 0.064437
vt 0.500000 0.064437
vt 0.640000 0.064437
vt 0.780000 0.064437
vt 0.822920 0.064437
vt 0.864190 0.064437
vt 0.902225 0.064437
vt 0.935563 0.064437
vt 0.962923 0.064437
vt 0.983253 0.064437
vt 0.995773 0.064437
vt 1.000000 0.064437
vt 0.220000 0.097775
vt 0.177080 0.097775
vt 0.135810 0.097775
vt 0.097775 0.097775
vt 0.064437 0.097775
vt 0.037077 0.097775
vt 0.016747 0.097775
vt 0.004227 0.097775
vt 0.220000 0.097775
vt 0.360000 0.097775
vt 0.500000 0.097775
vt 0.640000 0.097775
vt 0.780000 0.097775
vt 0.822920 0.097775
vt 0.864190 0.097775
vt 0.902225 0.097775
vt 0.935563 0.097775
vt 0.962923 0.097775
vt 0.983253 0.097775
vt 0.995773 0.097775
vt 1.000000 0.097775
vt 0.220000 0.135810
vt 0.177080 0.135810
vt 0.135810 0.135810
vt 0.097775 0.135810
vt 0.064437 0.135810
vt 0.037077 0.135810
vt 0.016747 0.135810
vt 0.004227 0.135810
vt 0.220000 0.135810
vt 0.360000 0.135810
vt 0.500000 0.135810
vt 0.640000 0.135810
vt 0.780000 0.135810
vt 0.822920 0.135810
vt 0.864190 0.135810
vt 0.902225 0.135810
vt 0.935563 0.135810
vt 0.962923 0.135810
vt 0.983253 0.135810
vt 0.995773 0.135810
vt 1.000000 0.135810
vt 0.220000 0.177080
vt 0.177080 0.177080
vt 0.135810 0.177080
vt 0.097775 0.177080
vt 0.064437 0.177080
vt 0.037077 0.177080
vt 0.016747 0.177080
vt 0.004227 0.177080
vt 0.220000 0.177080
vt 0.360000 0.177080
vt 0.500000 0.177080
vt 0.640000 0.177080
vt 0.780000 0.177080
vt 0.822920 0.177080
vt 0.864190 0.177080
vt 0.902225 0.177080
vt 0.935563 0.177080
vt 0.962923 0.177080
vt 0.983253 0.177080
vt 0.995773 0.177080
vt 1.000000 0.177080
vt 0.220000 0.220000
vt 0.177080 0.220000
vt 0.135810 0.220000
vt 0.097775 0.220000
vt 0.064437 0.220000
vt 0.037077 0.220000
vt 0.016747 0.220000
vt 0.004227 0.220000
vt 0.220000 0.220000
vt 0.360000 0.220000
vt 0.500000 0.220000
vt 0.640000 0.220000
vt 0.780000 0.220000
vt 0.822920 0.220000
vt 0.864190 0.220000
vt 0.902225 0.220000
vt 0.935563 0.220000
vt 0.962923 0.220000
vt 0.983253 0.220000
vt 0.995773 0.220000
vt 1.000000 0.220000
vt 0.220000 0.780000
vt 0.177080 0.780000
vt 0.135810 0.780000
vt 0.097775 0.780000
vt 0.064437 0.780000
vt 0.037077 0.780000
vt 0.016747 0.780000
vt 0.004227 0.780000
vt 0.220000 0.780000
vt 0.360000 0.780000
vt 0.500000 0.780000
vt 0.640000 0.780000
vt 0.780000 0.780000
vt 0.822920 0.780000
vt 0.864190 0.780000
vt 0.902225 0.780000
vt 0.935563 0.780000
vt 0.962923 0.780000
vt 0.983253 0.780000
vt 0.995773 0.780000
vt 1.000000 0.780000
vt 0.220000 0.822920
vt 0.177080 0.822920
vt 0.135810 0.822920
vt 0.097775 0.822920
vt 0.064437 0.822920
vt 0.037077 0.822920
vt 0.016747 0.822920
vt 0.004227 0.822920
vt 0.220000 0.822920
vt 0.360000 0.822920
vt 0.500000 0.822920
vt 0.640000 0.822920
vt 0.780000 0.822920
vt 0.822920 0.822920
vt 0.864190 0.822920
vt 0.902225 0.822920
vt 0.935563 0.822920
vt 0.962923 0.822920
vt 0.983253 0.822920
vt 0.995773 0.822920
vt 1.000000 0.822920
vt 0.220000 0.864190
vt 0.177080 0.864190
vt 0.135810 0.864190
vt 0.097775 0.864190
vt 0.064437 0.864190
vt 0.037077 0.864190
vt 0.016747 0.864190
vt 0.004227 0.864190
vt 0.220000 0.864190
vt 0.360000 0.864190
vt 0.500000 0.864190
vt 0.640000 0.864190
vt 0.780000 0.864190
vt 0.822920 0.864190
vt 0.864190 0.864190
vt 0.902225 0.864190
vt 0.935563 0.864190
vt 0.962923 0.864190
vt 0.983253 0.864190
vt 0.995773 0.864190
vt 1.000000 0.864190
vt 0.220000 0.902225
vt 0.177080 0.902225
vt 0.135810 0.902225
vt 0.097775 0.902225
vt 0.064437 0.902225
vt 0.037077 0.902225
vt 0.016747 0.902225
vt 0.004227 0.902225
vt 0.220000 0.902225
vt 0.360000 0.902225
vt 0.500000 0.902225
vt 0.640000 0.902225
vt 0.780000 0.902225
vt 0.822920 0.902225
vt 0.864190 0.902225
vt 0.902225 0.902225
vt 0.935563 0.902225
vt 0.962923 0.902225
vt 0.983253 0.902225
vt 0.995773 0.902225
vt 1.000000 0.902225
vt 0.220000 0.935563
vt 0.177080 0.935563
vt 0.135810 0.935563
vt 0.097775 0.935563
vt 0.064437 0.935563
vt 0.037077 0.935563
vt 0.016747 0.935563
vt 0.004227 0.935563
vt 0.220000 0.935563
vt 0.360000 0.935563
vt 0.500000 0.935563
vt 0.640000 0.935563
vt 0.780000 0.935563
vt 0.822920 0.935563
vt 0.864190 0.935563
vt 0.902225 0.935563
vt 0.935563 0.935563
vt 0.962923 0.935563
vt 0.983253 0.935563
vt 0.995773 0.935563
vt 1.000000 0.935563
vt 0.220000 0.962923
vt 0.177080 0.962923
vt 0.135810 0.962923
vt 0.097775 0.962923
vt 0.064437 0.962923
vt 0.037077 0.962923
vt 0.016747 0.962923
vt 0.004227 0.962923
vt 0.220000 0.962923
vt 0.360000 0.962923
vt 0.500000 0.962923
vt 0.640000 0.962923
vt 0.780000 0.962923
vt 0.822920 0.962923
vt 0.864190 0.962923
vt 0.902225 0.962923
vt 0.935563 0.962923
vt 0.962923 0.962923
vt 0.983253 0.962923
vt 0.995773 0.962923
vt 1.000000 0.962923
vt 0.220000 0.983253
vt 0.177080 0.983253
vt 0.135810 0.983253
vt 0.097775 0.983253
vt 0.064437 0.983253
vt 0.037077 0.983253
vt 0.016747 0.983253
vt 0.004227 0.983253
vt 0.220000 0.983253
vt 0.360000 0.983253
vt 0.500000 0.983253
vt 0.640000 0.983253
vt 0.780000 0.983253
vt 0.822920 0.983253
vt 0.864190 0.983253
vt 0.902225 0.983253
vt 0.935563 0.983253
vt 0.962923 0.983253
vt 0.983253 0.983253
vt 0.995773 0.983253
vt 1.000000 0.983253
vt 0.220000 0.995773
vt 0.177080 0.995773
vt 0.135810 0.995773
vt 0.097775 0.995773
vt 0.064437 0.995773
vt 0.037077 0.995773
vt 0.016747 0.995773
vt 0.004227 0.995773
vt 0.220000 0.995773
vt 0.360000 0.995773
vt 0.500000 0.995773
vt 0.640000 0.995773
vt 0.780000 0.995773
vt 0.822920 0.995773
vt 0.864190 0.995773
vt 0.902225 0.995773
vt 0.935563 0.995773
vt 0.962923 0.995773
vt 0.983253 0.995773
vt 0.995773 0.995773
vt 1.000000 0.995773
vt 0.220000 0.780000
vt 0.177080 0.780000
vt 0.135810 0.780000
vt 0.097775 0.780000
vt 0.064437 0.780000
vt 0.037077 0.780000
vt 0.016747 0.780000
vt 0.004227 0.780000
vt 0.220000 0.780000
vt 0.360000 0.780000
vt 0.500000 0.780000
vt 0.640000 0.780000
vt 0.780000 0.780000
vt 0.822920 0.780000
vt 0.864190 0.780000
vt 0.902225 0.780000
vt 0.935563 0.780000
vt 0.962923 0.780000
vt 0.983253 0.780000
vt 0.995773 0.780000
vt 1.000000 0.780000
vt 0.220000 0.640000
vt 0.177080 0.640000
vt 0.135810 0.640000
vt 0.097775 0.640000
vt 0.064437 0.640000
vt 0.037077 0.640000
vt 0.016747 0.640000
vt 0.004227 0.640000
vt 0.220000 0.640000
vt 0.360000 0.640000
vt 0.500000 0.640000
vt 0.640000 0.640000
vt 0.780000 0.640000
vt 0.822920 0.640000
vt 0.864190 0.640000
vt 0.902225 0.640000
vt 0.935563 0.640000
vt 0.962923 0.640000
vt 0.983253 0.640000
vt 0.995773 0.640000
vt 1.000000 0.640000
vt 0.220000 0.500000
vt 0.177080 0.500000
vt 0.135810 0.500000
vt 0.097775 0.500000
vt 0.064437 0.500000
vt 0.037077 0.500000
vt 0.016747 0.500000
vt 0.004227 0.500000
vt 0.220000 0.500000
vt 0.360000 0.500000
vt 0.500000 0.500000
vt 0.640000 0.500000
vt 0.780000 0.500000
vt 0.822920 0.500000
vt 0.864190 0.500000
vt 0.902225 0.500000
vt 0.935563 0.500000
vt 0.962923 0.500000
vt 0.983253 0.500000
vt 0.995773 0.500000
vt 1.000000 0.500000
vt 0.220000 0.360000
vt 0.177080 0.360000
vt 0.135810 0.360000
vt 0.097775 0.360000
vt 0.064437 0.360000
vt 0.037077 0.360000
vt 0.016747 0.360000
vt 0.004227 0.360000
vt 0.220000 0.360000
vt 0.360000 0.360000
vt 0.500000 0.360000
vt 0.640000 0.360000
vt 0.780000 0.360000
vt 0.822920 0.360000
vt 0.864190 0.360000
vt 0.902225 0.360000
vt 0.935563 0.360000
vt 0.962923 0.360000
vt 0.983253 0.360000
vt 0.995773 0.360000
vt 1.000000 0.360000
vt 0.220000 0.220000
vt 0.177080 0.220000
vt 0.135810 0.220000
vt 0.097775 0.220000
vt 0.064437 0.220000
vt 0.037077 0.220000
vt 0.016747 0.220000
vt 0.004227 0.220000
vt 0.220000 0.220000
vt 0.360000 0.220000
vt 0.500000 0.220000
vt 0.640000 0.220000
vt 0.780000 0.220000
vt 0.822920 0.220000
vt 0.864190 0.220000
vt 0.902225 0.220000
vt 0.935563 0.220000
vt 0.962923 0.220000
vt 0.983253 0.220000
vt 0.995773 0.220000
vt 1.000000 0.220000
vt 0.220000 0.177080
vt 0.177080 0.177080
vt 0.135810 0.177080
vt 0.097775 0.177080
vt 0.064437 0.177080
vt 0.037077 0.177080
vt 0.016747 0.177080
vt 0.004227 0.177080
vt 0.220000 0.177080
vt 0.360000 0.177080
vt 0.500000 0.177080
vt 0.640000 0.177080
vt 0.780000 0.177080
vt 0.822920 0.177080
vt 0.864190 0.177080
vt 0.902225 0.177080
vt 0.935563 0.177080
vt 0.962923 0.177080
vt 0.983253 0.177080
vt 0.995773 0.177080
vt 1.000000 0.177080
vt 0.220000 0.135810
vt 0.177080 0.135810
vt 0.135810 0.135810
vt 0.097775 0.135810
vt 0.064437 0.135810
vt 0.037077 0.135810
vt 0.016747 0.135810
vt 0.004227 0.135810
vt 0.220000 0.135810
vt 0.360000 0.135810
vt 0.500000 0.135810
vt 0.640000 0.135810
vt 0.780000 0.135810
vt 0.822920 0.135810
vt 0.864190 0.135810
vt 0.902225 0.135810
vt 0.935563 0.135810
vt 0.962923 0.135810
vt 0.983253 0.135810
vt 0.995773 0.135810
vt 1.000000 0.135810
vt 0.220000 0.097775
vt 0.177080 0.097775
vt 0.135810 0.097775
vt 0.097775 0.097775
vt 0.064437 0.097775
vt 0.037077 0.097775
vt 0.016747 0.097775
vt 0.004227 0.097775
vt 0.220000 0.097775
vt 0.360000 0.097775
vt 0.500000 0.097775
vt 0.640000 0.097775
vt 0.780000 0.097775
vt 0.822920 0.097775
vt 0.864190 0.097775
vt 0.902225 0.097775
vt 0.935563 0.097775
vt 0.962923 0.097775
vt 0.983253 0.097775
vt 0.995773 0.097775
vt 1.000000 0.097775
vt 0.220000 0.064437
vt 0.177080 0.064437
vt 0.135810 0.064437
vt 0.097775 0.064437
vt 0.064437 0.064437
vt 0.037077 0.064437
vt 0.016747 0.064437
vt 0.004227 0.064437
vt 0.220000 0.064437
vt 0.360000 0.064437
vt 0.500000 0.064437
vt 0.640000 0.064437
vt 0.780000 0.064437
vt 0.822920 0.064437
vt 0.864190 0.064437
vt 0.902225 0.064437
vt 0.935563 0.064437
vt 0.962923 0.064437
vt 0.983253 0.064437
vt 0.995773 0.064437
vt 1.000000 0.064437
vt 0.220000 0.037077
vt 0.177080 0.037077
vt 0.135810 0.037077
vt 0.097775 0.037077
vt 0.064437 0.037077
vt 0.037077 0.037077
vt 0.016747 0.037077
vt 0.004227 0.037077
vt 0.220000 0.037077
vt 0.360000 0.037077
vt 0.500000 0.037077
vt 0.640000 0.037077
vt 0.780000 0.037077
vt 0.822920 0.037077
vt 0.864190 0.037077
vt 0.902225 0.037077
vt 0.935563 0.037077
vt 0.962923 0.037077
vt 0.983253 0.037077
vt 0.995773 0.037077
vt 1.000000 0.037077
vt 0.220000 0.016747
vt 0.177080 0.016747
vt 0.135810 0.016747
vt 0.097775 0.016747
vt 0.064437 0.016747
vt 0.037077 0.016747
vt 0.016747 0.016747
vt 0.004227 0.016747
vt 0.220000 0.016747
vt 0.360000 0.016747
vt 0.500000 0.016747
vt 0.640000 0.016747
vt 0.780000 0.016747
vt 0.822920 0.016747
vt 0.864190 0.016747
vt 0.902225 0.016747
vt 0.935563 0.016747
vt 0.962923 0.016747
vt 0.983253 0.016747
vt 0.995773 0.016747
vt 1.000000 0.016747
vt 0.220000 0.004227
vt 0.177080 0.004227
vt 0.135810 0.004227
vt 0.097775 0.004227
vt 0.064437 0.004227
vt 0.037077 0.004227
vt 0.016747 0.004227
vt 0.004227 0.004227
vt 0.220000 0.004227
vt 0.360000 0.004227
vt 0.500000 0.004227
vt 0.640000 0.004227
vt 0.780000 0.004227
vt 0.822920 0.004227
vt 0.864190 0.004227
vt 0.902225 0.004227
vt 0.935563 0.004227
vt 0.962923 0.004227
vt 0.983253 0.004227
vt 0.995773 0.004227
vt 1.000000 0.004227
vt 0.220000 0.000000
vt 0.177080 0.000000
vt 0.135810 0.000000
vt 0.097775 0.000000
vt 0.064437 0.000000
vt 0.037077 0.000000
vt 0.016747 0.000000
vt 0.004227 0.000000
vt 0.220000 0.000000
vt 0.360000 0.000000
vt 0.500000 0.000000
vt 0.640000 0.000000
vt 0.780000 0.000000
vt 0.822920 0.000000
vt 0.864190 0.000000
vt 0.902225 0.000000
vt 0.935563 0.000000
vt 0.962923 0.000000
vt 0.983253 0.000000
vt 0.995773 0.000000
vt 1.000000 0.000000

vn 0.000000 0.000000
vn -0.191480 0.000000
vn -0.357407 0.000000
vn -0.485653 0.000000
vn -0.577350 0.000000
vn -0.639338 0.000000
vn -0.678598 0.000000
vn -0.700215 0.000000
vn 0.000000 0.000000
vn 0.000000 0.000000
vn 0.000000 0.000000
vn 0.000000 0.000000
vn 0.000000 0.000000
vn 0.191480 0.000000
vn 0.357407 0.000000
vn 0.485653 0.000000
vn 0.577350 0.000000
vn 0.639338 0.000000
vn 0.678598 0.000000
vn 0.700215 0.000000
vn 0.707107 0.000000
vn 0.000000 -0.191480
vn -0.188064 -0.188064
vn -0.351618 -0.179253
vn -0.478741 -0.168111
vn -0.570162 -0.157307
vn -0.632264 -0.148350
vn -0.671737 -0.141847
vn -0.693520 -0.137950
vn 0.000000 -0.191480
vn 0.000000 -0.191480
vn 0.000000 -0.191480
vn 0.000000 -0.191480
vn 0.000000 -0.191480
vn 0.188064 -0.188064
vn 0.351618 -0.179253
vn 0.478741 -0.168111
vn 0.570162 -0.157307
vn 0.632264 -0.148350
vn 0.671737 -0.141847
vn 0.693520 -0.137950
vn 0.700473 -0.136656
vn 0.000000 -0.357407
vn -0.179253 -0.351618
vn -0.336557 -0.336557
vn -0.460566 -0.317243
vn -0.551076 -0.298240
vn -0.613336 -0.282288
vn -0.653281 -0.270598
vn -0.675459 -0.263551
vn 0.000000 -0.357407
vn 0.000000 -0.357407
vn 0.000000 -0.357407
vn 0.000000 -0.357407
vn 0.000000 -0.357407
vn 0.179253 -0.351618
vn 0.336557 -0.336557
vn 0.460566 -0.317243
vn 0.551076 -0.298240
vn 0.613336 -0.282288
vn 0.653281 -0.270598
vn 0.675459 -0.263551
vn 0.682559 -0.261204
vn 0.000000 -0.485653
vn -0.168111 -0.478741
vn -0.317243 -0.460566
vn -0.436859 -0.436859
vn -0.525783 -0.413105
vn -0.587938 -0.392847
vn -0.628299 -0.377824
vn -0.650884 -0.368696
vn 0.000000 -0.485653
vn 0.000000 -0.485653
vn 0.000000 -0.485653
vn 0.000000 -0.485653
vn 0.000000 -0.485653
vn 0.168111 -0.478741
vn 0.317243 -0.460566
vn 0.436859 -0.436859
vn 0.525783 -0.413105
vn 0.587938 -0.392847
vn 0.628299 -0.377824
vn 0.650884 -0.368696
vn 0.658143 -0.365645
vn 0.000000 -0.577350
vn -0.157307 -0.570162
vn -0.298240 -0.551076
vn -0.413105 -0.525783
vn -0.500000 -0.500000
vn -0.561683 -0.477672
vn -0.602217 -0.460917
vn -0.625079 -0.450657
vn 0.000000 -0.577350
vn 0.000000 -0.577350
vn 0.000000 -0.577350
vn 0.000000 -0.577350
vn 0.000000 -0.577350
vn 0.157307 -0.570162
vn 0.298240 -0.551076
vn 0.413105 -0.525783
vn 0.500000 -0.500000
vn 0.561683 -0.477672
vn 0.602217 -0.460917
vn 0.625079 -0.450657
vn 0.632456 -0.447214
vn 0.000000 -0.639338
vn -0.148350 -0.632264
vn -0.282288 -0.613336
vn -0.392847 -0.587938
vn -0.477672 -0.561683
vn -0.538658 -0.538658
vn -0.579136 -0.521208
vn -0.602119 -0.510452
vn 0.000000 -0.639338
vn 0.000000 -0.639338
vn 0.000000 -0.639338
vn 0.000000 -0.639338
vn 0.000000 -0.639338
vn 0.148350 -0.632264
vn 0.282288 -0.613336
vn 0.392847 -0.587938
vn 0.477672 -0.561683
vn 0.538658 -0.538658
vn 0.579136 -0.521208
vn 0.602119 -0.510452
vn 0.609559 -0.506830
vn 0.000000 -0.678598
vn -0.141847 -0.671737
vn -0.270598 -0.653281
vn -0.377824 -0.628299
vn -0.460917 -0.602217
vn -0.521208 -0.579136
vn -0.561517 -0.561517
vn -0.584516 -0.550602
vn 0.000000 -0.678598
vn 0.000000 -0.678598
vn 0.000000 -0.678598
vn 0.000000 -0.678598
vn 0.000000 -0.678598
vn 0.141847 -0.671737
vn 0.270598 -0.653281
vn 0.377824 -0.628299
vn 0.460917 -0.602217
vn 0.521208 -0.579136
vn 0.561517 -0.561517
vn 0.584516 -0.550602
vn 0.591980 -0.546918
vn 0.000000 -0.700215
vn -0.137950 -0.693520
vn -0.263551 -0.675459
vn -0.368696 -0.650884
vn -0.450657 -0.625079
vn -0.510452 -0.602119
vn -0.550602 -0.584516
vn -0.573580 -0.573580
vn 0.000000 -0.700215
vn 0.000000 -0.700215
vn 0.000000 -0.700215
vn 0.000000 -0.700215
vn 0.000000 -0.700215
vn 0.137950 -0.693520
vn 0.263551 -0.675459
vn 0.368696 -0.650884
vn 0.450657 -0.625079
vn 0.510452 -0.602119
vn 0.550602 -0.584516
vn 0.573580 -0.573580
vn 0.581048 -0.569883
vn 0.000000 0.000000
vn -0.191480 0.000000
vn -0.357407 0.000000
vn -0.485653 0.000000
vn -0.577350 0.000000
vn -0.639338 0.000000
vn -0.678598 0.000000
vn -0.700215 0.000000
vn 0.000000 0.000000
vn 0.000000 0.000000
vn 0.000000 0.000000
vn 0.000000 0.000000
vn 0.000000 0.000000
vn 0.191480 0.000000
vn 0.357407 0.000000
vn 0.485653 0.000000
vn 0.577350 0.000000
vn 0.639338 0.000000
vn 0.678598 0.000000
vn 0.700215 0.000000
vn 0.707107 0.000000
vn 0.000000 0.000000
vn -0.191480 0.000000
vn -0.357407 0.000000
vn -0.485653 0.000000
vn -0.577350 0.000000
vn -0.639338 0.000000
vn -0.678598 0.000000
vn -0.700215 0.000000
vn 0.000000 0.000000
vn 0.000000 0.000000
vn 0.000000 0.000000
vn 0.000000 0.000000
vn 0.000000 0.000000
vn 0.191480 0.000000
vn 0.357407 0.000000
vn 0.485653 0.000000
vn 0.577350 0.000000
vn 0.639338 0.000000
vn 0.678598 0.000000
vn 0.700215 0.000000
vn 0.707107 0.000000
vn 0.000000 0.000000
vn -0.191480 0.000000
vn -0.357407 0.000000
vn -0.485653 0.000000
vn -0.577350 0.000000
vn -0.639338 0.000000
vn -0.678598 0.000000
vn -0.700215 0.000000
vn 0.000000 0.000000
vn 0.000000 0.000000
vn 0.000000 0.000000
vn 0.000000 0.000000
vn 0.000000 0.000000
vn 0.191480 0.000000
vn 0.357407 0.000000
vn 0.485653 0.000000
vn 0.577350 0.000000
vn 0.639338 0.000000
vn 0.678598 0.000000
vn 0.700215 0.000000
vn 0.707107 0.000000
vn 0.000000 0.000000
vn -0.191480 0.000000
vn -0.357407 0.000000
vn -0.485653 0.000000
vn -0.577350 0.000000
vn -0.639338 0.000000
vn -0.678598 0.000000
vn -0.700215 0.000000
vn 0.000000 0.000000
vn 0.000000 0.000000
vn 0.000000 0.000000
vn 0.000000 0.000000
vn 0.000000 0.000000
vn 0.191480 0.000000
vn 0.357407 0.000000
vn 0.485653 0.000000
vn 0.577350 0.000000
vn 0.639338 0.000000
vn 0.678598 0.000000
vn 0.700215 0.000000
vn 0.707107 0.000000
vn 0.000000 0.000000
vn -0.191480 0.000000
vn -0.357407 0.000000
vn -0.485653 0.000000
vn -0.577350 0.000000
vn -0.639338 0.000000
vn -0.678598 0.000000
vn -0.700215 0.000000
vn 0.000000 0.000000
vn 0.000000 0.000000
vn 0.000000 0.000000
vn 0.000000 0.000000
vn 0.000000 0.000000
vn 0.191480 0.000000
vn 0.357407 0.000000
vn 0.485653 0.000000
vn 0.577350 0.000000
vn 0.639338 0.000000
vn 0.678598 0.000000
vn 0.700215 0.000000
vn 0.707107 0.000000
vn 0.000000 0.191480
vn -0.188064 0.188064
vn -0.351618 0.179253
vn -0.478741 0.168111
vn -0.570162 0.157307
vn -0.632264 0.148350
vn -0.671737 0.141847
vn -0.693520 0.137950
vn 0.000000 0.191480
vn 0.000000 0.191480
vn 0.000000 0.191480
vn 0.000000 0.191480
vn 0.000000 0.191480
vn 0.188064 0.188064
vn 0.351618 0.179253
vn 0.478741 0.168111
vn 0.570162 0.157307
vn 0.632264 0.148350
vn 0.671737 0.141847
vn 0.693520 0.137950
vn 0.700473 0.136656
vn 0.000000 0.357407
vn -0.179253 0.351618
vn -0.336557 0.336557
vn -0.460566 0.317243
vn -0.551076 0.298240
vn -0.613336 0.282288
vn -0.653281 0.270598
vn -0.675459 0.263551
vn 0.000000 0.357407
vn 0.000000 0.357407
vn 0.000000 0.357407
vn 0.000000 0.357407
vn 0.000000 0.357407
vn 0.179253 0.351618
vn 0.336557 0.336557
vn 0.460566 0.317243
vn 0.551076 0.298240
vn 0.613336 0.282288
vn 0.653281 0.270598
vn 0.675459 0.263551
vn 0.682559 0.261204
vn 0.000000 0.485653
vn -0.168111 0.478741
vn -0.317243 0.460566
vn -0.436859 0.436859
vn -0.525783 0.413105
vn -0.587938 0.392847
vn -0.628299 0.377824
vn -0.650884 0.368696
vn 0.000000 0.485653
vn 0.000000 0.485653
vn 0.000000 0.485653
vn 0.000000 0.485653
vn 0.000000 0.485653
vn 0.168111 0.478741
vn 0.317243 0.460566
vn 0.436859 0.436859
vn 0.525783 0.413105
vn 0.587938 0.392847
vn 0.628299 0.377824
vn 0.650884 0.368696
vn 0.658143 0.365645
vn 0.000000 0.577350
vn -0.157307 0.570162
vn -0.298240 0.551076
vn -0.413105 0.525783
vn -0.500000 0.500000
vn -0.561683 0.477672
vn -0.602217 0.460917
vn -0.625079 0.450657
vn 0.000000 0.577350
vn 0.000000 0.577350
vn 0.000000 0.577350
vn 0.000000 0.577350
vn 0.000000 0.577350
vn 0.157307 0.570162
vn 0.298240 0.551076
vn 0.413105 0.525783
vn 0.500000 0.500000
vn 0.561683 0.477672
vn 0.602217 0.460917
vn 0.625079 0.450657
vn 0.632456 0.447214
vn 0.000000 0.639338
vn -0.148350 0.632264
vn -0.282288 0.613336
vn -0.392847 0.587938
vn -0.477672 0.561683
vn -0.538658 0.538658
vn -0.579136 0.521208
vn -0.602119 0.510452
vn 0.000000 0.639338
vn 0.000000 0.639338
vn 0.000000 0.639338
vn 0.000000 0.639338
vn 0.000000 0.639338
vn 0.148350 0.632264
vn 0.282288 0.613336
vn 0.392847 0.587938
vn 0.477672 0.561683
vn 0.538658 0.538658
vn 0.579136 0.521208
vn 0.602119 0.510452
vn 0.609559 0.506830
vn 0.000000 0.678598
vn -0.141847 0.671737
vn -0.270598 0.653281
vn -0.377824 0.628299
vn -0.460917 0.602217
vn -0.521208 0.579136
vn -0.561517 0.561517
vn -0.584516 0.550602
vn 0.000000 0.678598
vn 0.000000 0.678598
vn 0.000000 0.678598
vn 0.000000 0.678598
vn 0.000000 0.678598
vn 0.141847 0.671737
vn 0.270598 0.653281
vn 0.377824 0.628299
vn 0.460917 0.602217
vn 0.521208 0.579136
vn 0.561517 0.561517
vn 0.584516 0.550602
vn 0.591980 0.546918
vn 0.000000 0.700215
vn -0.137950 0.693520
vn -0.263551 0.675459
vn -0.368696 0.650884
vn -0.450657 0.625079
vn -0.510452 0.602119
vn -0.550602 0.584516
vn -0.573580 0.573580
vn 0.000000 0.700215
vn 0.000000 0.700215
vn 0.000000 0.700215
vn 0.000000 0.700215
vn 0.000000 0.700215
vn 0.137950 0.693520
vn 0.263551 0.675459
vn 0.368696 0.650884
vn 0.450657 0.625079
vn 0.510452 0.602119
vn 0.550602 0.584516
vn 0.573580 0.573580
vn 0.581048 0.569883
vn 0.000000 0.707107
vn -0.136656 0.700473
vn -0.261204 0.682559
vn -0.365645 0.658143
vn -0.447214 0.632456
vn -0.506830 0.609559
vn -0.546918 0.591980
vn -0.569883 0.581048
vn 0.000000 0.707107
vn 0.000000 0.707107
vn 0.000000 0.707107
vn 0.000000 0.707107
vn 0.000000 0.707107
vn 0.136656 0.700473
vn 0.261204 0.682559
vn 0.365645 0.658143
vn 0.447214 0.632456
vn 0.506830 0.609559
vn 0.546918 0.591980
vn 0.569883 0.581048
vn 0.577350 0.577350
vn 0.707107 0.000000
vn 0.700215 0.000000
vn 0.678598 0.000000
vn 0.639338 0.000000
vn 0.577350 0.000000
vn 0.485653 0.000000
vn 0.357407 0.000000
vn 0.191480 0.000000
vn 0.000000 0.000000
vn 0.000000 0.000000
vn 0.000000 0.000000
vn 0.000000 0.000000
vn 0.000000 0.000000
vn -0.700215 0.000000
vn -0.678598 0.000000
vn -0.639338 0.000000
vn -0.577350 0.000000
vn -0.485653 0.000000
vn -0.357407 0.000000
vn -0.191480 0.000000
vn 0.000000 0.000000
vn 0.700473 -0.136656
vn 0.693520 -0.137950
vn 0.671737 -0.141847
vn 0.632264 -0.148350
vn 0.570162 -0.157307
vn 0.478741 -0.168111
vn 0.351618 -0.179253
vn 0.188064 -0.188064
vn 0.000000 -0.191480
vn 0.000000 -0.191480
vn 0.000000 -0.191480
vn 0.000000 -0.191480
vn 0.000000 -0.191480
vn -0.693520 -0.137950
vn -0.671737 -0.141847
vn -0.632264 -0.148350
vn -0.570162 -0.157307
vn -0.478741 -0.168111
vn -0.351618 -0.179253
vn -0.188064 -0.188064
vn 0.000000 -0.191480
vn 0.682559 -0.261204
vn 0.675459 -0.263551
vn 0.653281 -0.270598
vn 0.613336 -0.282288
vn 0.551076 -0.298240
vn 0.460566 -0.317243
vn 0.336557 -0.336557
vn 0.179253 -0.351618
vn 0.000000 -0.357407
vn 0.000000 -0.357407
vn 0.000000 -0.357407
vn 0.000000 -0.357407
vn 0.000000 -0.357407
vn -0.675459 -0.263551
vn -0.653281 -0.270598
vn -0.613336 -0.282288
vn -0.551076 -0.298240
vn -0.460566 -0.317243
vn -0.336557 -0.336557
vn -0.179253 -0.351618
vn 0.000000 -0.357407
vn 0.658143 -0.365645
vn 0.650884 -0.368696
vn 0.628299 -0.377824
vn 0.587938 -0.392847
vn 0.525783 -0.413105
vn 0.436859 -0.436859
vn 0.317243 -0.460566
vn 0.168111 -0.478741
vn 0.000000 -0.485653
vn 0.000000 -0.485653
vn 0.000000 -0.485653
vn 0.000000 -0.485653
vn 0.000000 -0.485653
vn -0.650884 -0.368696
vn -0.628299 -0.377824
vn -0.587938 -0.392847
vn -0.525783 -0.413105
vn -0.436859 -0.436859
vn -0.317243 -0.460566
vn -0.168111 -0.478741
vn 0.000000 -0.485653
vn 0.632456 -0.447214
vn 0.625079 -0.450657
vn 0.602217 -0.460917
vn 0.561683 -0.477672
vn 0.500000 -0.500000
vn 0.413105 -0.525783
vn 0.298240 -0.551076
vn 0.157307 -0.570162
vn 0.000000 -0.577350
vn 0.000000 -0.577350
vn 0.000000 -0.577350
vn 0.000000 -0.577350
vn 0.000000 -0.577350
vn -0.625079 -0.450657
vn -0.602217 -0.460917
vn -0.561683 -0.477672
vn -0.500000 -0.500000
vn -0.413105 -0.525783
vn -0.298240 -0.551076
vn -0.157307 -0.570162
vn 0.000000 -0.577350
vn 0.609559 -0.506830
vn 0.602119 -0.510452
vn 0.579136 -0.521208
vn 0.538658 -0.538658
vn 0.477672 -0.561683
vn 0.392847 -0.587938
vn 0.282288 -0.613336
vn 0.148350 -0.632264
vn 0.000000 -0.639338
vn 0.000000 -0.639338
vn 0.000000 -0.639338
vn 0.000000 -0.639338
vn 0.000000 -0.639338
vn -0.602119 -0.510452
vn -0.579136 -0.521208
vn -0.538658 -0.538658
vn -0.477672 -0.561683
vn -0.392847 -0.587938
vn -0.282288 -0.613336
vn -0.148350 -0.632264
vn 0.000000 -0.639338
vn 0.591980 -0.546918
vn 0.584516 -0.550602
vn 0.561517 -0.561517
vn 0.521208 -0.579136
vn 0.460917 -0.602217
vn 0.377824 -0.628299
vn 0.270598 -0.653281
vn 0.141847 -0.671737
vn 0.000000 -0.678598
vn 0.000000 -0.678598
vn 0.000000 -0.678598
vn 0.000000 -0.678598
vn 0.000000 -0.678598
vn -0.584516 -0.550602
vn -0.561517 -0.561517
vn -0.521208 -0.579136
vn -0.460917 -0.602217
vn -0.377824 -0.628299
vn -0.270598 -0.653281
vn -0.141847 -0.671737
vn 0.000000 -0.678598
vn 0.581048 -0.569883
vn 0.573580 -0.573580
vn 0.550602 -0.584516
vn 0.510452 -0.602119
vn 0.450657 -0.625079
vn 0.368696 -0.650884
vn 0.263551 -0.675459
vn 0.137950 -0.693520
vn 0.000000 -0.700215
vn 0.000000 -0.700215
vn 0.000000 -0.700215
vn 0.000000 -0.700215
vn 0.000000 -0.700215
vn -0.573580 -0.573580
vn -0.550602 -0.584516
vn -0.510452 -0.602119
vn -0.450657 -0.625079
vn -0.368696 -0.650884
vn -0.263551 -0.675459
vn -0.137950 -0.693520
vn 0.000000 -0.700215
vn 0.707107 0.000000
vn 0.700215 0.000000
vn 0.678598 0.000000
vn 0.639338 0.000000
vn 0.577350 0.000000
vn 0.485653 0.000000
vn 0.357407 0.000000
vn 0.191480 0.000000
vn 0.000000 0.000000
vn 0.000000 0.000000
vn 0.000000 0.000000
vn 0.000000 0.000000
vn 0.000000 0.000000
vn -0.700215 0.000000
vn -0.678598 0.000000
vn -0.639338 0.000000
vn -0.577350 0.000000
vn -0.485653 0.000000
vn -0.357407 0.000000
vn -0.191480 0.000000
vn 0.000000 0.000000
vn 0.707107 0.000000
vn 0.700215 0.000000
vn 0.678598 0.000000
vn 0.639338 0.000000
vn 0.577350 0.000000
vn 0.485653 0.000000
vn 0.357407 0.000000
vn 0.191480 0.000000
vn 0.000000 0.000000
vn 0.000000 0.000000
vn 0.000000 0.000000
vn 0.000000 0.000000
vn 0.000000 0.000000
vn -0.700215 0.000000
vn -0.678598 0.000000
vn -0.639338 0.000000
vn -0.577350 0.000000
vn -0.485653 0.000000
vn -0.357407 0.000000
vn -0.191480 0.000000
vn 0.000000 0.000000
vn 0.707107 0.000000
vn 0.700215 0.000000
vn 0.678598 0.000000
vn 0.639338 0.000000
vn 0.577350 0.000000
vn 0.485653 0.000000
vn 0.357407 0.000000
vn 0.191480 0.000000
vn 0.000000 0.000000
vn 0.000000 0.000000
vn 0.000000 0.000000
vn 0.000000 0.000000
vn 0.000000 0.000000
vn -0.700215 0.000000
vn -0.678598 0.000000
vn -0.639338 0.000000
vn -0.577350 0.000000
vn -0.485653 0.000000
vn -0.357407 0.000000
vn -0.191480 0.000000
vn 0.000000 0.000000
vn 0.707107 0.000000
vn 0.700215 0.000000
vn 0.678598 0.000000
vn 0.639338 0.000000
vn 0.577350 0.000000
vn 0.485653 0.000000
vn 0.357407 0.000000
vn 0.191480 0.000000
vn 0.000000 0.000000
vn 0.000000 0.000000
vn 0.000000 0.000000
vn 0.000000 0.000000
vn 0.000000 0.000000
vn -0.700215 0.000000
vn -0.678598 0.000000
vn -0.639338 0.000000
vn -0.577350 0.000000
vn -0.485653 0.000000
vn -0.357407 0.000000
vn -0.191480 0.000000
vn 0.000000 0.000000
vn 0.707107 0.000000
vn 0.700215 0.000000
vn 0.678598 0.000000
vn 0.639338 0.000000
vn 0.577350 0.000000
vn 0.485653 0.000000
vn 0.357407 0.000000
vn 0.191480 0.000000
vn 0.000000 0.000000
vn 0.000000 0.000000
vn 0.000000 0.000000
vn 0.000000 0.000000
vn 0.000000 0.000000
vn -0.700215 0.000000
vn -0.678598 0.000000
vn -0.639338 0.000000
vn -0.577350 0.000000
vn -0.485653 0.000000
vn -0.357407 0.000000
vn -0.191480 0.000000
vn 0.000000 0.000000
vn 0.700473 0.136656
vn 0.693520 0.137950
vn 0.671737 0.141847
vn 0.632264 0.148350
vn 0.570162 0.157307
vn 0.478741 0.168111
vn 0.351618 0.179253
vn 0.188064 0.188064
vn 0.000000 0.191480
vn 0.000000 0.191480
vn 0.000000 0.191480
vn 0.000000 0.191480
vn 0.000000 0.191480
vn -0.693520 0.137950
vn -0.671737 0.141847
vn -0.632264 0.148350
vn -0.570162 0.157307
vn -0.478741 0.168111
vn -0.351618 0.179253
vn -0.188064 0.188064
vn 0.000000 0.191480
vn 0.682559 0.261204
vn 0.675459 0.263551
vn 0.653281 0.270598
vn 0.613336 0.282288
vn 0.551076 0.298240
vn 0.460566 0.317243
vn 0.336557 0.336557
vn 0.179253 0.351618
vn 0.000000 0.357407
vn 0.000000 0.357407
vn 0.000000 0.357407
vn 0.000000 0.357407
vn 0.000000 0.357407
vn -0.675459 0.263551
vn -0.653281 0.270598
vn -0.613336 0.282288
vn -0.551076 0.298240
vn -0.460566 0.317243
vn -0.336557 0.336557
vn -0.179253 0.351618
vn 0.000000 0.357407
vn 0.658143 0.365645
vn 0.650884 0.368696
vn 0.628299 0.377824
vn 0.587938 0.392847
vn 0.525783 0.413105
vn 0.436859 0.436859
vn 0.317243 0.460566
vn 0.168111 0.478741
vn 0.000000 0.485653
vn 0.000000 0.485653
vn 0.000000 0.485653
vn 0.000000 0.485653
vn 0.000000 0.485653
vn -0.650884 0.368696
vn -0.628299 0.377824
vn -0.587938 0.392847
vn -0.525783 0.413105
vn -0.436859 0.436859
vn -0.317243 0.460566
vn -0.168111 0.478741
vn 0.000000 0.485653
vn 0.632456 0.447214
vn 0.625079 0.450657
vn 0.602217 0.460917
vn 0.561683 0.477672
vn 0.500000 0.500000
vn 0.413105 0.525783
vn 0.298240 0.551076
vn 0.157307 0.570162
vn 0.000000 0.577350
vn 0.000000 0.577350
vn 0.000000 0.577350
vn 0.000000 0.577350
vn 0.000000 0.577350
vn -0.625079 0.450657
vn -0.602217 0.460917
vn -0.561683 0.477672
vn -0.500000 0.500000
vn -0.413105 0.525783
vn -0.298240 0.551076
vn -0.157307 0.570162
vn 0.000000 0.577350
vn 0.609559 0.506830
vn 0.602119 0.510452
vn 0.579136 0.521208
vn 0.538658 0.538658
vn 0.477672 0.561683
vn 0.392847 0.587938
vn 0.282288 0.613336
vn 0.148350 0.632264
vn 0.000000 0.639338
vn 0.000000 0.639338
vn 0.000000 0.639338
vn 0.000000 0.639338
vn 0.000000 0.639338
vn -0.602119 0.510452
vn -0.579136 0.521208
vn -0.538658 0.538658
vn -0.477672 0.561683
vn -0.392847 0.587938
vn -0.282288 0.613336
vn -0.148350 0.632264
vn 0.000000 0.639338
vn 0.591980 0.546918
vn 0.584516 0.550602
vn 0.561517 0.561517
vn 0.521208 0.579136
vn 0.460917 0.602217
vn 0.377824 0.628299
vn 0.270598 0.653281
vn 0.141847 0.671737
vn 0.000000 0.678598
vn 0.000000 0.678598
vn 0.000000 0.678598
vn 0.000000 0.678598
vn 0.000000 0.678598
vn -0.584516 0.550602
vn -0.561517 0.561517
vn -0.521208 0.579136
vn -0.460917 0.602217
vn -0.377824 0.628299
vn -0.270598 0.653281
vn -0.141847 0.671737
vn 0.000000 0.678598
vn 0.581048 0.569883
vn 0.573580 0.573580
vn 0.550602 0.584516
vn 0.510452 0.602119
vn 0.450657 0.625079
vn 0.368696 0.650884
vn 0.263551 0.675459
vn 0.137950 0.693520
vn 0.000000 0.700215
vn 0.000000 0.700215
vn 0.000000 0.700215
vn 0.000000 0.700215
vn 0.000000 0.700215
vn -0.573580 0.573580
vn -0.550602 0.584516
vn -0.510452 0.602119
vn -0.450657 0.625079
vn -0.368696 0.650884
vn -0.263551 0.675459
vn -0.137950 0.693520
vn 0.000000 0.700215
vn 0.577350 0.577350
vn 0.569883 0.581048
vn 0.546918 0.591980
vn 0.506830 0.609559
vn 0.447214 0.632456
vn 0.365645 0.658143
vn 0.261204 0.682559
vn 0.136656 0.700473
vn 0.000000 0.707107
vn 0.000000 0.707107
vn 0.000000 0.707107
vn 0.000000 0.707107
vn 0.000000 0.707107
vn -0.569883 0.581048
vn -0.546918 0.591980
vn -0.506830 0.609559
vn -0.447214 0.632456
vn -0.365645 0.658143
vn -0.261204 0.682559
vn -0.136656 0.700473
vn 0.000000 0.707107
vn 1.000000 0.000000
vn 0.981496 0.000000
vn 0.933949 0.000000
vn 0.874152 0.000000
vn 0.816497 0.000000
vn 0.768926 0.000000
vn 0.734510 0.000000
vn 0.713933 0.000000
vn 1.000000 0.000000
vn 1.000000 0.000000
vn 1.000000 0.000000
vn 1.000000 0.000000
vn 1.000000 0.000000
vn 0.981496 0.000000
vn 0.933949 0.000000
vn 0.874152 0.000000
vn 0.816497 0.000000
vn 0.768926 0.000000
vn 0.734510 0.000000
vn 0.713933 0.000000
vn 0.707107 0.000000
vn 0.981496 -0.191480
vn 0.963983 -0.188064
vn 0.918822 -0.179253
vn 0.861711 -0.168111
vn 0.806331 -0.157307
vn 0.760417 -0.148350
vn 0.727083 -0.141847
vn 0.707107 -0.137950
vn 0.981496 -0.191480
vn 0.981496 -0.191480
vn 0.981496 -0.191480
vn 0.981496 -0.191480
vn 0.981496 -0.191480
vn 0.963983 -0.188064
vn 0.918822 -0.179253
vn 0.861711 -0.168111
vn 0.806331 -0.157307
vn 0.760417 -0.148350
vn 0.727083 -0.141847
vn 0.707107 -0.137950
vn 0.700473 -0.136656
vn 0.933949 -0.357407
vn 0.918822 -0.351618
vn 0.879465 -0.336557
vn 0.828997 -0.317243
vn 0.779339 -0.298240
vn 0.737653 -0.282288
vn 0.707107 -0.270598
vn 0.688692 -0.263551
vn 0.933949 -0.357407
vn 0.933949 -0.357407
vn 0.933949 -0.357407
vn 0.933949 -0.357407
vn 0.933949 -0.357407
vn 0.918822 -0.351618
vn 0.879465 -0.336557
vn 0.828997 -0.317243
vn 0.779339 -0.298240
vn 0.737653 -0.282288
vn 0.707107 -0.270598
vn 0.688692 -0.263551
vn 0.682559 -0.261204
vn 0.874152 -0.485653
vn 0.861711 -0.478741
vn 0.828997 -0.460566
vn 0.786326 -0.436859
vn 0.743570 -0.413105
vn 0.707107 -0.392847
vn 0.680066 -0.377824
vn 0.663636 -0.368696
vn 0.874152 -0.485653
vn 0.874152 -0.485653
vn 0.874152 -0.485653
vn 0.874152 -0.485653
vn 0.874152 -0.485653
vn 0.861711 -0.478741
vn 0.828997 -0.460566
vn 0.786326 -0.436859
vn 0.743570 -0.413105
vn 0.707107 -0.392847
vn 0.680066 -0.377824
vn 0.663636 -0.368696
vn 0.658143 -0.365645
vn 0.816497 -0.577350
vn 0.806331 -0.570162
vn 0.779339 -0.551076
vn 0.743570 -0.525783
vn 0.707107 -0.500000
vn 0.675530 -0.477672
vn 0.651835 -0.460917
vn 0.637325 -0.450657
vn 0.816497 -0.577350
vn 0.816497 -0.577350
vn 0.816497 -0.577350
vn 0.816497 -0.577350
vn 0.816497 -0.577350
vn 0.806331 -0.570162
vn 0.779339 -0.551076
vn 0.743570 -0.525783
vn 0.707107 -0.500000
vn 0.675530 -0.477672
vn 0.651835 -0.460917
vn 0.637325 -0.450657
vn 0.632456 -0.447214
vn 0.768926 -0.639338
vn 0.760417 -0.632264
vn 0.737653 -0.613336
vn 0.707107 -0.587938
vn 0.675530 -0.561683
vn 0.647839 -0.538658
vn 0.626852 -0.521208
vn 0.613915 -0.510452
vn 0.768926 -0.639338
vn 0.768926 -0.639338
vn 0.768926 -0.639338
vn 0.768926 -0.639338
vn 0.768926 -0.639338
vn 0.760417 -0.632264
vn 0.737653 -0.613336
vn 0.707107 -0.587938
vn 0.675530 -0.561683
vn 0.647839 -0.538658
vn 0.626852 -0.521208
vn 0.613915 -0.510452
vn 0.609559 -0.506830
vn 0.734510 -0.678598
vn 0.727083 -0.671737
vn 0.707107 -0.653281
vn 0.680066 -0.628299
vn 0.651835 -0.602217
vn 0.626852 -0.579136
vn 0.607781 -0.561517
vn 0.595968 -0.550602
vn 0.734510 -0.678598
vn 0.734510 -0.678598
vn 0.734510 -0.678598
vn 0.734510 -0.678598
vn 0.734510 -0.678598
vn 0.727083 -0.671737
vn 0.707107 -0.653281
vn 0.680066 -0.628299
vn 0.651835 -0.602217
vn 0.626852 -0.579136
vn 0.607781 -0.561517
vn 0.595968 -0.550602
vn 0.591980 -0.546918
vn 0.713933 -0.700215
vn 0.707107 -0.693520
vn 0.688692 -0.675459
vn 0.663636 -0.650884
vn 0.637325 -0.625079
vn 0.613915 -0.602119
vn 0.595968 -0.584516
vn 0.584817 -0.573580
vn 0.713933 -0.700215
vn 0.713933 -0.700215
vn 0.713933 -0.700215
vn 0.713933 -0.700215
vn 0.713933 -0.700215
vn 0.707107 -0.693520
vn 0.688692 -0.675459
vn 0.663636 -0.650884
vn 0.637325 -0.625079
vn 0.613915 -0.602119
vn 0.595968 -0.584516
vn 0.584817 -0.573580
vn 0.581048 -0.569883
vn 1.000000 0.000000
vn 0.981496 0.000000
vn 0.933949 0.000000
vn 0.874152 0.000000
vn 0.816497 0.000000
vn 0.768926 0.000000
vn 0.734510 0.000000
vn 0.713933 0.000000
vn 1.000000 0.000000
vn 1.000000 0.000000
vn 1.000000 0.000000
vn 1.000000 0.000000
vn 1.000000 0.000000
vn 0.981496 0.000000
vn 0.933949 0.000000
vn 0.874152 0.000000
vn 0.816497 0.000000
vn 0.768926 0.000000
vn 0.734510 0.000000
vn 0.713933 0.000000
vn 0.707107 0.000000
vn 1.000000 0.000000
vn 0.981496 0.000000
vn 0.933949 0.000000
vn 0.874152 0.000000
vn 0.816497 0.000000
vn 0.768926 0.000000
vn 0.734510 0.000000
vn 0.713933 0.000000
vn 1.000000 0.000000
vn 1.000000 0.000000
vn 1.000000 0.000000
vn 1.000000 0.000000
vn 1.000000 0.000000
vn 0.981496 0.000000
vn 0.933949 0.000000
vn 0.874152 0.000000
vn 0.816497 0.000000
vn 0.768926 0.000000
vn 0.734510 0.000000
vn 0.713933 0.000000
vn 0.707107 0.000000
vn 1.000000 0.000000
vn 0.981496 0.000000
vn 0.933949 0.000000
vn 0.874152 0.000000
vn 0.816497 0.000000
vn 0.768926 0.000000
vn 0.734510 0.000000
vn 0.713933 0.000000
vn 1.000000 0.000000
vn 1.000000 0.000000
vn 1.000000 0.000000
vn 1.000000 0.000000
vn 1.000000 0.000000
vn 0.981496 0.000000
vn 0.933949 0.000000
vn 0.874152 0.000000
vn 0.816497 0.000000
vn 0.768926 0.000000
vn 0.734510 0.000000
vn 0.713933 0.000000
vn 0.707107 0.000000
vn 1.000000 0.000000
vn 0.981496 0.000000
vn 0.933949 0.000000
vn 0.874152 0.000000
vn 0.816497 0.000000
vn 0.768926 0.000000
vn 0.734510 0.000000
vn 0.713933 0.000000
vn 1.000000 0.000000
vn 1.000000 0.000000
vn 1.000000 0.000000
vn 1.000000 0.000000
vn 1.000000 0.000000
vn 0.981496 0.000000
vn 0.933949 0.000000
vn 0.874152 0.000000
vn 0.816497 0.000000
vn 0.768926 0.000000
vn 0.734510 0.000000
vn 0.713933 0.000000
vn 0.707107 0.000000
vn 1.000000 0.000000
vn 0.981496 0.000000
vn 0.933949 0.000000
vn 0.874152 0.000000
vn 0.816497 0.000000
vn 0.768926 0.000000
vn 0.734510 0.000000
vn 0.713933 0.000000
vn 1.000000 0.000000
vn 1.000000 0.000000
vn 1.000000 0.000000
vn 1.000000 0.000000
vn 1.000000 0.000000
vn 0.981496 0.000000
vn 0.933949 0.000000
vn 0.874152 0.000000
vn 0.816497 0.000000
vn 0.768926 0.000000
vn 0.734510 0.000000
vn 0.713933 0.000000
vn 0.707107 0.000000
vn 0.981496 0.191480
vn 0.963983 0.188064
vn 0.918822 0.179253
vn 0.861711 0.168111
vn 0.806331 0.157307
vn 0.760417 0.148350
vn 0.727083 0.141847
vn 0.707107 0.137950
vn 0.981496 0.191480
vn 0.981496 0.191480
vn 0.981496 0.191480
vn 0.981496 0.191480
vn 0.981496 0.191480
vn 0.963983 0.188064
vn 0.918822 0.179253
vn 0.861711 0.168111
vn 0.806331 0.157307
vn 0.760417 0.148350
vn 0.727083 0.141847
vn 0.707107 0.137950
vn 0.700473 0.136656
vn 0.933949 0.357407
vn 0.918822 0.351618
vn 0.879465 0.336557
vn 0.828997 0.317243
vn 0.779339 0.298240
vn 0.737653 0.282288
vn 0.707107 0.270598
vn 0.688692 0.263551
vn 0.933949 0.357407
vn 0.933949 0.357407
vn 0.933949 0.357407
vn 0.933949 0.357407
vn 0.933949 0.357407
vn 0.918822 0.351618
vn 0.879465 0.336557
vn 0.828997 0.317243
vn 0.779339 0.298240
vn 0.737653 0.282288
vn 0.707107 0.270598
vn 0.688692 0.263551
vn 0.682559 0.261204
vn 0.874152 0.485653
vn 0.861711 0.478741
vn 0.828997 0.460566
vn 0.786326 0.436859
vn 0.743570 0.413105
vn 0.707107 0.392847
vn 0.680066 0.377824
vn 0.663636 0.368696
vn 0.874152 0.485653
vn 0.874152 0.485653
vn 0.874152 0.485653
vn 0.874152 0.485653
vn 0.874152 0.485653
vn 0.861711 0.478741
vn 0.828997 0.460566
vn 0.786326 0.436859
vn 0.743570 0.413105
vn 0.707107 0.392847
vn 0.680066 0.377824
vn 0.663636 0.368696
vn 0.658143 0.365645
vn 0.816497 0.577350
vn 0.806331 0.570162
vn 0.779339 0.551076
vn 0.743570 0.525783
vn 0.707107 0.500000
vn 0.675530 0.477672
vn 0.651835 0.460917
vn 0.637325 0.450657
vn 0.816497 0.577350
vn 0.816497 0.577350
vn 0.816497 0.577350
vn 0.816497 0.577350
vn 0.816497 0.577350
vn 0.806331 0.570162
vn 0.779339 0.551076
vn 0.743570 0.525783
vn 0.707107 0.500000
vn 0.675530 0.477672
vn 0.651835 0.460917
vn 0.637325 0.450657
vn 0.632456 0.447214
vn 0.768926 0.639338
vn 0.760417 0.632264
vn 0.737653 0.613336
vn 0.707107 0.587938
vn 0.675530 0.561683
vn 0.647839 0.538658
vn 0.626852 0.521208
vn 0.613915 0.510452
vn 0.768926 0.639338
vn 0.768926 0.639338
vn 0.768926 0.639338
vn 0.768926 0.639338
vn 0.768926 0.639338
vn 0.760417 0.632264
vn 0.737653 0.613336
vn 0.707107 0.587938
vn 0.675530 0.561683
vn 0.647839 0.538658
vn 0.626852 0.521208
vn 0.613915 0.510452
vn 0.609559 0.506830
vn 0.734510 0.678598
vn 0.727083 0.671737
vn 0.707107 0.653281
vn 0.680066 0.628299
vn 0.651835 0.602217
vn 0.626852 0.579136
vn 0.607781 0.561517
vn 0.595968 0.550602
vn 0.734510 0.678598
vn 0.734510 0.678598
vn 0.734510 0.678598
vn 0.734510 0.678598
vn 0.734510 0.678598
vn 0.727083 0.671737
vn 0.707107 0.653281
vn 0.680066 0.628299
vn 0.651835 0.602217
vn 0.626852 0.579136
vn 0.607781 0.561517
vn 0.595968 0.550602
vn 0.591980 0.546918
vn 0.713933 0.700215
vn 0.707107 0.693520
vn 0.688692 0.675459
vn 0.663636 0.650884
vn 0.637325 0.625079
vn 0.613915 0.602119
vn 0.595968 0.584516
vn 0.584817 0.573580
vn 0.713933 0.700215
vn 0.713933 0.700215
vn 0.713933 0.700215
vn 0.713933 0.700215
vn 0.713933 0.700215
vn 0.707107 0.693520
vn 0.688692 0.675459
vn 0.663636 0.650884
vn 0.637325 0.625079
vn 0.613915 0.602119
vn 0.595968 0.584516
vn 0.584817 0.573580
vn 0.581048 0.569883
vn 0.707107 0.707107
vn 0.700473 0.700473
vn 0.682559 0.682559
vn 0.658143 0.658143
vn 0.632456 0.632456
vn 0.609559 0.609559
vn 0.591980 0.591980
vn 0.581048 0.581048
vn 0.707107 0.707107
vn 0.707107 0.707107
vn 0.707107 0.707107
vn 0.707107 0.707107
vn 0.707107 0.707107
vn 0.700473 0.700473
vn 0.682559 0.682559
vn 0.658143 0.658143
vn 0.632456 0.632456
vn 0.609559 0.609559
vn 0.591980 0.591980
vn 0.581048 0.581048
vn 0.577350 0.577350
vn -0.707107 0.000000
vn -0.713933 0.000000
vn -0.734510 0.000000
vn -0.768926 0.000000
vn -0.816497 0.000000
vn -0.874152 0.000000
vn -0.933949 0.000000
vn -0.981496 0.000000
vn -1.000000 0.000000
vn -1.000000 0.000000
vn -1.000000 0.000000
vn -1.000000 0.000000
vn -1.000000 0.000000
vn -0.713933 0.000000
vn -0.734510 0.000000
vn -0.768926 0.000000
vn -0.816497 0.000000
vn -0.874152 0.000000
vn -0.933949 0.000000
vn -0.981496 0.000000
vn -1.000000 0.000000
vn -0.700473 -0.136656
vn -0.707107 -0.137950
vn -0.727083 -0.141847
vn -0.760417 -0.148350
vn -0.806331 -0.157307
vn -0.861711 -0.168111
vn -0.918822 -0.179253
vn -0.963983 -0.188064
vn -0.981496 -0.191480
vn -0.981496 -0.191480
vn -0.981496 -0.191480
vn -0.981496 -0.191480
vn -0.981496 -0.191480
vn -0.707107 -0.137950
vn -0.727083 -0.141847
vn -0.760417 -0.148350
vn -0.806331 -0.157307
vn -0.861711 -0.168111
vn -0.918822 -0.179253
vn -0.963983 -0.188064
vn -0.981496 -0.191480
vn -0.682559 -0.261204
vn -0.688692 -0.263551
vn -0.707107 -0.270598
vn -0.737653 -0.282288
vn -0.779339 -0.298240
vn -0.828997 -0.317243
vn -0.879465 -0.336557
vn -0.918822 -0.351618
vn -0.933949 -0.357407
vn -0.933949 -0.357407
vn -0.933949 -0.357407
vn -0.933949 -0.357407
vn -0.933949 -0.357407
vn -0.688692 -0.263551
vn -0.707107 -0.270598
vn -0.737653 -0.282288
vn -0.779339 -0.298240
vn -0.828997 -0.317243
vn -0.879465 -0.336557
vn -0.918822 -0.351618
vn -0.933949 -0.357407
vn -0.658143 -0.365645
vn -0.663636 -0.368696
vn -0.680066 -0.377824
vn -0.707107 -0.392847
vn -0.743570 -0.413105
vn -0.786326 -0.436859
vn -0.828997 -0.460566
vn -0.861711 -0.478741
vn -0.874152 -0.485653
vn -0.874152 -0.485653
vn -0.874152 -0.485653
vn -0.874152 -0.485653
vn -0.874152 -0.485653
vn -0.663636 -0.368696
vn -0.680066 -0.377824
vn -0.707107 -0.392847
vn -0.743570 -0.413105
vn -0.786326 -0.436859
vn -0.828997 -0.460566
vn -0.861711 -0.478741
vn -0.874152 -0.485653
vn -0.632456 -0.447214
vn -0.637325 -0.450657
vn -0.651835 -0.460917
vn -0.675530 -0.477672
vn -0.707107 -0.500000
vn -0.743570 -0.525783
vn -0.779339 -0.551076
vn -0.806331 -0.570162
vn -0.816497 -0.577350
vn -0.816497 -0.577350
vn -0.816497 -0.577350
vn -0.816497 -0.577350
vn -0.816497 -0.577350
vn -0.637325 -0.450657
vn -0.651835 -0.460917
vn -0.675530 -0.477672
vn -0.707107 -0.500000
vn -0.743570 -0.525783
vn -0.779339 -0.551076
vn -0.806331 -0.570162
vn -0.816497 -0.577350
vn -0.609559 -0.506830
vn -0.613915 -0.510452
vn -0.626852 -0.521208
vn -0.647839 -0.538658
vn -0.675530 -0.561683
vn -0.707107 -0.587938
vn -0.737653 -0.613336
vn -0.760417 -0.632264
vn -0.768926 -0.639338
vn -0.768926 -0.639338
vn -0.768926 -0.639338
vn -0.768926 -0.639338
vn -0.768926 -0.639338
vn -0.613915 -0.510452
vn -0.626852 -0.521208
vn -0.647839 -0.538658
vn -0.675530 -0.561683
vn -0.707107 -0.587938
vn -0.737653 -0.613336
vn -0.760417 -0.632264
vn -0.768926 -0.639338
vn -0.591980 -0.546918
vn -0.595968 -0.550602
vn -0.607781 -0.561517
vn -0.626852 -0.579136
vn -0.651835 -0.602217
vn -0.680066 -0.628299
vn -0.707107 -0.653281
vn -0.727083 -0.671737
vn -0.734510 -0.678598
vn -0.734510 -0.678598
vn -0.734510 -0.678598
vn -0.734510 -0.678598
vn -0.734510 -0.678598
vn -0.595968 -0.550602
vn -0.607781 -0.561517
vn -0.626852 -0.579136
vn -0.651835 -0.602217
vn -0.680066 -0.628299
vn -0.707107 -0.653281
vn -0.727083 -0.671737
vn -0.734510 -0.678598
vn -0.581048 -0.569883
vn -0.584817 -0.573580
vn -0.595968 -0.584516
vn -0.613915 -0.602119
vn -0.637325 -0.625079
vn -0.663636 -0.650884
vn -0.688692 -0.675459
vn -0.707107 -0.693520
vn -0.713933 -0.700215
vn -0.713933 -0.700215
vn -0.713933 -0.700215
vn -0.713933 -0.700215
vn -0.713933 -0.700215
vn -0.584817 -0.573580
vn -0.595968 -0.584516
vn -0.613915 -0.602119
vn -0.637325 -0.625079
vn -0.663636 -0.650884
vn -0.688692 -0.675459
vn -0.707107 -0.693520
vn -0.713933 -0.700215
vn -0.707107 0.000000
vn -0.713933 0.000000
vn -0.734510 0.000000
vn -0.768926 0.000000
vn -0.816497 0.000000
vn -0.874152 0.000000
vn -0.933949 0.000000
vn -0.981496 0.000000
vn -1.000000 0.000000
vn -1.000000 0.000000
vn -1.000000 0.000000
vn -1.000000 0.000000
vn -1.000000 0.000000
vn -0.713933 0.000000
vn -0.734510 0.000000
vn -0.768926 0.000000
vn -0.816497 0.000000
vn -0.874152 0.000000
vn -0.933949 0.000000
vn -0.981496 0.000000
vn -1.000000 0.000000
vn -0.707107 0.000000
vn -0.713933 0.000000
vn -0.734510 0.000000
vn -0.768926 0.000000
vn -0.816497 0.000000
vn -0.874152 0.000000
vn -0.933949 0.000000
vn -0.981496 0.000000
vn -1.000000 0.000000
vn -1.000000 0.000000
vn -1.000000 0.000000
vn -1.000000 0.000000
vn -1.000000 0.000000
vn -0.713933 0.000000
vn -0.734510 0.000000
vn -0.768926 0.000000
vn -0.816497 0.000000
vn -0.874152 0.000000
vn -0.933949 0.000000
vn -0.981496 0.000000
vn -1.000000 0.000000
vn -0.707107 0.000000
vn -0.713933 0.000000
vn -0.734510 0.000000
vn -0.768926 0.000000
vn -0.816497 0.000000
vn -0.874152 0.000000
vn -0.933949 0.000000
vn -0.981496 0.000000
vn -1.000000 0.000000
vn -1.000000 0.000000
vn -1.000000 0.000000
vn -1.000000 0.000000
vn -1.000000 0.000000
vn -0.713933 0.000000
vn -0.734510 0.000000
vn -0.768926 0.000000
vn -0.816497 0.000000
vn -0.874152 0.000000
vn -0.933949 0.000000
vn -0.981496 0.000000
vn -1.000000 0.000000
vn -0.707107 0.000000
vn -0.713933 0.000000
vn -0.734510 0.000000
vn -0.768926 0.000000
vn -0.816497 0.000000
vn -0.874152 0.000000
vn -0.933949 0.000000
vn -0.981496 0.000000
vn -1.000000 0.000000
vn -1.000000 0.000000
vn -1.000000 0.000000
vn -1.000000 0.000000
vn -1.000000 0.000000
vn -0.713933 0.000000
vn -0.734510 0.000000
vn -0.768926 0.000000
vn -0.816497 0.000000
vn -0.874152 0.000000
vn -0.933949 0.000000
vn -0.981496 0.000000
vn -1.000000 0.000000
vn -0.707107 0.000000
vn -0.713933 0.000000
vn -0.734510 0.000000
vn -0.768926 0.000000
vn -0.816497 0.000000
vn -0.874152 0.000000
vn -0.933949 0.000000
vn -0.981496 0.000000
vn -1.000000 0.000000
vn -1.000000 0.000000
vn -1.000000 0.000000
vn -1.000000 0.000000
vn -1.000000 0.000000
vn -0.713933 0.000000
vn -0.734510 0.000000
vn -0.768926 0.000000
vn -0.816497 0.000000
vn -0.874152 0.000000
vn -0.933949 0.000000
vn -0.981496 0.000000
vn -1.000000 0.000000
vn -0.700473 0.136656
vn -0.707107 0.137950
vn -0.727083 0.141847
vn -0.760417 0.148350
vn -0.806331 0.157307
vn -0.861711 0.168111
vn -0.918822 0.179253
vn -0.963983 0.188064
vn -0.981496 0.191480
vn -0.981496 0.191480
vn -0.981496 0.191480
vn -0.981496 0.191480
vn -0.981496 0.191480
vn -0.707107 0.137950
vn -0.727083 0.141847
vn -0.760417 0.148350
vn -0.806331 0.157307
vn -0.861711 0.168111
vn -0.918822 0.179253
vn -0.963983 0.188064
vn -0.981496 0.191480
vn -0.682559 0.261204
vn -0.688692 0.263551
vn -0.707107 0.270598
vn -0.737653 0.282288
vn -0.779339 0.298240
vn -0.828997 0.317243
vn -0.879465 0.336557
vn -0.918822 0.351618
vn -0.933949 0.357407
vn -0.933949 0.357407
vn -0.933949 0.357407
vn -0.933949 0.357407
vn -0.933949 0.357407
vn -0.688692 0.263551
vn -0.707107 0.270598
vn -0.737653 0.282288
vn -0.779339 0.298240
vn -0.828997 0.317243
vn -0.879465 0.336557
vn -0.918822 0.351618
vn -0.933949 0.357407
vn -0.658143 0.365645
vn -0.663636 0.368696
vn -0.680066 0.377824
vn -0.707107 0.392847
vn -0.743570 0.413105
vn -0.786326 0.436859
vn -0.828997 0.460566
vn -0.861711 0.478741
vn -0.874152 0.485653
vn -0.874152 0.485653
vn -0.874152 0.485653
vn -0.874152 0.485653
vn -0.874152 0.485653
vn -0.663636 0.368696
vn -0.680066 0.377824
vn -0.707107 0.392847
vn -0.743570 0.413105
vn -0.786326 0.436859
vn -0.828997 0.460566
vn -0.861711 0.478741
vn -0.874152 0.485653
vn -0.632456 0.447214
vn -0.637325 0.450657
vn -0.651835 0.460917
vn -0.675530 0.477672
vn -0.707107 0.500000
vn -0.743570 0.525783
vn -0.779339 0.551076
vn -0.806331 0.570162
vn -0.816497 0.577350
vn -0.816497 0.577350
vn -0.816497 0.577350
vn -0.816497 0.577350
vn -0.816497 0.577350
vn -0.637325 0.450657
vn -0.651835 0.460917
vn -0.675530 0.477672
vn -0.707107 0.500000
vn -0.743570 0.525783
vn -0.779339 0.551076
vn -0.806331 0.570162
vn -0.816497 0.577350
vn -0.609559 0.506830
vn -0.613915 0.510452
vn -0.626852 0.521208
vn -0.647839 0.538658
vn -0.675530 0.561683
vn -0.707107 0.587938
vn -0.737653 0.613336
vn -0.760417 0.632264
vn -0.768926 0.639338
vn -0.768926 0.639338
vn -0.768926 0.639338
vn -0.768926 0.639338
vn -0.768926 0.639338
vn -0.613915 0.510452
vn -0.626852 0.521208
vn -0.647839 0.538658
vn -0.675530 0.561683
vn -0.707107 0.587938
vn -0.737653 0.613336
vn -0.760417 0.632264
vn -0.768926 0.639338
vn -0.591980 0.546918
vn -0.595968 0.550602
vn -0.607781 0.561517
vn -0.626852 0.579136
vn -0.651835 0.602217
vn -0.680066 0.628299
vn -0.707107 0.653281
vn -0.727083 0.671737
vn -0.734510 0.678598
vn -0.734510 0.678598
vn -0.734510 0.678598
vn -0.734510 0.678598
vn -0.734510 0.678598
vn -0.595968 0.550602
vn -0.607781 0.561517
vn -0.626852 0.579136
vn -0.651835 0.602217
vn -0.680066 0.628299
vn -0.707107 0.653281
vn -0.727083 0.671737
vn -0.734510 0.678598
vn -0.581048 0.569883
vn -0.584817 0.573580
vn -0.595968 0.584516
vn -0.613915 0.602119
vn -0.637325 0.625079
vn -0.663636 0.650884
vn -0.688692 0.675459
vn -0.707107 0.693520
vn -0.713933 0.700215
vn -0.713933 0.700215
vn -0.713933 0.700215
vn -0.713933 0.700215
vn -0.713933 0.700215
vn -0.584817 0.573580
vn -0.595968 0.584516
vn -0.613915 0.602119
vn -0.637325 0.625079
vn -0.663636 0.650884
vn -0.688692 0.675459
vn -0.707107 0.693520
vn -0.713933 0.700215
vn -0.577350 0.577350
vn -0.581048 0.581048
vn -0.591980 0.591980
vn -0.609559 0.609559
vn -0.632456 0.632456
vn -0.658143 0.658143
vn -0.682559 0.682559
vn -0.700473 0.700473
vn -0.707107 0.707107
vn -0.707107 0.707107
vn -0.707107 0.707107
vn -0.707107 0.707107
vn -0.707107 0.707107
vn -0.581048 0.581048
vn -0.591980 0.591980
vn -0.609559 0.609559
vn -0.632456 0.632456
vn -0.658143 0.658143
vn -0.682559 0.682559
vn -0.700473 0.700473
vn -0.707107 0.707107
vn 0.000000 0.707107
vn -0.136656 0.700473
vn -0.261204 0.682559
vn -0.365645 0.658143
vn -0.447214 0.632456
vn -0.506830 0.609559
vn -0.546918 0.591980
vn -0.569883 0.581048
vn 0.000000 0.707107
vn 0.000000 0.707107
vn 0.000000 0.707107
vn 0.000000 0.707107
vn 0.000000 0.707107
vn 0.136656 0.700473
vn 0.261204 0.682559
vn 0.365645 0.658143
vn 0.447214 0.632456
vn 0.506830 0.609559
vn 0.546918 0.591980
vn 0.569883 0.581048
vn 0.577350 0.577350
vn 0.000000 0.713933
vn -0.137950 0.707107
vn -0.263551 0.688692
vn -0.368696 0.663636
vn -0.450657 0.637325
vn -0.510452 0.613915
vn -0.550602 0.595968
vn -0.573580 0.584817
vn 0.000000 0.713933
vn 0.000000 0.713933
vn 0.000000 0.713933
vn 0.000000 0.713933
vn 0.000000 0.713933
vn 0.137950 0.707107
vn 0.263551 0.688692
vn 0.368696 0.663636
vn 0.450657 0.637325
vn 0.510452 0.613915
vn 0.550602 0.595968
vn 0.573580 0.584817
vn 0.581048 0.581048
vn 0.000000 0.734510
vn -0.141847 0.727083
vn -0.270598 0.707107
vn -0.377824 0.680066
vn -0.460917 0.651835
vn -0.521208 0.626852
vn -0.561517 0.607781
vn -0.584516 0.595968
vn 0.000000 0.734510
vn 0.000000 0.734510
vn 0.000000 0.734510
vn 0.000000 0.734510
vn 0.000000 0.734510
vn 0.141847 0.727083
vn 0.270598 0.707107
vn 0.377824 0.680066
vn 0.460917 0.651835
vn 0.521208 0.626852
vn 0.561517 0.607781
vn 0.584516 0.595968
vn 0.591980 0.591980
vn 0.000000 0.768926
vn -0.148350 0.760417
vn -0.282288 0.737653
vn -0.392847 0.707107
vn -0.477672 0.675530
vn -0.538658 0.647839
vn -0.579136 0.626852
vn -0.602119 0.613915
vn 0.000000 0.768926
vn 0.000000 0.768926
vn 0.000000 0.768926
vn 0.000000 0.768926
vn 0.000000 0.768926
vn 0.148350 0.760417
vn 0.282288 0.737653
vn 0.392847 0.707107
vn 0.477672 0.675530
vn 0.538658 0.647839
vn 0.579136 0.626852
vn 0.602119 0.613915
vn 0.609559 0.609559
vn 0.000000 0.816497
vn -0.157307 0.806331
vn -0.298240 0.779339
vn -0.413105 0.743570
vn -0.500000 0.707107
vn -0.561683 0.675530
vn -0.602217 0.651835
vn -0.625079 0.637325
vn 0.000000 0.816497
vn 0.000000 0.816497
vn 0.000000 0.816497
vn 0.000000 0.816497
vn 0.000000 0.816497
vn 0.157307 0.806331
vn 0.298240 0.779339
vn 0.413105 0.743570
vn 0.500000 0.707107
vn 0.561683 0.675530
vn 0.602217 0.651835
vn 0.625079 0.637325
vn 0.632456 0.632456
vn 0.000000 0.874152
vn -0.168111 0.861711
vn -0.317243 0.828997
vn -0.436859 0.786326
vn -0.525783 0.743570
vn -0.587938 0.707107
vn -0.628299 0.680066
vn -0.650884 0.663636
vn 0.000000 0.874152
vn 0.000000 0.874152
vn 0.000000 0.874152
vn 0.000000 0.874152
vn 0.000000 0.874152
vn 0.168111 0.861711
vn 0.317243 0.828997
vn 0.436859 0.786326
vn 0.525783 0.743570
vn 0.587938 0.707107
vn 0.628299 0.680066
vn 0.650884 0.663636
vn 0.658143 0.658143
vn 0.000000 0.933949
vn -0.179253 0.918822
vn -0.336557 0.879465
vn -0.460566 0.828997
vn -0.551076 0.779339
vn -0.613336 0.737653
vn -0.653281 0.707107
vn -0.675459 0.688692
vn 0.000000 0.933949
vn 0.000000 0.933949
vn 0.000000 0.933949
vn 0.000000 0.933949
vn 0.000000 0.933949
vn 0.179253 0.918822
vn 0.336557 0.879465
vn 0.460566 0.828997
vn 0.551076 0.779339
vn 0.613336 0.737653
vn 0.653281 0.707107
vn 0.675459 0.688692
vn 0.682559 0.682559
vn 0.000000 0.981496
vn -0.188064 0.963983
vn -0.351618 0.918822
vn -0.478741 0.861711
vn -0.570162 0.806331
vn -0.632264 0.760417
vn -0.671737 0.727083
vn -0.693520 0.707107
vn 0.000000 0.981496
vn 0.000000 0.981496
vn 0.000000 0.981496
vn 0.000000 0.981496
vn 0.000000 0.981496
vn 0.188064 0.963983
vn 0.351618 0.918822
vn 0.478741 0.861711
vn 0.570162 0.806331
vn 0.632264 0.760417
vn 0.671737 0.727083
vn 0.693520 0.707107
vn 0.700473 0.700473
vn 0.000000 1.000000
vn -0.191480 0.981496
vn -0.357407 0.933949
vn -0.485653 0.874152
vn -0.577350 0.816497
vn -0.639338 0.768926
vn -0.678598 0.734510
vn -0.700215 0.713933
vn 0.000000 1.000000
vn 0.000000 1.000000
vn 0.000000 1.000000
vn 0.000000 1.000000
vn 0.000000 1.000000
vn 0.191480 0.981496
vn 0.357407 0.933949
vn 0.485653 0.874152
vn 0.577350 0.816497
vn 0.639338 0.768926
vn 0.678598 0.734510
vn 0.700215 0.713933
vn 0.707107 0.707107
vn 0.000000 1.000000
vn -0.191480 0.981496
vn -0.357407 0.933949
vn -0.485653 0.874152
vn -0.577350 0.816497
vn -0.639338 0.768926
vn -0.678598 0.734510
vn -0.700215 0.713933
vn 0.000000 1.000000
vn 0.000000 1.000000
vn 0.000000 1.000000
vn 0.000000 1.000000
vn 0.000000 1.000000
vn 0.191480 0.981496
vn 0.357407 0.933949
vn 0.485653 0.874152
vn 0.577350 0.816497
vn 0.639338 0.768926
vn 0.678598 0.734510
vn 0.700215 0.713933
vn 0.707107 0.707107
vn 0.000000 1.000000
vn -0.191480 0.981496
vn -0.357407 0.933949
vn -0.485653 0.874152
vn -0.577350 0.816497
vn -0.639338 0.768926
vn -0.678598 0.734510
vn -0.700215 0.713933
vn 0.000000 1.000000
vn 0.000000 1.000000
vn 0.000000 1.000000
vn 0.000000 1.000000
vn 0.000000 1.000000
vn 0.191480 0.981496
vn 0.357407 0.933949
vn 0.485653 0.874152
vn 0.577350 0.816497
vn 0.639338 0.768926
vn 0.678598 0.734510
vn 0.700215 0.713933
vn 0.707107 0.707107
vn 0.000000 1.000000
vn -0.191480 0.981496
vn -0.357407 0.933949
vn -0.485653 0.874152
vn -0.577350 0.816497
vn -0.639338 0.768926
vn -0.678598 0.734510
vn -0.700215 0.713933
vn 0.000000 1.000000
vn 0.000000 1.000000
vn 0.000000 1.000000
vn 0.000000 1.000000
vn 0.000000 1.000000
vn 0.191480 0.981496
vn 0.357407 0.933949
vn 0.485653 0.874152
vn 0.577350 0.816497
vn 0.639338 0.768926
vn 0.678598 0.734510
vn 0.700215 0.713933
vn 0.707107 0.707107
vn 0.000000 1.000000
vn -0.191480 0.981496
vn -0.357407 0.933949
vn -0.485653 0.874152
vn -0.577350 0.816497
vn -0.639338 0.768926
vn -0.678598 0.734510
vn -0.700215 0.713933
vn 0.000000 1.000000
vn 0.000000 1.000000
vn 0.000000 1.000000
vn 0.000000 1.000000
vn 0.000000 1.000000
vn 0.191480 0.981496
vn 0.357407 0.933949
vn 0.485653 0.874152
vn 0.577350 0.816497
vn 0.639338 0.768926
vn 0.678598 0.734510
vn 0.700215 0.713933
vn 0.707107 0.707107
vn 0.000000 0.713933
vn -0.137950 0.707107
vn -0.263551 0.688692
vn -0.368696 0.663636
vn -0.450657 0.637325
vn -0.510452 0.613915
vn -0.550602 0.595968
vn -0.573580 0.584817
vn 0.000000 0.713933
vn 0.000000 0.713933
vn 0.000000 0.713933
vn 0.000000 0.713933
vn 0.000000 0.713933
vn 0.137950 0.707107
vn 0.263551 0.688692
vn 0.368696 0.663636
vn 0.450657 0.637325
vn 0.510452 0.613915
vn 0.550602 0.595968
vn 0.573580 0.584817
vn 0.581048 0.581048
vn 0.000000 0.734510
vn -0.141847 0.727083
vn -0.270598 0.707107
vn -0.377824 0.680066
vn -0.460917 0.651835
vn -0.521208 0.626852
vn -0.561517 0.607781
vn -0.584516 0.595968
vn 0.000000 0.734510
vn 0.000000 0.734510
vn 0.000000 0.734510
vn 0.000000 0.734510
vn 0.000000 0.734510
vn 0.141847 0.727083
vn 0.270598 0.707107
vn 0.377824 0.680066
vn 0.460917 0.651835
vn 0.521208 0.626852
vn 0.561517 0.607781
vn 0.584516 0.595968
vn 0.591980 0.591980
vn 0.000000 0.768926
vn -0.148350 0.760417
vn -0.282288 0.737653
vn -0.392847 0.707107
vn -0.477672 0.675530
vn -0.538658 0.647839
vn -0.579136 0.626852
vn -0.602119 0.613915
vn 0.000000 0.768926
vn 0.000000 0.768926
vn 0.000000 0.768926
vn 0.000000 0.768926
vn 0.000000 0.768926
vn 0.148350 0.760417
vn 0.282288 0.737653
vn 0.392847 0.707107
vn 0.477672 0.675530
vn 0.538658 0.647839
vn 0.579136 0.626852
vn 0.602119 0.613915
vn 0.609559 0.609559
vn 0.000000 0.816497
vn -0.157307 0.806331
vn -0.298240 0.779339
vn -0.413105 0.743570
vn -0.500000 0.707107
vn -0.561683 0.675530
vn -0.602217 0.651835
vn -0.625079 0.637325
vn 0.000000 0.816497
vn 0.000000 0.816497
vn 0.000000 0.816497
vn 0.000000 0.816497
vn 0.000000 0.816497
vn 0.157307 0.806331
vn 0.298240 0.779339
vn 0.413105 0.743570
vn 0.500000 0.707107
vn 0.561683 0.675530
vn 0.602217 0.651835
vn 0.625079 0.637325
vn 0.632456 0.632456
vn 0.000000 0.874152
vn -0.168111 0.861711
vn -0.317243 0.828997
vn -0.436859 0.786326
vn -0.525783 0.743570
vn -0.587938 0.707107
vn -0.628299 0.680066
vn -0.650884 0.663636
vn 0.000000 0.874152
vn 0.000000 0.874152
vn 0.000000 0.874152
vn 0.000000 0.874152
vn 0.000000 0.874152
vn 0.168111 0.861711
vn 0.317243 0.828997
vn 0.436859 0.786326
vn 0.525783 0.743570
vn 0.587938 0.707107
vn 0.628299 0.680066
vn 0.650884 0.663636
vn 0.658143 0.658143
vn 0.000000 0.933949
vn -0.179253 0.918822
vn -0.336557 0.879465
vn -0.460566 0.828997
vn -0.551076 0.779339
vn -0.613336 0.737653
vn -0.653281 0.707107
vn -0.675459 0.688692
vn 0.000000 0.933949
vn 0.000000 0.933949
vn 0.000000 0.933949
vn 0.000000 0.933949
vn 0.000000 0.933949
vn 0.179253 0.918822
vn 0.336557 0.879465
vn 0.460566 0.828997
vn 0.551076 0.779339
vn 0.613336 0.737653
vn 0.653281 0.707107
vn 0.675459 0.688692
vn 0.682559 0.682559
vn 0.000000 0.981496
vn -0.188064 0.963983
vn -0.351618 0.918822
vn -0.478741 0.861711
vn -0.570162 0.806331
vn -0.632264 0.760417
vn -0.671737 0.727083
vn -0.693520 0.707107
vn 0.000000 0.981496
vn 0.000000 0.981496
vn 0.000000 0.981496
vn 0.000000 0.981496
vn 0.000000 0.981496
vn 0.188064 0.963983
vn 0.351618 0.918822
vn 0.478741 0.861711
vn 0.570162 0.806331
vn 0.632264 0.760417
vn 0.671737 0.727083
vn 0.693520 0.707107
vn 0.700473 0.700473
vn 0.000000 1.000000
vn -0.191480 0.981496
vn -0.357407 0.933949
vn -0.485653 0.874152
vn -0.577350 0.816497
vn -0.639338 0.768926
vn -0.678598 0.734510
vn -0.700215 0.713933
vn 0.000000 1.000000
vn 0.000000 1.000000
vn 0.000000 1.000000
vn 0.000000 1.000000
vn 0.000000 1.000000
vn 0.191480 0.981496
vn 0.357407 0.933949
vn 0.485653 0.874152
vn 0.577350 0.816497
vn 0.639338 0.768926
vn 0.678598 0.734510
vn 0.700215 0.713933
vn 0.707107 0.707107
vn 0.000000 -1.000000
vn -0.191480 -0.981496
vn -0.357407 -0.933949
vn -0.485653 -0.874152
vn -0.577350 -0.816497
vn -0.639338 -0.768926
vn -0.678598 -0.734510
vn -0.700215 -0.713933
vn 0.000000 -1.000000
vn 0.000000 -1.000000
vn 0.000000 -1.000000
vn 0.000000 -1.000000
vn 0.000000 -1.000000
vn 0.191480 -0.981496
vn 0.357407 -0.933949
vn 0.485653 -0.874152
vn 0.577350 -0.816497
vn 0.639338 -0.768926
vn 0.678598 -0.734510
vn 0.700215 -0.713933
vn 0.707107 -0.707107
vn 0.000000 -0.981496
vn -0.188064 -0.963983
vn -0.351618 -0.918822
vn -0.478741 -0.861711
vn -0.570162 -0.806331
vn -0.632264 -0.760417
vn -0.671737 -0.727083
vn -0.693520 -0.707107
vn 0.000000 -0.981496
vn 0.000000 -0.981496
vn 0.000000 -0.981496
vn 0.000000 -0.981496
vn 0.000000 -0.981496
vn 0.188064 -0.963983
vn 0.351618 -0.918822
vn 0.478741 -0.861711
vn 0.570162 -0.806331
vn 0.632264 -0.760417
vn 0.671737 -0.727083
vn 0.693520 -0.707107
vn 0.700473 -0.700473
vn 0.000000 -0.933949
vn -0.179253 -0.918822
vn -0.336557 -0.879465
vn -0.460566 -0.828997
vn -0.551076 -0.779339
vn -0.613336 -0.737653
vn -0.653281 -0.707107
vn -0.675459 -0.688692
vn 0.000000 -0.933949
vn 0.000000 -0.933949
vn 0.000000 -0.933949
vn 0.000000 -0.933949
vn 0.000000 -0.933949
vn 0.179253 -0.918822
vn 0.336557 -0.879465
vn 0.460566 -0.828997
vn 0.551076 -0.779339
vn 0.613336 -0.737653
vn 0.653281 -0.707107
vn 0.675459 -0.688692
vn 0.682559 -0.682559
vn 0.000000 -0.874152
vn -0.168111 -0.861711
vn -0.317243 -0.828997
vn -0.436859 -0.786326
vn -0.525783 -0.743570
vn -0.587938 -0.707107
vn -0.628299 -0.680066
vn -0.650884 -0.663636
vn 0.000000 -0.874152
vn 0.000000 -0.874152
vn 0.000000 -0.874152
vn 0.000000 -0.874152
vn 0.000000 -0.874152
vn 0.168111 -0.861711
vn 0.317243 -0.828997
vn 0.436859 -0.786326
vn 0.525783 -0.743570
vn 0.587938 -0.707107
vn 0.628299 -0.680066
vn 0.650884 -0.663636
vn 0.658143 -0.658143
vn 0.000000 -0.816497
vn -0.157307 -0.806331
vn -0.298240 -0.779339
vn -0.413105 -0.743570
vn -0.500000 -0.707107
vn -0.561683 -0.675530
vn -0.602217 -0.651835
vn -0.625079 -0.637325
vn 0.000000 -0.816497
vn 0.000000 -0.816497
vn 0.000000 -0.816497
vn 0.000000 -0.816497
vn 0.000000 -0.816497
vn 0.157307 -0.806331
vn 0.298240 -0.779339
vn 0.413105 -0.743570
vn 0.500000 -0.707107
vn 0.561683 -0.675530
vn 0.602217 -0.651835
vn 0.625079 -0.637325
vn 0.632456 -0.632456
vn 0.000000 -0.768926
vn -0.148350 -0.760417
vn -0.282288 -0.737653
vn -0.392847 -0.707107
vn -0.477672 -0.675530
vn -0.538658 -0.647839
vn -0.579136 -0.626852
vn -0.602119 -0.613915
vn 0.000000 -0.768926
vn 0.000000 -0.768926
vn 0.000000 -0.768926
vn 0.000000 -0.768926
vn 0.000000 -0.768926
vn 0.148350 -0.760417
vn 0.282288 -0.737653
vn 0.392847 -0.707107
vn 0.477672 -0.675530
vn 0.538658 -0.647839
vn 0.579136 -0.626852
vn 0.602119 -0.613915
vn 0.609559 -0.609559
vn 0.000000 -0.734510
vn -0.141847 -0.727083
vn -0.270598 -0.707107
vn -0.377824 -0.680066
vn -0.460917 -0.651835
vn -0.521208 -0.626852
vn -0.561517 -0.607781
vn -0.584516 -0.595968
vn 0.000000 -0.734510
vn 0.000000 -0.734510
vn 0.000000 -0.734510
vn 0.000000 -0.734510
vn 0.000000 -0.734510
vn 0.141847 -0.727083
vn 0.270598 -0.707107
vn 0.377824 -0.680066
vn 0.460917 -0.651835
vn 0.521208 -0.626852
vn 0.561517 -0.607781
vn 0.584516 -0.595968
vn 0.591980 -0.591980
vn 0.000000 -0.713933
vn -0.137950 -0.707107
vn -0.263551 -0.688692
vn -0.368696 -0.663636
vn -0.450657 -0.637325
vn -0.510452 -0.613915
vn -0.550602 -0.595968
vn -0.573580 -0.584817
vn 0.000000 -0.713933
vn 0.000000 -0.713933
vn 0.000000 -0.713933
vn 0.000000 -0.713933
vn 0.000000 -0.713933
vn 0.137950 -0.707107
vn 0.263551 -0.688692
vn 0.368696 -0.663636
vn 0.450657 -0.637325
vn 0.510452 -0.613915
vn 0.550602 -0.595968
vn 0.573580 -0.584817
vn 0.581048 -0.581048
vn 0.000000 -1.000000
vn -0.191480 -0.981496
vn -0.357407 -0.933949
vn -0.485653 -0.874152
vn -0.577350 -0.816497
vn -0.639338 -0.768926
vn -0.678598 -0.734510
vn -0.700215 -0.713933
vn 0.000000 -1.000000
vn 0.000000 -1.000000
vn 0.000000 -1.000000
vn 0.000000 -1.000000
vn 0.000000 -1.000000
vn 0.191480 -0.981496
vn 0.357407 -0.933949
vn 0.485653 -0.874152
vn 0.577350 -0.816497
vn 0.639338 -0.768926
vn 0.678598 -0.734510
vn 0.700215 -0.713933
vn 0.707107 -0.707107
vn 0.000000 -1.000000
vn -0.191480 -0.981496
vn -0.357407 -0.933949
vn -0.485653 -0.874152
vn -0.577350 -0.816497
vn -0.639338 -0.768926
vn -0.678598 -0.734510
vn -0.700215 -0.713933
vn 0.000000 -1.000000
vn 0.000000 -1.000000
vn 0.000000 -1.000000
vn 0.000000 -1.000000
vn 0.000000 -1.000000
vn 0.191480 -0.981496
vn 0.357407 -0.933949
vn 0.485653 -0.874152
vn 0.577350 -0.816497
vn 0.639338 -0.768926
vn 0.678598 -0.734510
vn 0.700215 -0.713933
vn 0.707107 -0.707107
vn 0.000000 -1.000000
vn -0.191480 -0.981496
vn -0.357407 -0.933949
vn -0.485653 -0.874152
vn -0.577350 -0.816497
vn -0.639338 -0.768926
vn -0.678598 -0.734510
vn -0.700215 -0.713933
vn 0.000000 -1.000000
vn 0.000000 -1.000000
vn 0.000000 -1.000000
vn 0.000000 -1.000000
vn 0.000000 -1.000000
vn 0.191480 -0.981496
vn 0.357407 -0.933949
vn 0.485653 -0.874152
vn 0.577350 -0.816497
vn 0.639338 -0.768926
vn 0.678598 -0.734510
vn 0.700215 -0.713933
vn 0.707107 -0.707107
vn 0.000000 -1.000000
vn -0.191480 -0.981496
vn -0.357407 -0.933949
vn -0.485653 -0.874152
vn -0.577350 -0.816497
vn -0.639338 -0.768926
vn -0.678598 -0.734510
vn -0.700215 -0.713933
vn 0.000000 -1.000000
vn 0.000000 -1.000000
vn 0.000000 -1.000000
vn 0.000000 -1.000000
vn 0.000000 -1.000000
vn 0.191480 -0.981496
vn 0.357407 -0.933949
vn 0.485653 -0.874152
vn 0.577350 -0.816497
vn 0.639338 -0.768926
vn 0.678598 -0.734510
vn 0.700215 -0.713933
vn 0.707107 -0.707107
vn 0.000000 -1.000000
vn -0.191480 -0.981496
vn -0.357407 -0.933949
vn -0.485653 -0.874152
vn -0.577350 -0.816497
vn -0.639338 -0.768926
vn -0.678598 -0.734510
vn -0.700215 -0.713933
vn 0.000000 -1.000000
vn 0.000000 -1.000000
vn 0.000000 -1.000000
vn 0.000000 -1.000000
vn 0.000000 -1.000000
vn 0.191480 -0.981496
vn 0.357407 -0.933949
vn 0.485653 -0.874152
vn 0.577350 -0.816497
vn 0.639338 -0.768926
vn 0.678598 -0.734510
vn 0.700215 -0.713933
vn 0.707107 -0.707107
vn 0.000000 -0.981496
vn -0.188064 -0.963983
vn -0.351618 -0.918822
vn -0.478741 -0.861711
vn -0.570162 -0.806331
vn -0.632264 -0.760417
vn -0.671737 -0.727083
vn -0.693520 -0.707107
vn 0.000000 -0.981496
vn 0.000000 -0.981496
vn 0.000000 -0.981496
vn 0.000000 -0.981496
vn 0.000000 -0.981496
vn 0.188064 -0.963983
vn 0.351618 -0.918822
vn 0.478741 -0.861711
vn 0.570162 -0.806331
vn 0.632264 -0.760417
vn 0.671737 -0.727083
vn 0.693520 -0.707107
vn 0.700473 -0.700473
vn 0.000000 -0.933949
vn -0.179253 -0.918822
vn -0.336557 -0.879465
vn -0.460566 -0.828997
vn -0.551076 -0.779339
vn -0.613336 -0.737653
vn -0.653281 -0.707107
vn -0.675459 -0.688692
vn 0.000000 -0.933949
vn 0.000000 -0.933949
vn 0.000000 -0.933949
vn 0.000000 -0.933949
vn 0.000000 -0.933949
vn 0.179253 -0.918822
vn 0.336557 -0.879465
vn 0.460566 -0.828997
vn 0.551076 -0.779339
vn 0.613336 -0.737653
vn 0.653281 -0.707107
vn 0.675459 -0.688692
vn 0.682559 -0.682559
vn 0.000000 -0.874152
vn -0.168111 -0.861711
vn -0.317243 -0.828997
vn -0.436859 -0.786326
vn -0.525783 -0.743570
vn -0.587938 -0.707107
vn -0.628299 -0.680066
vn -0.650884 -0.663636
vn 0.000000 -0.874152
vn 0.000000 -0.874152
vn 0.000000 -0.874152
vn 0.000000 -0.874152
vn 0.000000 -0.874152
vn 0.168111 -0.861711
vn 0.317243 -0.828997
vn 0.436859 -0.786326
vn 0.525783 -0.743570
vn 0.587938 -0.707107
vn 0.628299 -0.680066
vn 0.650884 -0.663636
vn 0.658143 -0.658143
vn 0.000000 -0.816497
vn -0.157307 -0.806331
vn -0.298240 -0.779339
vn -0.413105 -0.743570
vn -0.500000 -0.707107
vn -0.561683 -0.675530
vn -0.602217 -0.651835
vn -0.625079 -0.637325
vn 0.000000 -0.816497
vn 0.000000 -0.816497
vn 0.000000 -0.816497
vn 0.000000 -0.816497
vn 0.000000 -0.816497
vn 0.157307 -0.806331
vn 0.298240 -0.779339
vn 0.413105 -0.743570
vn 0.500000 -0.707107
vn 0.561683 -0.675530
vn 0.602217 -0.651835
vn 0.625079 -0.637325
vn 0.632456 -0.632456
vn 0.000000 -0.768926
vn -0.148350 -0.760417
vn -0.282288 -0.737653
vn -0.392847 -0.707107
vn -0.477672 -0.675530
vn -0.538658 -0.647839
vn -0.579136 -0.626852
vn -0.602119 -0.613915
vn 0.000000 -0.768926
vn 0.000000 -0.768926
vn 0.000000 -0.768926
vn 0.000000 -0.768926
vn 0.000000 -0.768926
vn 0.148350 -0.760417
vn 0.282288 -0.737653
vn 0.392847 -0.707107
vn 0.477672 -0.675530
vn 0.538658 -0.647839
vn 0.579136 -0.626852
vn 0.602119 -0.613915
vn 0.609559 -0.609559
vn 0.000000 -0.734510
vn -0.141847 -0.727083
vn -0.270598 -0.707107
vn -0.377824 -0.680066
vn -0.460917 -0.651835
vn -0.521208 -0.626852
vn -0.561517 -0.607781
vn -0.584516 -0.595968
vn 0.000000 -0.734510
vn 0.000000 -0.734510
vn 0.000000 -0.734510
vn 0.000000 -0.734510
vn 0.000000 -0.734510
vn 0.141847 -0.727083
vn 0.270598 -0.707107
vn 0.377824 -0.680066
vn 0.460917 -0.651835
vn 0.521208 -0.626852
vn 0.561517 -0.607781
vn 0.584516 -0.595968
vn 0.591980 -0.591980
vn 0.000000 -0.713933
vn -0.137950 -0.707107
vn -0.263551 -0.688692
vn -0.368696 -0.663636
vn -0.450657 -0.637325
vn -0.510452 -0.613915
vn -0.550602 -0.595968
vn -0.573580 -0.584817
vn 0.000000 -0.713933
vn 0.000000 -0.713933
vn 0.000000 -0.713933
vn 0.000000 -0.713933
vn 0.000000 -0.713933
vn 0.137950 -0.707107
vn 0.263551 -0.688692
vn 0.368696 -0.663636
vn 0.450657 -0.637325
vn 0.510452 -0.613915
vn 0.550602 -0.595968
vn 0.573580 -0.584817
vn 0.581048 -0.581048
vn 0.000000 -0.707107
vn -0.136656 -0.700473
vn -0.261204 -0.682559
vn -0.365645 -0.658143
vn -0.447214 -0.632456
vn -0.506830 -0.609559
vn -0.546918 -0.591980
vn -0.569883 -0.581048
vn 0.000000 -0.707107
vn 0.000000 -0.707107
vn 0.000000 -0.707107
vn 0.000000 -0.707107
vn 0.000000 -0.707107
vn 0.136656 -0.700473
vn 0.261204 -0.682559
vn 0.365645 -0.658143
vn 0.447214 -0.632456
vn 0.506830 -0.609559
vn 0.546918 -0.591980
vn 0.569883 -0.581048
vn 0.577350 -0.577350

g 01_Body
usemtl 01_Body
f 1/1/1 22/22/22 23/23/23
f 1/1/1 23/23/23 2/2/2
f 2/2/2 23/23/23 24/24/24
f 2/2/2 24/24/24 3/3/3
f 3/3/3 24/24/24 25/25/25
f 3/3/3 25/25/25 4/4/4
f 4/4/4 25/25/25 26/26/26
f 4/4/4 26/26/26 5/5/5
f 5/5/5 26/26/26 27/27/27
f 5/5/5 27/27/27 6/6/6
f 6/6/6 27/27/27 28/28/28
f 6/6/6 28/28/28 7/7/7
f 7/7/7 28/28/28 29/29/29
f 7/7/7 29/29/29 8/8/8
f 8/8/8 29/29/29 30/30/30
f 8/8/8 30/30/30 9/9/9
f 9/9/9 30/30/30 31/31/31
f 9/9/9 31/31/31 10/10/10
f 10/10/10 31/31/31 32/32/32
f 10/10/10 32/32/32 11/11/11
f 11/11/11 32/32/32 33/33/33
f 11/11/11 33/33/33 12/12/12
f 12/12/12 33/33/33 34/34/34
f 12/12/12 34/34/34 13/13/13
f 13/13/13 34/34/34 35/35/35
f 13/13/13 35/35/35 14/14/14
f 14/14/14 35/35/35 36/36/36
f 14/14/14 36/36/36 15/15/15
f 15/15/15 36/36/36 37/37/37
f 15/15/15 37/37/37 16/16/16
f 16/16/16 37/37/37 38/38/38
f 16/16/16 38/38/38 17/17/17
f 17/17/17 38/38/38 39/39/39
f 17/17/17 39/39/39 18/18/18
f 18/18/18 39/39/39 40/40/40
f 18/18/18 40/40/40 19/19/19
f 19/19/19 40/40/40 41/41/41
f 19/19/19 41/41/41 20/20/20
f 20/20/20 41/41/41 42/42/42
f 20/20/20 42/42/42 21/21/21
f 22/22/22 43/43/43 44/44/44
f 22/22/22 44/44/44 23/23/23
f 23/23/23 44/44/44 45/45/45
f 23/23/23 45/45/45 24/24/24
f 24/24/24 45/45/45 46/46/46
f 24/24/24 46/46/46 25/25/25
f 25/25/25 46/46/46 47/47/47
f 25/25/25 47/47/47 26/26/26
f 26/26/26 47/47/47 48/48/48
f 26/26/26 48/48/48 27/27/27
f 27/27/27 48/48/48 49/49/49
f 27/27/27 49/49/49 28/28/28
f 28/28/28 49/49/49 50/50/50
f 28/28/28 50/50/50 29/29/29
f 29/29/29 50/50/50 51/51/51
f 29/29/29 51/51/51 30/30/30
f 30/30/30 51/51/51 52/52/52
f 30/30/30 52/52/52 31/31/31
f 31/31/31 52/52/52 53/53/53
f 31/31/31 53/53/53 32/32/32
f 32/32/32 53/53/53 54/54/54
f 32/32/32 54/54/54 33/33/33
f 33/33/33 54/54/54 55/55/55
f 33/33/33 55/55/55 34/34/34
f 34/34/34 55/55/55 56/56/56
f 34/34/34 56/56/56 35/35/35
f 35/35/35 56/56/56 57/57/57
f 35/35/35 57/57/57 36/36/36
f 36/36/36 57/57/57 58/58/58
f 36/36/36 58/58/58 37/37/37
f 37/37/37 58/58/58 59/59/59
f 37/37/37 59/59/59 38/38/38
f 38/38/38 59/59/59 60/60/60
f 38/38/38 60/60/60 39/39/39
f 39/39/39 60/60/60 61/61/61
f 39/39/39 61/61/61 40/40/40
f 40/40/40 61/61/61 62/62/62
f 40/40/40 62/62/62 41/41/41
f 41/41/41 62/62/62 63/63/63
f 41/41/41 63/63/63 42/42/42
f 43/43/43 64/64/64 65/65/65
f 43/43/43 65/65/65 44/44/44
f 44/44/44 65/65/65 66/66/66
f 44/44/44 66/66/66 45/45/45
f 45/45/45 66/66/66 67/67/67
f 45/45/45 67/67/67 46/46/46
f 46/46/46 67/67/67 68/68/68
f 46/46/46 68/68/68 47/47/47
f 47/47/47 68/68/68 69/69/69
f 47/47/47 69/69/69 48/48/48
f 48/48/48 69/69/69 70/70/70
f 48/48/48 70/70/70 49/49/49
f 49/49/49 70/70/70 71/71/71
f 49/49/49 71/71/71 50/50/50
f 50/50/50 71/71/71 72/72/72
f 50/50/50 72/72/72 51/51/51
f 51/51/51 72/72/72 73/73/73
f 51/51/51 73/73/73 52/52/52
f 52/52/52 73/73/73 74/74/74
f 52/52/52 74/74/74 53/53/53
f 53/53/53 74/74/74 75/75/75
f 53/53/53 75/75/75 54/54/54
f 54/54/54 75/75/75 76/76/76
f 54/54/54 76/76/76 55/55/55
f 55/55/55 76/76/76 77/77/77
f 55/55/55 77/77/77 56/56/56
f 56/56/56 77/77/77 78/78/78
f 56/56/56 78/78/78 57/57/57
f 57/57/57 78/78/78 79/79/79
f 57/57/57 79/79/79 58/58/58
f 58/58/58 79/79/79 80/80/80
f 58/58/58 80/80/80 59/59/59
f 59/59/59 80/80/80 81/81/81
f 59/59/59 81/81/81 60/60/60
f 60/60/60 81/81/81 82/82/82
f 60/60/60 82/82/82 61/61/61
f 61/61/61 82/82/82 83/83/83
f 61/61/61 83/83/83 62/62/62
f 62/62/62 83/83/83 84/84/84
f 62/62/62 84/84/84 63/63/63
f 64/64/64 85/85/85 86/86/86
f 64/64/64 86/86/86 65/65/65
f 65/65/65 86/86/86 87/87/87
f 65/65/65 87/87/87 66/66/66
f 66/66/66 87/87/87 88/88/88
f 66/66/66 88/88/88 67/67/67
f 67/67/67 88/88/88 89/89/89
f 67/67/67 89/89/89 68/68/68
f 68/68/68 89/89/89 90/90/90
f 68/68/68 90/90/90 69/69/69
f 69/69/69 90/90/90 91/91/91
f 69/69/69 91/91/91 70/70/70
f 70/70/70 91/91/91 92/92/92
f 70/70/70 92/92/92 71/71/71
f 71/71/71 92/92/92 93/93/93
f 71/71/71 93/93/93 72/72/72
f 72/72/72 93/93/93 94/94/94
f 72/72/72 94/94/94 73/73/73
f 73/73/73 94/94/94 95/95/95
f 73/73/73 95/95/95 74/74/74
f 74/74/74 95/95/95 96/96/96
f 74/74/74 96/96/96 75/75/75
f 75/75/75 96/96/96 97/97/97
f 75/75/75 97/97/97 76/76/76
f 76/76/76 97/97/97 98/98/98
f 76/76/76 98/98/98 77/77/77
f 77/77/77 98/98/98 99/99/99
f 77/77/77 99/99/99 78/78/78
f 78/78/78 99/99/99 100/100/100
f 78/78/78 100/100/100 79/79/79
f 79/79/79 100/100/100 101/101/101
f 79/79/79 101/101/101 80/80/80
f 80/80/80 101/101/101 102/102/102
f 80/80/80 102/102/102 81/81/81
f 81/81/81 102/102/102 103/103/103
f 81/81/81 103/103/103 82/82/82
f 82/82/82 103/103/103 104/104/104
f 82/82/82 104/104/104 83/83/83
f 83/83/83 104/104/104 105/105/105
f 83/83/83 105/105/105 84/84/84
f 85/85/85 106/106/106 107/107/107
f 85/85/85 107/107/107 86/86/86
f 86/86/86 107/107/107 108/108/108
f 86/86/86 108/108/108 87/87/87
f 87/87/87 108/108/108 109/109/109
f 87/87/87 109/109/109 88/88/88
f 88/88/88 109/109/109 110/110/110
f 88/88/88 110/110/110 89/89/89
f 89/89/89 110/110/110 111/111/111
f 89/89/89 111/111/111 90/90/90
f 90/90/90 111/111/111 112/112/112
f 90/90/90 112/112/112 91/91/91
f 91/91/91 112/112/112 113/113/113
f 91/91/91 113/113/113 92/92/92
f 92/92/92 113/113/113 114/114/114
f 92/92/92 114/114/114 93/93/93
f 93/93/93 114/114/114 115/115/115
f 93/93/93 115/115/115 94/94/94
f 94/94/94 115/115/115 116/116/116
f 94/94/94 116/116/116 95/95/95
f 95/95/95 116/116/116 117/117/117
f 95/95/95 117/117/117 96/96/96
f 96/96/96 117/117/117 118/118/118
f 96/96/96 118/118/118 97/97/97
f 97/97/97 118/118/118 119/119/119
f 97/97/97 119/119/119 98/98/98
f 98/98/98 119/119/119 120/120/120
f 98/98/98 120/120/120 99/99/99
f 99/99/99 120/120/120 121/121/121
f 99/99/99 121/121/121 100/100/100
f 100/100/100 121/121/121 122/122/122
f 100/100/100 122/122/122 101/101/101
f 101/101/101 122/122/122 123/123/123
f 101/101/101 123/123/123 102/102/102
f 102/102/102 123/123/123 124/124/124
f 102/102/102 124/124/124 103/103/103
f 103/103/103 124/124/124 125/125/125
f 103/103/103 125/125/125 104/104/104
f 104/104/104 125/125/125 126/126/126
f 104/104/104 126/126/126 105/105/105
f 106/106/106 127/127/127 128/128/128
f 106/106/106 128/128/128 107/107/107
f 107/107/107 128/128/128 129/129/129
f 107/107/107 129/129/129 108/108/108
f 108/108/108 129/129/129 130/130/130
f 108/108/108 130/130/130 109/109/109
f 109/109/109 130/130/130 131/131/131
f 109/109/109 131/131/131 110/110/110
f 110/110/110 131/131/131 132/132/132
f 110/110/110 132/132/132 111/111/111
f 111/111/111 132/132/132 133/133/133
f 111/111/111 133/133/133 112/112/112
f 112/112/112 133/133/133 134/134/134
f 112/112/112 134/134/134 113/113/113
f 113/113/113 134/134/134 135/135/135
f 113/113/113 135/135/135 114/114/114
f 114/114/114 135/135/135 136/136/136
f 114/114/114 136/136/136 115/115/115
f 115/115/115 136/136/136 137/137/137
f 115/115/115 137/137/137 116/116/116
f 116/116/116 137/137/137 138/138/138
f 116/116/116 138/138/138 117/117/117
f 117/117/117 138/138/138 139/139/139
f 117/117/117 139/139/139 118/118/118
f 118/118/118 139/139/139 140/140/140
f 118/118/118 140/140/140 119/119/119
f 119/119/119 140/140/140 141/141/141
f 119/119/119 141/141/141 120/120/120
f 120/120/120 141/141/141 142/142/142
f 120/120/120 142/142/142 121/121/121
f 121/121/121 142/142/142 143/143/143
f 121/121/121 143/143/143 122/122/122
f 122/122/122 143/143/143 144/144/144
f 122/122/122 144/144/144 123/123/123
f 123/123/123 144/144/144 145/145/145
f 123/123/123 145/145/145 124/124/124
f 124/124/124 145/145/145 146/146/146
f 124/124/124 146/146/146 125/125/125
f 125/125/125 146/146/146 147/147/147
f 125/125/125 147/147/147 126/126/126
f 127/127/127 148/148/148 149/149/149
f 127/127/127 149/149/149 128/128/128
f 128/128/128 149/149/149 150/150/150
f 128/128/128 150/150/150 129/129/129
f 129/129/129 150/150/150 151/151/151
f 129/129/129 151/151/151 130/130/130
f 130/130/130 151/151/151 152/152/152
f 130/130/130 152/152/152 131/131/131
f 131/131/131 152/152/152 153/153/153
f 131/131/131 153/153/153 132/132/132
f 132/132/132 153/153/153 154/154/154
f 132/132/132 154/154/154 133/133/133
f 133/133/133 154/154/154 155/155/155
f 133/133/133 155/155/155 134/134/134
f 134/134/134 155/155/155 156/156/156
f 134/134/134 156/156/156 135/135/135
f 135/135/135 156/156/156 157/157/157
f 135/135/135 157/157/157 136/136/136
f 136/136/136 157/157/157 158/158/158
f 136/136/136 158/158/158 137/137/137
f 137/137/137 158/158/158 159/159/159
f 137/137/137 159/159/159 138/138/138
f 138/138/138 159/159/159 160/160/160
f 138/138/138 160/160/160 139/139/139
f 139/139/139 160/160/160 161/161/161
f 139/139/139 161/161/161 140/140/140
f 140/140/140 161/161/161 162/162/162
f 140/140/140 162/162/162 141/141/141
f 141/141/141 162/162/162 163/163/163
f 141/141/141 163/163/163 142/142/142
f 142/142/142 163/163/163 164/164/164
f 142/142/142 164/164/164 143/143/143
f 143/143/143 164/164/164 165/165/165
f 143/143/143 165/165/165 144/144/144
f 144/144/144 165/165/165 166/166/166
f 144/144/144 166/166/166 145/145/145
f 145/145/145 166/166/166 167/167/167
f 145/145/145 167/167/167 146/146/146
f 146/146/146 167/167/167 168/168/168
f 146/146/146 168/168/168 147/147/147
f 148/148/148 169/169/169 170/170/170
f 148/148/148 170/170/170 149/149/149
f 149/149/149 170/170/170 171/171/171
f 149/149/149 171/171/171 150/150/150
f 150/150/150 171/171/171 172/172/172
f 150/150/150 172/172/172 151/151/151
f 151/151/151 172/172/172 173/173/173
f 151/151/151 173/173/173 152/152/152
f 152/152/152 173/173/173 174/174/174
f 152/152/152 174/174/174 153/153/153
f 153/153/153 174/174/174 175/175/175
f 153/153/153 175/175/175 154/154/154
f 154/154/154 175/175/175 176/176/176
f 154/154/154 176/176/176 155/155/155
f 155/155/155 176/176/176 177/177/177
f 155/155/155 177/177/177 156/156/156
f 156/156/156 177/177/177 178/178/178
f 156/156/156 178/178/178 157/157/157
f 157/157/157 178/178/178 179/179/179
f 157/157/157 179/179/179 158/158/158
f 158/158/158 179/179/179 180/180/180
f 158/158/158 180/180/180 159/159/159
f 159/159/159 180/180/180 181/181/181
f 159/159/159 181/181/181 160/160/160
f 160/160/160 181/181/181 182/182/182
f 160/160/160 182/182/182 161/161/161
f 161/161/161 182/182/182 183/183/183
f 161/161/161 183/183/183 162/162/162
f 162/162/162 183/183/183 184/184/184
f 162/162/162 184/184/184 163/163/163
f 163/163/163 184/184/184 185/185/185
f 163/163/163 185/185/185 164/164/164
f 164/164/164 185/185/185 186/186/186
f 164/164/164 186/186/186 165/165/165
f 165/165/165 186/186/186 187/187/187
f 165/165/165 187/187/187 166/166/166
f 166/166/166 187/187/187 188/188/188
f 166/166/166 188/188/188 167/167/167
f 167/167/167 188/188/188 189/189/189
f 167/167/167 189/189/189 168/168/168
f 169/169/169 190/190/190 191/191/191
f 169/169/169 191/191/191 170/170/170
f 170/170/170 191/191/191 192/192/192
f 170/170/170 192/192/192 171/171/171
f 171/171/171 192/192/192 193/193/193
f 171/171/171 193/193/193 172/172/172
f 172/172/172 193/193/193 194/194/194
f 172/172/172 194/194/194 173/173/173
f 173/173/173 194/194/194 195/195/195
f 173/173/173 195/195/195 174/174/174
f 174/174/174 195/195/195 196/196/196
f 174/174/174 196/196/196 175/175/175
f 175/175/175 196/196/196 197/197/197
f 175/175/175 197/197/197 176/176/176
f 176/176/176 197/197/197 198/198/198
f 176/176/176 198/198/198 177/177/177
f 177/177/177 198/198/198 199/199/199
f 177/177/177 199/199/199 178/178/178
f 178/178/178 199/199/199 200/200/200
f 178/178/178 200/200/200 179/179/179
f 179/179/179 200/200/200 201/201/201
f 179/179/179 201/201/201 180/180/180
f 180/180/180 201/201/201 202/202/202
f 180/180/180 202/202/202 181/181/181
f 181/181/181 202/202/202 203/203/203
f 181/181/181 203/203/203 182/182/182
f 182/182/182 203/203/203 204/204/204
f 182/182/182 204/204/204 183/183/183
f 183/183/183 204/204/204 205/205/205
f 183/183/183 205/205/205 184/184/184
f 184/184/184 205/205/205 206/206/206
f 184/184/184 206/206/206 185/185/185
f 185/185/185 206/206/206 207/207/207
f 185/185/185 207/207/207 186/186/186
f 186/186/186 207/207/207 208/208/208
f 186/186/186 208/208/208 187/187/187
f 187/187/187 208/208/208 209/209/209
f 187/187/187 209/209/209 188/188/188
f 188/188/188 209/209/209 210/210/210
f 188/188/188 210/210/210 189/189/189
f 190/190/190 211/211/211 212/212/212
f 190/190/190 212/212/212 191/191/191
f 191/191/191 212/212/212 213/213/213
f 191/191/191 213/213/213 192/192/192
f 192/192/192 213/213/213 214/214/214
f 192/192/192 214/214/214 193/193/193
f 193/193/193 214/214/214 215/215/215
f 193/193/193 215/215/215 194/194/194
f 194/194/194 215/215/215 216/216/216
f 194/194/194 216/216/216 195/195/195
f 195/195/195 216/216/216 217/217/217
f 195/195/195 217/217/217 196/196/196
f 196/196/196 217/217/217 218/218/218
f 196/196/196 218/218/218 197/197/197
f 197/197/197 218/218/218 219/219/219
f 197/197/197 219/219/219 198/198/198
f 198/198/198 219/219/219 220/220/220
f 198/198/198 220/220/220 199/199/199
f 199/199/199 220/220/220 221/221/221
f 199/199/199 221/221/221 200/200/200
f 200/200/200 221/221/221 222/222/222
f 200/200/200 222/222/222 201/201/201
f 201/201/201 222/222/222 223/223/223
f 201/201/201 223/223/223 202/202/202
f 202/202/202 223/223/223 224/224/224
f 202/202/202 224/224/224 203/203/203
f 203/203/203 224/224/224 225/225/225
f 203/203/203 225/225/225 204/204/204
f 204/204/204 225/225/225 226/226/226
f 204/204/204 226/226/226 205/205/205
f 205/205/205 226/226/226 227/227/227
f 205/205/205 227/227/227 206/206/206
f 206/206/206 227/227/227 228/228/228
f 206/206/206 228/228/228 207/207/207
f 207/207/207 228/228/228 229/229/229
f 207/207/207 229/229/229 208/208/208
f 208/208/208 229/229/229 230/230/230
f 208/208/208 230/230/230 209/209/209
f 209/209/209 230/230/230 231/231/231
f 209/209/209 231/231/231 210/210/210
f 211/211/211 232/232/232 233/233/233
f 211/211/211 233/233/233 212/212/212
f 212/212/212 233/233/233 234/234/234
f 212/212/212 234/234/234 213/213/213
f 213/213/213 234/234/234 235/235/235
f 213/213/213 235/235/235 214/214/214
f 214/214/214 235/235/235 236/236/236
f 214/214/214 236/236/236 215/215/215
f 215/215/215 236/236/236 237/237/237
f 215/215/215 237/237/237 216/216/216
f 216/216/216 237/237/237 238/238/238
f 216/216/216 238/238/238 217/217/217
f 217/217/217 238/238/238 239/239/239
f 217/217/217 239/239/239 218/218/218
f 218/218/218 239/239/239 240/240/240
f 218/218/218 240/240/240 219/219/219
f 219/219/219 240/240/240 241/241/241
f 219/219/219 241/241/241 220/220/220
f 220/220/220 241/241/241 242/242/242
f 220/220/220 242/242/242 221/221/221
f 221/221/221 242/242/242 243/243/243
f 221/221/221 243/243/243 222/222/222
f 222/222/222 243/243/243 244/244/244
f 222/222/222 244/244/244 223/223/223
f 223/223/223 244/244/244 245/245/245
f 223/223/223 245/245/245 224/224/224
f 224/224/224 245/245/245 246/246/246
f 224/224/224 246/246/246 225/225/225
f 225/225/225 246/246/246 247/247/247
f 225/225/225 247/247/247 226/226/226
f 226/226/226 247/247/247 248/248/248
f 226/226/226 248/248/248 227/227/227
f 227/227/227 248/248/248 249/249/249
f 227/227/227 249/249/249 228/228/228
f 228/228/228 249/249/249 250/250/250
f 228/228/228 250/250/250 229/229/229
f 229/229/229 250/250/250 251/251/251
f 229/229/229 251/251/251 230/230/230
f 230/230/230 251/251/251 252/252/252
f 230/230/230 252/252/252 231/231/231
f 232/232/232 253/253/253 254/254/254
f 232/232/232 254/254/254 233/233/233
f 233/233/233 254/254/254 255/255/255
f 233/233/233 255/255/255 234/234/234
f 234/234/234 255/255/255 256/256/256
f 234/234/234 256/256/256 235/235/235
f 235/235/235 256/256/256 257/257/257
f 235/235/235 257/257/257 236/236/236
f 236/236/236 257/257/257 258/258/258
f 236/236/236 258/258/258 237/237/237
f 237/237/237 258/258/258 259/259/259
f 237/237/237 259/259/259 238/238/238
f 238/238/238 259/259/259 260/260/260
f 238/238/238 260/260/260 239/239/239
f 239/239/239 260/260/260 261/261/261
f 239/239/239 261/261/261 240/240/240
f 240/240/240 261/261/261 262/262/262
f 240/240/240 262/262/262 241/241/241
f 241/241/241 262/262/262 263/263/263
f 241/241/241 263/263/263 242/242/242
f 242/242/242 263/263/263 264/264/264
f 242/242/242 264/264/264 243/243/243
f 243/243/243 264/264/264 265/265/265
f 243/243/243 265/265/265 244/244/244
f 244/244/244 265/265/265 266/266/266
f 244/244/244 266/266/266 245/245/245
f 245/245/245 266/266/266 267/267/267
f 245/245/245 267/267/267 246/246/246
f 246/246/246 267/267/267 268/268/268
f 246/246/246 268/268/268 247/247/247
f 247/247/247 268/268/268 269/269/269
f 247/247/247 269/269/269 248/248/248
f 248/248/248 269/269/269 270/270/270
f 248/248/248 270/270/270 249/249/249
f 249/249/249 270/270/270 271/271/271
f 249/249/249 271/271/271 250/250/250
f 250/250/250 271/271/271 272/272/272
f 250/250/250 272/272/272 251/251/251
f 251/251/251 272/272/272 273/273/273
f 251/251/251 273/273/273 252/252/252
f 253/253/253 274/274/274 275/275/275
f 253/253/253 275/275/275 254/254/254
f 254/254/254 275/275/275 276/276/276
f 254/254/254 276/276/276 255/255/255
f 255/255/255 276/276/276 277/277/277
f 255/255/255 277/277/277 256/256/256
f 256/256/256 277/277/277 278/278/278
f 256/256/256 278/278/278 257/257/257
f 257/257/257 278/278/278 279/279/279
f 257/257/257 279/279/279 258/258/258
f 258/258/258 279/279/279 280/280/280
f 258/258/258 280/280/280 259/259/259
f 259/259/259 280/280/280 281/281/281
f 259/259/259 281/281/281 260/260/260
f 260/260/260 281/281/281 282/282/282
f 260/260/260 282/282/282 261/261/261
f 261/261/261 282/282/282 283/283/283
f 261/261/261 283/283/283 262/262/262
f 262/262/262 283/283/283 284/284/284
f 262/262/262 284/284/284 263/263/263
f 263/263/263 284/284/284 285/285/285
f 263/263/263 285/285/285 264/264/264
f 264/264/264 285/285/285 286/286/286
f 264/264/264 286/286/286 265/265/265
f 265/265/265 286/286/286 287/287/287
f 265/265/265 287/287/287 266/266/266
f 266/266/266 287/287/287 288/288/288
f 266/266/266 288/288/288 267/267/267
f 267/267/267 288/288/288 289/289/289
f 267/267/267 289/289/289 268/268/268
f 268/268/268 289/289/289 290/290/290
f 268/268/268 290/290/290 269/269/269
f 269/269/269 290/290/290 291/291/291
f 269/269/269 291/291/291 270/270/270
f 270/270/270 291/291/291 292/292/292
f 270/270/270 292/292/292 271/271/271
f 271/271/271 292/292/292 293/293/293
f 271/271/271 293/293/293 272/272/272
f 272/272/272 293/293/293 294/294/294
f 272/272/272 294/294/294 273/273/273
f 274/274/274 295/295/295 296/296/296
f 274/274/274 296/296/296 275/275/275
f 275/275/275 296/296/296 297/297/297
f 275/275/275 297/297/297 276/276/276
f 276/276/276 297/297/297 298/298/298
f 276/276/276 298/298/298 277/277/277
f 277/277/277 298/298/298 299/299/299
f 277/277/277 299/299/299 278/278/278
f 278/278/278 299/299/299 300/300/300
f 278/278/278 300/300/300 279/279/279
f 279/279/279 300/300/300 301/301/301
f 279/279/279 301/301/301 280/280/280
f 280/280/280 301/301/301 302/302/302
f 280/280/280 302/302/302 281/281/281
f 281/281/281 302/302/302 303/303/303
f 281/281/281 303/303/303 282/282/282
f 282/282/282 303/303/303 304/304/304
f 282/282/282 304/304/304 283/283/283
f 283/283/283 304/304/304 305/305/305
f 283/283/283 305/305/305 284/284/284
f 284/284/284 305/305/305 306/306/306
f 284/284/284 306/306/306 285/285/285
f 285/285/285 306/306/306 307/307/307
f 285/285/285 307/307/307 286/286/286
f 286/286/286 307/307/307 308/308/308
f 286/286/286 308/308/308 287/287/287
f 287/287/287 308/308/308 309/309/309
f 287/287/287 309/309/309 288/288/288
f 288/288/288 309/309/309 310/310/310
f 288/288/288 310/310/310 289/289/289
f 289/289/289 310/310/310 311/311/311
f 289/289/289 311/311/311 290/290/290
f 290/290/290 311/311/311 312/312/312
f 290/290/290 312/312/312 291/291/291
f 291/291/291 312/312/312 313/313/313
f 291/291/291 313/313/313 292/292/292
f 292/292/292 313/313/313 314/314/314
f 292/292/292 314/314/314 293/293/293
f 293/293/293 314/314/314 315/315/315
f 293/293/293 315/315/315 294/294/294
f 295/295/295 316/316/316 317/317/317
f 295/295/295 317/317/317 296/296/296
f 296/296/296 317/317/317 318/318/318
f 296/296/296 318/318/318 297/297/297
f 297/297/297 318/318/318 319/319/319
f 297/297/297 319/319/319 298/298/298
f 298/298/298 319/319/319 320/320/320
f 298/298/298 320/320/320 299/299/299
f 299/299/299 320/320/320 321/321/321
f 299/299/299 321/321/321 300/300/300
f 300/300/300 321/321/321 322/322/322
f 300/300/300 322/322/322 301/301/301
f 301/301/301 322/322/322 323/323/323
f 301/301/301 323/323/323 302/302/302
f 302/302/302 323/323/323 324/324/324
f 302/302/302 324/324/324 303/303/303
f 303/303/303 324/324/324 325/325/325
f 303/303/303 325/325/325 304/304/304
f 304/304/304 325/325/325 326/326/326
f 304/304/304 326/326/326 305/305/305
f 305/305/305 326/326/326 327/327/327
f 305/305/305 327/327/327 306/306/306
f 306/306/306 327/327/327 328/328/328
f 306/306/306 328/328/328 307/307/307
f 307/307/307 328/328/328 329/329/329
f 307/307/307 329/329/329 308/308/308
f 308/308/308 329/329/329 330/330/330
f 308/308/308 330/330/330 309/309/309
f 309/309/309 330/330/330 331/331/331
f 309/309/309 331/331/331 310/310/310
f 310/310/310 331/331/331 332/332/332
f 310/310/310 332/332/332 311/311/311
f 311/311/311 332/332/332 333/333/333
f 311/311/311 333/333/333 312/312/312
f 312/312/312 333/333/333 334/334/334
f 312/312/312 334/334/334 313/313/313
f 313/313/313 334/334/334 335/335/335
f 313/313/313 335/335/335 314/314/314
f 314/314/314 335/335/335 336/336/336
f 314/314/314 336/336/336 315/315/315
f 316/316/316 337/337/337 338/338/338
f 316/316/316 338/338/338 317/317/317
f 317/317/317 338/338/338 339/339/339
f 317/317/317 339/339/339 318/318/318
f 318/318/318 339/339/339 340/340/340
f 318/318/318 340/340/340 319/319/319
f 319/319/319 340/340/340 341/341/341
f 319/319/319 341/341/341 320/320/320
f 320/320/320 341/341/341 342/342/342
f 320/320/320 342/342/342 321/321/321
f 321/321/321 342/342/342 343/343/343
f 321/321/321 343/343/343 322/322/322
f 322/322/322 343/343/343 344/344/344
f 322/322/322 344/344/344 323/323/323
f 323/323/323 344/344/344 345/345/345
f 323/323/323 345/345/345 324/324/324
f 324/324/324 345/345/345 346/346/346
f 324/324/324 346/346/346 325/325/325
f 325/325/325 346/346/346 347/347/347
f 325/325/325 347/347/347 326/326/326
f 326/326/326 347/347/347 348/348/348
f 326/326/326 348/348/348 327/327/327
f 327/327/327 348/348/348 349/349/349
f 327/327/327 349/349/349 328/328/328
f 328/328/328 349/349/349 350/350/350
f 328/328/328 350/350/350 329/329/329
f 329/329/329 350/350/350 351/351/351
f 329/329/329 351/351/351 330/330/330
f 330/330/330 351/351/351 352/352/352
f 330/330/330 352/352/352 331/331/331
f 331/331/331 352/352/352 353/353/353
f 331/331/331 353/353/353 332/332/332
f 332/332/332 353/353/353 354/354/354
f 332/332/332 354/354/354 333/333/333
f 333/333/333 354/354/354 355/355/355
f 333/333/333 355/355/355 334/334/334
f 334/334/334 355/355/355 356/356/356
f 334/334/334 356/356/356 335/335/335
f 335/335/335 356/356/356 357/357/357
f 335/335/335 357/357/357 336/336/336
f 337/337/337 358/358/358 359/359/359
f 337/337/337 359/359/359 338/338/338
f 338/338/338 359/359/359 360/360/360
f 338/338/338 360/360/360 339/339/339
f 339/339/339 360/360/360 361/361/361
f 339/339/339 361/361/361 340/340/340
f 340/340/340 361/361/361 362/362/362
f 340/340/340 362/362/362 341/341/341
f 341/341/341 362/362/362 363/363/363
f 341/341/341 363/363/363 342/342/342
f 342/342/342 363/363/363 364/364/364
f 342/342/342 364/364/364 343/343/343
f 343/343/343 364/364/364 365/365/365
f 343/343/343 365/365/365 344/344/344
f 344/344/344 365/365/365 366/366/366
f 344/344/344 366/366/366 345/345/345
f 345/345/345 366/366/366 367/367/367
f 345/345/345 367/367/367 346/346/346
f 346/346/346 367/367/367 368/368/368
f 346/346/346 368/368/368 347/347/347
f 347/347/347 368/368/368 369/369/369
f 347/347/347 369/369/369 348/348/348
f 348/348/348 369/369/369 370/370/370
f 348/348/348 370/370/370 349/349/349
f 349/349/349 370/370/370 371/371/371
f 349/349/349 371/371/371 350/350/350
f 350/350/350 371/371/371 372/372/372
f 350/350/350 372/372/372 351/351/351
f 351/351/351 372/372/372 373/373/373
f 351/351/351 373/373/373 352/352/352
f 352/352/352 373/373/373 374/374/374
f 352/352/352 374/374/374 353/353/353
f 353/353/353 374/374/374 375/375/375
f 353/353/353 375/375/375 354/354/354
f 354/354/354 375/375/375 376/376/376
f 354/354/354 376/376/376 355/355/355
f 355/355/355 376/376/376 377/377/377
f 355/355/355 377/377/377 356/356/356
f 356/356/356 377/377/377 378/378/378
f 356/356/356 378/378/378 357/357/357
f 358/358/358 379/379/379 380/380/380
f 358/358/358 380/380/380 359/359/359
f 359/359/359 380/380/380 381/381/381
f 359/359/359 381/381/381 360/360/360
f 360/360/360 381/381/381 382/382/382
f 360/360/360 382/382/382 361/361/361
f 361/361/361 382/382/382 383/383/383
f 361/361/361 383/383/383 362/362/362
f 362/362/362 383/383/383 384/384/384
f 362/362/362 384/384/384 363/363/363
f 363/363/363 384/384/384 385/385/385
f 363/363/363 385/385/385 364/364/364
f 364/364/364 385/385/385 386/386/386
f 364/364/364 386/386/386 365/365/365
f 365/365/365 386/386/386 387/387/387
f 365/365/365 387/387/387 366/366/366
f 366/366/366 387/387/387 388/388/388
f 366/366/366 388/388/388 367/367/367
f 367/367/367 388/388/388 389/389/389
f 367/367/367 389/389/389 368/368/368
f 368/368/368 389/389/389 390/390/390
f 368/368/368 390/390/390 369/369/369
f 369/369/369 390/390/390 391/391/391
f 369/369/369 391/391/391 370/370/370
f 370/370/370 391/391/391 392/392/392
f 370/370/370 392/392/392 371/371/371
f 371/371/371 392/392/392 393/393/393
f 371/371/371 393/393/393 372/372/372
f 372/372/372 393/393/393 394/394/394
f 372/372/372 394/394/394 373/373/373
f 373/373/373 394/394/394 395/395/395
f 373/373/373 395/395/395 374/374/374
f 374/374/374 395/395/395 396/396/396
f 374/374/374 396/396/396 375/375/375
f 375/375/375 396/396/396 397/397/397
f 375/375/375 397/397/397 376/376/376
f 376/376/376 397/397/397 398/398/398
f 376/376/376 398/398/398 377/377/377
f 377/377/377 398/398/398 399/399/399
f 377/377/377 399/399/399 378/378/378
f 379/379/379 400/400/400 401/401/401
f 379/379/379 401/401/401 380/380/380
f 380/380/380 401/401/401 402/402/402
f 380/380/380 402/402/402 381/381/381
f 381/381/381 402/402/402 403/403/403
f 381/381/381 403/403/403 382/382/382
f 382/382/382 403/403/403 404/404/404
f 382/382/382 404/404/404 383/383/383
f 383/383/383 404/404/404 405/405/405
f 383/383/383 405/405/405 384/384/384
f 384/384/384 405/405/405 406/406/406
f 384/384/384 406/406/406 385/385/385
f 385/385/385 406/406/406 407/407/407
f 385/385/385 407/407/407 386/386/386
f 386/386/386 407/407/407 408/408/408
f 386/386/386 408/408/408 387/387/387
f 387/387/387 408/408/408 409/409/409
f 387/387/387 409/409/409 388/388/388
f 388/388/388 409/409/409 410/410/410
f 388/388/388 410/410/410 389/389/389
f 389/389/389 410/410/410 411/411/411
f 389/389/389 411/411/411 390/390/390
f 390/390/390 411/411/411 412/412/412
f 390/390/390 412/412/412 391/391/391
f 391/391/391 412/412/412 413/413/413
f 391/391/391 413/413/413 392/392/392
f 392/392/392 413/413/413 414/414/414
f 392/392/392 414/414/414 393/393/393
f 393/393/393 414/414/414 415/415/415
f 393/393/393 415/415/415 394/394/394
f 394/394/394 415/415/415 416/416/416
f 394/394/394 416/416/416 395/395/395
f 395/395/395 416/416/416 417/417/417
f 395/395/395 417/417/417 396/396/396
f 396/396/396 417/417/417 418/418/418
f 396/396/396 418/418/418 397/397/397
f 397/397/397 418/418/418 419/419/419
f 397/397/397 419/419/419 398/398/398
f 398/398/398 419/419/419 420/420/420
f 398/398/398 420/420/420 399/399/399
f 400/400/400 421/421/421 422/422/422
f 400/400/400 422/422/422 401/401/401
f 401/401/401 422/422/422 423/423/423
f 401/401/401 423/423/423 402/402/402
f 402/402/402 423/423/423 424/424/424
f 402/402/402 424/424/424 403/403/403
f 403/403/403 424/424/424 425/425/425
f 403/403/403 425/425/425 404/404/404
f 404/404/404 425/425/425 426/426/426
f 404/404/404 426/426/426 405/405/405
f 405/405/405 426/426/426 427/427/427
f 405/405/405 427/427/427 406/406/406
f 406/406/406 427/427/427 428/428/428
f 406/406/406 428/428/428 407/407/407
f 407/407/407 428/428/428 429/429/429
f 407/407/407 429/429/429 408/408/408
f 408/408/408 429/429/429 430/430/430
f 408/408/408 430/430/430 409/409/409
f 409/409/409 430/430/430 431/431/431
f 409/409/409 431/431/431 410/410/410
f 410/410/410 431/431/431 432/432/432
f 410/410/410 432/432/432 411/411/411
f 411/411/411 432/432/432 433/433/433
f 411/411/411 433/433/433 412/412/412
f 412/412/412 433/433/433 434/434/434
f 412/412/412 434/434/434 413/413/413
f 413/413/413 434/434/434 435/435/435
f 413/413/413 435/435/435 414/414/414
f 414/414/414 435/435/435 436/436/436
f 414/414/414 436/436/436 415/415/415
f 415/415/415 436/436/436 437/437/437
f 415/415/415 437/437/437 416/416/416
f 416/416/416 437/437/437 438/438/438
f 416/416/416 438/438/438 417/417/417
f 417/417/417 438/438/438 439/439/439
f 417/417/417 439/439/439 418/418/418
f 418/418/418 439/439/439 440/440/440
f 418/418/418 440/440/440 419/419/419
f 419/419/419 440/440/440 441/441/441
f 419/419/419 441/441/441 420/420/420
f 442/442/442 463/463/463 464/464/464
f 442/442/442 464/464/464 443/443/443
f 443/443/443 464/464/464 465/465/465
f 443/443/443 465/465/465 444/444/444
f 444/444/444 465/465/465 466/466/466
f 444/444/444 466/466/466 445/445/445
f 445/445/445 466/466/466 467/467/467
f 445/445/445 467/467/467 446/446/446
f 446/446/446 467/467/467 468/468/468
f 446/446/446 468/468/468 447/447/447
f 447/447/447 468/468/468 469/469/469
f 447/447/447 469/469/469 448/448/448
f 448/448/448 469/469/469 470/470/470
f 448/448/448 470/470/470 449/449/449
f 449/449/449 470/470/470 471/471/471
f 449/449/449 471/471/471 450/450/450
f 450/450/450 471/471/471 472/472/472
f 450/450/450 472/472/472 451/451/451
f 451/451/451 472/472/472 473/473/473
f 451/451/451 473/473/473 452/452/452
f 452/452/452 473/473/473 474/474/474
f 452/452/452 474/474/474 453/453/453
f 453/453/453 474/474/474 475/475/475
f 453/453/453 475/475/475 454/454/454
f 454/454/454 475/475/475 476/476/476
f 454/454/454 476/476/476 455/455/455
f 455/455/455 476/476/476 477/477/477
f 455/455/455 477/477/477 456/456/456
f 456/456/456 477/477/477 478/478/478
f 456/456/456 478/478/478 457/457/457
f 457/457/457 478/478/478 479/479/479
f 457/457/457 479/479/479 458/458/458
f 458/458/458 479/479/479 480/480/480
f 458/458/458 480/480/480 459/459/459
f 459/459/459 480/480/480 481/481/481
f 459/459/459 481/481/481 460/460/460
f 460/460/460 481/481/481 482/482/482
f 460/460/460 482/482/482 461/461/461
f 461/461/461 482/482/482 483/483/483
f 461/461/461 483/483/483 462/462/462
f 463/463/463 484/484/484 485/485/485
f 463/463/463 485/485/485 464/464/464
f 464/464/464 485/485/485 486/486/486
f 464/464/464 486/486/486 465/465/465
f 465/465/465 486/486/486 487/487/487
f 465/465/465 487/487/487 466/466/466
f 466/466/466 487/487/487 488/488/488
f 466/466/466 488/488/488 467/467/467
f 467/467/467 488/488/488 489/489/489
f 467/467/467 489/489/489 468/468/468
f 468/468/468 489/489/489 490/490/490
f 468/468/468 490/490/490 469/469/469
f 469/469/469 490/490/490 491/491/491
f 469/469/469 491/491/491 470/470/470
f 470/470/470 491/491/491 492/492/492
f 470/470/470 492/492/492 471/471/471
f 471/471/471 492/492/492 493/493/493
f 471/471/471 493/493/493 472/472/472
f 472/472/472 493/493/493 494/494/494
f 472/472/472 494/494/494 473/473/473
f 473/473/473 494/494/494 495/495/495
f 473/473/473 495/495/495 474/474/474
f 474/474/474 495/495/495 496/496/496
f 474/474/474 496/496/496 475/475/475
f 475/475/475 496/496/496 497/497/497
f 475/475/475 497/497/497 476/476/476
f 476/476/476 497/497/497 498/498/498
f 476/476/476 498/498/498 477/477/477
f 477/477/477 498/498/498 499/499/499
f 477/477/477 499/499/499 478/478/478
f 478/478/478 499/499/499 500/500/500
f 478/478/478 500/500/500 479/479/479
f 479/479/479 500/500/500 501/501/501
f 479/479/479 501/501/501 480/480/480
f 480/480/480 501/501/501 502/502/502
f 480/480/480 502/502/502 481/481/481
f 481/481/481 502/502/502 503/503/503
f 481/481/481 503/503/503 482/482/482
f 482/482/482 503/503/503 504/504/504
f 482/482/482 504/504/504 483/483/483
f 484/484/484 505/505/505 506/506/506
f 484/484/484 506/506/506 485/485/485
f 485/485/485 506/506/506 507/507/507
f 485/485/485 507/507/507 486/486/486
f 486/486/486 507/507/507 508/508/508
f 486/486/486 508/508/508 487/487/487
f 487/487/487 508/508/508 509/509/509
f 487/487/487 509/509/509 488/488/488
f 488/488/488 509/509/509 510/510/510
f 488/488/488 510/510/510 489/489/489
f 489/489/489 510/510/510 511/511/511
f 489/489/489 511/511/511 490/490/490
f 490/490/490 511/511/511 512/512/512
f 490/490/490 512/512/512 491/491/491
f 491/491/491 512/512/512 513/513/513
f 491/491/491 513/513/513 492/492/492
f 492/492/492 513/513/513 514/514/514
f 492/492/492 514/514/514 493/493/493
f 493/493/493 514/514/514 515/515/515
f 493/493/493 515/515/515 494/494/494
f 494/494/494 515/515/515 516/516/516
f 494/494/494 516/516/516 495/495/495
f 495/495/495 516/516/516 517/517/517
f 495/495/495 517/517/517 496/496/496
f 496/496/496 517/517/517 518/518/518
f 496/496/496 518/518/518 497/497/497
f 497/497/497 518/518/518 519/519/519
f 497/497/497 519/519/519 498/498/498
f 498/498/498 519/519/519 520/520/520
f 498/498/498 520/520/520 499/499/499
f 499/499/499 520/520/520 521/521/521
f 499/499/499 521/521/521 500/500/500
f 500/500/500 521/521/521 522/522/522
f 500/500/500 522/522/522 501/501/501
f 501/501/501 522/522/522 523/523/523
f 501/501/501 523/523/523 502/502/502
f 502/502/502 523/523/523 524/524/524
f 502/502/502 524/524/524 503/503/503
f 503/503/503 524/524/524 525/525/525
f 503/503/503 525/525/525 504/504/504
f 505/505/505 526/526/526 527/527/527
f 505/505/505 527/527/527 506/506/506
f 506/506/506 527/527/527 528/528/528
f 506/506/506 528/528/528 507/507/507
f 507/507/507 528/528/528 529/529/529
f 507/507/507 529/529/529 508/508/508
f 508/508/508 529/529/529 530/530/530
f 508/508/508 530/530/530 509/509/509
f 509/509/509 530/530/530 531/531/531
f 509/509/509 531/531/531 510/510/510
f 510/510/510 531/531/531 532/532/532
f 510/510/510 532/532/532 511/511/511
f 511/511/511 532/532/532 533/533/533
f 511/511/511 533/533/533 512/512/512
f 512/512/512 533/533/533 534/534/534
f 512/512/512 534/534/534 513/513/513
f 513/513/513 534/534/534 535/535/535
f 513/513/513 535/535/535 514/514/514
f 514/514/514 535/535/535 536/536/536
f 514/514/514 536/536/536 515/515/515
f 515/515/515 536/536/536 537/537/537
f 515/515/515 537/537/537 516/516/516
f 516/516/516 537/537/537 538/538/538
f 516/516/516 538/538/538 517/517/517
f 517/517/517 538/538/538 539/539/539
f 517/517/517 539/539/539 518/518/518
f 518/518/518 539/539/539 540/540/540
f 518/518/518 540/540/540 519/519/519
f 519/519/519 540/540/540 541/541/541
f 519/519/519 541/541/541 520/520/520
f 520/520/520 541/541/541 542/542/542
f 520/520/520 542/542/542 521/521/521
f 521/521/521 542/542/542 543/543/543
f 521/521/521 543/543/543 522/522/522
f 522/522/522 543/543/543 544/544/544
f 522/522/522 544/544/544 523/523/523
f 523/523/523 544/544/544 545/545/545
f 523/523/523 545/545/545 524/524/524
f 524/524/524 545/545/545 546/546/546
f 524/524/524 546/546/546 525/525/525
f 526/526/526 547/547/547 548/548/548
f 526/526/526 548/548/548 527/527/527
f 527/527/527 548/548/548 549/549/549
f 527/527/527 549/549/549 528/528/528
f 528/528/528 549/549/549 550/550/550
f 528/528/528 550/550/550 529/529/529
f 529/529/529 550/550/550 551/551/551
f 529/529/529 551/551/551 530/530/530
f 530/530/530 551/551/551 552/552/552
f 530/530/530 552/552/552 531/531/531
f 531/531/531 552/552/552 553/553/553
f 531/531/531 553/553/553 532/532/532
f 532/532/532 553/553/553 554/554/554
f 532/532/532 554/554/554 533/533/533
f 533/533/533 554/554/554 555/555/555
f 533/533/533 555/555/555 534/534/534
f 534/534/534 555/555/555 556/556/556
f 534/534/534 556/556/556 535/535/535
f 535/535/535 556/556/556 557/557/557
f 535/535/535 557/557/557 536/536/536
f 536/536/536 557/557/557 558/558/558
f 536/536/536 558/558/558 537/537/537
f 537/537/537 558/558/558 559/559/559
f 537/537/537 559/559/559 538/538/538
f 538/538/538 559/559/559 560/560/560
f 538/538/538 560/560/560 539/539/539
f 539/539/539 560/560/560 561/561/561
f 539/539/539 561/561/561 540/540/540
f 540/540/540 561/561/561 562/562/562
f 540/540/540 562/562/562 541/541/541
f 541/541/541 562/562/562 563/563/563
f 541/541/541 563/563/563 542/542/542
f 542/542/542 563/563/563 564/564/564
f 542/542/542 564/564/564 543/543/543
f 543/543/543 564/564/564 565/565/565
f 543/543/543 565/565/565 544/544/544
f 544/544/544 565/565/565 566/566/566
f 544/544/544 566/566/566 545/545/545
f 545/545/545 566/566/566 567/567/567
f 545/545/545 567/567/567 546/546/546
f 547/547/547 568/568/568 569/569/569
f 547/547/547 569/569/569 548/548/548
f 548/548/548 569/569/569 570/570/570
f 548/548/548 570/570/570 549/549/549
f 549/549/549 570/570/570 571/571/571
f 549/549/549 571/571/571 550/550/550
f 550/550/550 571/571/571 572/572/572
f 550/550/550 572/572/572 551/551/551
f 551/551/551 572/572/572 573/573/573
f 551/551/551 573/573/573 552/552/552
f 552/552/552 573/573/573 574/574/574
f 552/552/552 574/574/574 553/553/553
f 553/553/553 574/574/574 575/575/575
f 553/553/553 575/575/575 554/554/554
f 554/554/554 575/575/575 576/576/576
f 554/554/554 576/576/576 555/555/555
f 555/555/555 576/576/576 577/577/577
f 555/555/555 577/577/577 556/556/556
f 556/556/556 577/577/577 578/578/578
f 556/556/556 578/578/578 557/557/557
f 557/557/557 578/578/578 579/579/579
f 557/557/557 579/579/579 558/558/558
f 558/558/558 579/579/579 580/580/580
f 558/558/558 580/580/580 559/559/559
f 559/559/559 580/580/580 581/581/581
f 559/559/559 581/581/581 560/560/560
f 560/560/560 581/581/581 582/582/582
f 560/560/560 582/582/582 561/561/561
f 561/561/561 582/582/582 583/583/583
f 561/561/561 583/583/583 562/562/562
f 562/562/562 583/583/583 584/584/584
f 562/562/562 584/584/584 563/563/563
f 563/563/563 584/584/584 585/585/585
f 563/563/563 585/585/585 564/564/564
f 564/564/564 585/585/585 586/586/586
f 564/564/564 586/586/586 565/565/565
f 565/565/565 586/586/586 587/587/587
f 565/565/565 587/587/587 566/566/566
f 566/566/566 587/587/587 588/588/588
f 566/566/566 588/588/588 567/567/567
f 568/568/568 589/589/589 590/590/590
f 568/568/568 590/590/590 569/569/569
f 569/569/569 590/590/590 591/591/591
f 569/569/569 591/591/591 570/570/570
f 570/570/570 591/591/591 592/592/592
f 570/570/570 592/592/592 571/571/571
f 571/571/571 592/592/592 593/593/593
f 571/571/571 593/593/593 572/572/572
f 572/572/572 593/593/593 594/594/594
f 572/572/572 594/594/594 573/573/573
f 573/573/573 594/594/594 595/595/595
f 573/573/573 595/595/595 574/574/574
f 574/574/574 595/595/595 596/596/596
f 574/574/574 596/596/596 575/575/575
f 575/575/575 596/596/596 597/597/597
f 575/575/575 597/597/597 576/576/576
f 576/576/576 597/597/597 598/598/598
f 576/576/576 598/598/598 577/577/577
f 577/577/577 598/598/598 599/599/599
f 577/577/577 599/599/599 578/578/578
f 578/578/578 599/599/599 600/600/600
f 578/578/578 600/600/600 579/579/579
f 579/579/579 600/600/600 601/601/601
f 579/579/579 601/601/601 580/580/580
f 580/580/580 601/601/601 602/602/602
f 580/580/580 602/602/602 581/581/581
f 581/581/581 602/602/602 603/603/603
f 581/581/581 603/603/603 582/582/582
f 582/582/582 603/603/603 604/604/604
f 582/582/582 604/604/604 583/583/583
f 583/583/583 604/604/604 605/605/605
f 583/583/583 605/605/605 584/584/584
f 584/584/584 605/605/605 606/606/606
f 584/584/584 606/606/606 585/585/585
f 585/585/585 606/606/606 607/607/607
f 585/585/585 607/607/607 586/586/586
f 586/586/586 607/607/607 608/608/608
f 586/586/586 608/608/608 587/587/587
f 587/587/587 608/608/608 609/609/609
f 587/587/587 609/609/609 588/588/588
f 589/589/589 610/610/610 611/611/611
f 589/589/589 611/611/611 590/590/590
f 590/590/590 611/611/611 612/612/612
f 590/590/590 612/612/612 591/591/591
f 591/591/591 612/612/612 613/613/613
f 591/591/591 613/613/613 592/592/592
f 592/592/592 613/613/613 614/614/614
f 592/592/592 614/614/614 593/593/593
f 593/593/593 614/614/614 615/615/615
f 593/593/593 615/615/615 594/594/594
f 594/594/594 615/615/615 616/616/616
f 594/594/594 616/616/616 595/595/595
f 595/595/595 616/616/616 617/617/617
f 595/595/595 617/617/617 596/596/596
f 596/596/596 617/617/617 618/618/618
f 596/596/596 618/618/618 597/597/597
f 597/597/597 618/618/618 619/619/619
f 597/597/597 619/619/619 598/598/598
f 598/598/598 619/619/619 620/620/620
f 598/598/598 620/620/620 599/599/599
f 599/599/599 620/620/620 621/621/621
f 599/599/599 621/621/621 600/600/600
f 600/600/600 621/621/621 622/622/622
f 600/600/600 622/622/622 601/601/601
f 601/601/601 622/622/622 623/623/623
f 601/601/601 623/623/623 602/602/602
f 602/602/602 623/623/623 624/624/624
f 602/602/602 624/624/624 603/603/603
f 603/603/603 624/624/624 625/625/625
f 603/603/603 625/625/625 604/604/604
f 604/604/604 625/625/625 626/626/626
f 604/604/604 626/626/626 605/605/605
f 605/605/605 626/626/626 627/627/627
f 605/605/605 627/627/627 606/606/606
f 606/606/606 627/627/627 628/628/628
f 606/606/606 628/628/628 607/607/607
f 607/607/607 628/628/628 629/629/629
f 607/607/607 629/629/629 608/608/608
f 608/608/608 629/629/629 630/630/630
f 608/608/608 630/630/630 609/609/609
f 610/610/610 631/631/631 632/632/632
f 610/610/610 632/632/632 611/611/611
f 611/611/611 632/632/632 633/633/633
f 611/611/611 633/633/633 612/612/612
f 612/612/612 633/633/633 634/634/634
f 612/612/612 634/634/634 613/613/613
f 613/613/613 634/634/634 635/635/635
f 613/613/613 635/635/635 614/614/614
f 614/614/614 635/635/635 636/636/636
f 614/614/614 636/636/636 615/615/615
f 615/615/615 636/636/636 637/637/637
f 615/615/615 637/637/637 616/616/616
f 616/616/616 637/637/637 638/638/638
f 616/616/616 638/638/638 617/617/617
f 617/617/617 638/638/638 639/639/639
f 617/617/617 639/639/639 618/618/618
f 618/618/618 639/639/639 640/640/640
f 618/618/618 640/640/640 619/619/619
f 619/619/619 640/640/640 641/641/641
f 619/619/619 641/641/641 620/620/620
f 620/620/620 641/641/641 642/642/642
f 620/620/620 642/642/642 621/621/621
f 621/621/621 642/642/642 643/643/643
f 621/621/621 643/643/643 622/622/622
f 622/622/622 643/643/643 644/644/644
f 622/622/622 644/644/644 623/623/623
f 623/623/623 644/644/644 645/645/645
f 623/623/623 645/645/645 624/624/624
f 624/624/624 645/645/645 646/646/646
f 624/624/624 646/646/646 625/625/625
f 625/625/625 646/646/646 647/647/647
f 625/625/625 647/647/647 626/626/626
f 626/626/626 647/647/647 648/648/648
f 626/626/626 648/648/648 627/627/627
f 627/627/627 648/648/648 649/649/649
f 627/627/627 649/649/649 628/628/628
f 628/628/628 649/649/649 650/650/650
f 628/628/628 650/650/650 629/629/629
f 629/629/629 650/650/650 651/651/651
f 629/629/629 651/651/651 630/630/630
f 631/631/631 652/652/652 653/653/653
f 631/631/631 653/653/653 632/632/632
f 632/632/632 653/653/653 654/654/654
f 632/632/632 654/654/654 633/633/633
f 633/633/633 654/654/654 655/655/655
f 633/633/633 655/655/655 634/634/634
f 634/634/634 655/655/655 656/656/656
f 634/634/634 656/656/656 635/635/635
f 635/635/635 656/656/656 657/657/657
f 635/635/635 657/657/657 636/636/636
f 636/636/636 657/657/657 658/658/658
f 636/636/636 658/658/658 637/637/637
f 637/637/637 658/658/658 659/659/659
f 637/637/637 659/659/659 638/638/638
f 638/638/638 659/659/659 660/660/660
f 638/638/638 660/660/660 639/639/639
f 639/639/639 660/660/660 661/661/661
f 639/639/639 661/661/661 640/640/640
f 640/640/640 661/661/661 662/662/662
f 640/640/640 662/662/662 641/641/641
f 641/641/641 662/662/662 663/663/663
f 641/641/641 663/663/663 642/642/642
f 642/642/642 663/663/663 664/664/664
f 642/642/642 664/664/664 643/643/643
f 643/643/643 664/664/664 665/665/665
f 643/643/643 665/665/665 644/644/644
f 644/644/644 665/665/665 666/666/666
f 644/644/644 666/666/666 645/645/645
f 645/645/645 666/666/666 667/667/667
f 645/645/645 667/667/667 646/646/646
f 646/646/646 667/667/667 668/668/668
f 646/646/646 668/668/668 647/647/647
f 647/647/647 668/668/668 669/669/669
f 647/647/647 669/669/669 648/648/648
f 648/648/648 669/669/669 670/670/670
f 648/648/648 670/670/670 649/649/649
f 649/649/649 670/670/670 671/671/671
f 649/649/649 671/671/671 650/650/650
f 650/650/650 671/671/671 672/672/672
f 650/650/650 672/672/672 651/651/651
f 652/652/652 673/673/673 674/674/674
f 652/652/652 674/674/674 653/653/653
f 653/653/653 674/674/674 675/675/675
f 653/653/653 675/675/675 654/654/654
f 654/654/654 675/675/675 676/676/676
f 654/654/654 676/676/676 655/655/655
f 655/655/655 676/676/676 677/677/677
f 655/655/655 677/677/677 656/656/656
f 656/656/656 677/677/677 678/678/678
f 656/656/656 678/678/678 657/657/657
f 657/657/657 678/678/678 679/679/679
f 657/657/657 679/679/679 658/658/658
f 658/658/658 679/679/679 680/680/680
f 658/658/658 680/680/680 659/659/659
f 659/659/659 680/680/680 681/681/681
f 659/659/659 681/681/681 660/660/660
f 660/660/660 681/681/681 682/682/682
f 660/660/660 682/682/682 661/661/661
f 661/661/661 682/682/682 683/683/683
f 661/661/661 683/683/683 662/662/662
f 662/662/662 683/683/683 684/684/684
f 662/662/662 684/684/684 663/663/663
f 663/663/663 684/684/684 685/685/685
f 663/663/663 685/685/685 664/664/664
f 664/664/664 685/685/685 686/686/686
f 664/664/664 686/686/686 665/665/665
f 665/665/665 686/686/686 687/687/687
f 665/665/665 687/687/687 666/666/666
f 666/666/666 687/687/687 688/688/688
f 666/666/666 688/688/688 667/667/667
f 667/667/667 688/688/688 689/689/689
f 667/667/667 689/689/689 668/668/668
f 668/668/668 689/689/689 690/690/690
f 668/668/668 690/690/690 669/669/669
f 669/669/669 690/690/690 691/691/691
f 669/669/669 691/691/691 670/670/670
f 670/670/670 691/691/691 692/692/692
f 670/670/670 692/692/692 671/671/671
f 671/671/671 692/692/692 693/693/693
f 671/671/671 693/693/693 672/672/672
f 673/673/673 694/694/694 695/695/695
f 673/673/673 695/695/695 674/674/674
f 674/674/674 695/695/695 696/696/696
f 674/674/674 696/696/696 675/675/675
f 675/675/675 696/696/696 697/697/697
f 675/675/675 697/697/697 676/676/676
f 676/676/676 697/697/697 698/698/698
f 676/676/676 698/698/698 677/677/677
f 677/677/677 698/698/698 699/699/699
f 677/677/677 699/699/699 678/678/678
f 678/678/678 699/699/699 700/700/700
f 678/678/678 700/700/700 679/679/679
f 679/679/679 700/700/700 701/701/701
f 679/679/679 701/701/701 680/680/680
f 680/680/680 701/701/701 702/702/702
f 680/680/680 702/702/702 681/681/681
f 681/681/681 702/702/702 703/703/703
f 681/681/681 703/703/703 682/682/682
f 682/682/682 703/703/703 704/704/704
f 682/682/682 704/704/704 683/683/683
f 683/683/683 704/704/704 705/705/705
f 683/683/683 705/705/705 684/684/684
f 684/684/684 705/705/705 706/706/706
f 684/684/684 706/706/706 685/685/685
f 685/685/685 706/706/706 707/707/707
f 685/685/685 707/707/707 686/686/686
f 686/686/686 707/707/707 708/708/708
f 686/686/686 708/708/708 687/687/687
f 687/687/687 708/708/708 709/709/709
f 687/687/687 709/709/709 688/688/688
f 688/688/688 709/709/709 710/710/710
f 688/688/688 710/710/710 689/689/689
f 689/689/689 710/710/710 711/711/711
f 689/689/689 711/711/711 690/690/690
f 690/690/690 711/711/711 712/712/712
f 690/690/690 712/712/712 691/691/691
f 691/691/691 712/712/712 713/713/713
f 691/691/691 713/713/713 692/692/692
f 692/692/692 713/713/713 714/714/714
f 692/692/692 714/714/714 693/693/693
f 694/694/694 715/715/715 716/716/716
f 694/694/694 716/716/716 695/695/695
f 695/695/695 716/716/716 717/717/717
f 695/695/695 717/717/717 696/696/696
f 696/696/696 717/717/717 718/718/718
f 696/696/696 718/718/718 697/697/697
f 697/697/697 718/718/718 719/719/719
f 697/697/697 719/719/719 698/698/698
f 698/698/698 719/719/719 720/720/720
f 698/698/698 720/720/720 699/699/699
f 699/699/699 720/720/720 721/721/721
f 699/699/699 721/721/721 700/700/700
f 700/700/700 721/721/721 722/722/722
f 700/700/700 722/722/722 701/701/701
f 701/701/701 722/722/722 723/723/723
f 701/701/701 723/723/723 702/702/702
f 702/702/702 723/723/723 724/724/724
f 702/702/702 724/724/724 703/703/703
f 703/703/703 724/724/724 725/725/725
f 703/703/703 725/725/725 704/704/704
f 704/704/704 725/725/725 726/726/726
f 704/704/704 726/726/726 705/705/705
f 705/705/705 726/726/726 727/727/727
f 705/705/705 727/727/727 706/706/706
f 706/706/706 727/727/727 728/728/728
f 706/706/706 728/728/728 707/707/707
f 707/707/707 728/728/728 729/729/729
f 707/707/707 729/729/729 708/708/708
f 708/708/708 729/729/729 730/730/730
f 708/708/708 730/730/730 709/709/709
f 709/709/709 730/730/730 731/731/731
f 709/709/709 731/731/731 710/710/710
f 710/710/710 731/731/731 732/732/732
f 710/710/710 732/732/732 711/711/711
f 711/711/711 732/732/732 733/733/733
f 711/711/711 733/733/733 712/712/712
f 712/712/712 733/733/733 734/734/734
f 712/712/712 734/734/734 713/713/713
f 713/713/713 734/734/734 735/735/735
f 713/713/713 735/735/735 714/714/714
f 715/715/715 736/736/736 737/737/737
f 715/715/715 737/737/737 716/716/716
f 716/716/716 737/737/737 738/738/738
f 716/716/716 738/738/738 717/717/717
f 717/717/717 738/738/738 739/739/739
f 717/717/717 739/739/739 718/718/718
f 718/718/718 739/739/739 740/740/740
f 718/718/718 740/740/740 719/719/719
f 719/719/719 740/740/740 741/741/741
f 719/719/719 741/741/741 720/720/720
f 720/720/720 741/741/741 742/742/742
f 720/720/720 742/742/742 721/721/721
f 721/721/721 742/742/742 743/743/743
f 721/721/721 743/743/743 722/722/722
f 722/722/722 743/743/743 744/744/744
f 722/722/722 744/744/744 723/723/723
f 723/723/723 744/744/744 745/745/745
f 723/723/723 745/745/745 724/724/724
f 724/724/724 745/745/745 746/746/746
f 724/724/724 746/746/746 725/725/725
f 725/725/725 746/746/746 747/747/747
f 725/725/725 747/747/747 726/726/726
f 726/726/726 747/747/747 748/748/748
f 726/726/726 748/748/748 727/727/727
f 727/727/727 748/748/748 749/749/749
f 727/727/727 749/749/749 728/728/728
f 728/728/728 749/749/749 750/750/750
f 728/728/728 750/750/750 729/729/729
f 729/729/729 750/750/750 751/751/751
f 729/729/729 751/751/751 730/730/730
f 730/730/730 751/751/751 752/752/752
f 730/730/730 752/752/752 731/731/731
f 731/731/731 752/752/752 753/753/753
f 731/731/731 753/753/753 732/732/732
f 732/732/732 753/753/753 754/754/754
f 732/732/732 754/754/754 733/733/733
f 733/733/733 754/754/754 755/755/755
f 733/733/733 755/755/755 734/734/734
f 734/734/734 755/755/755 756/756/756
f 734/734/734 756/756/756 735/735/735
f 736/736/736 757/757/757 758/758/758
f 736/736/736 758/758/758 737/737/737
f 737/737/737 758/758/758 759/759/759
f 737/737/737 759/759/759 738/738/738
f 738/738/738 759/759/759 760/760/760
f 738/738/738 760/760/760 739/739/739
f 739/739/739 760/760/760 761/761/761
f 739/739/739 761/761/761 740/740/740
f 740/740/740 761/761/761 762/762/762
f 740/740/740 762/762/762 741/741/741
f 741/741/741 762/762/762 763/763/763
f 741/741/741 763/763/763 742/742/742
f 742/742/742 763/763/763 764/764/764
f 742/742/742 764/764/764 743/743/743
f 743/743/743 764/764/764 765/765/765
f 743/743/743 765/765/765 744/744/744
f 744/744/744 765/765/765 766/766/766
f 744/744/744 766/766/766 745/745/745
f 745/745/745 766/766/766 767/767/767
f 745/745/745 767/767/767 746/746/746
f 746/746/746 767/767/767 768/768/768
f 746/746/746 768/768/768 747/747/747
f 747/747/747 768/768/768 769/769/769
f 747/747/747 769/769/769 748/748/748
f 748/748/748 769/769/769 770/770/770
f 748/748/748 770/770/770 749/749/749
f 749/749/749 770/770/770 771/771/771
f 749/749/749 771/771/771 750/750/750
f 750/750/750 771/771/771 772/772/772
f 750/750/750 772/772/772 751/751/751
f 751/751/751 772/772/772 773/773/773
f 751/751/751 773/773/773 752/752/752
f 752/752/752 773/773/773 774/774/774
f 752/752/752 774/774/774 753/753/753
f 753/753/753 774/774/774 775/775/775
f 753/753/753 775/775/775 754/754/754
f 754/754/754 775/775/775 776/776/776
f 754/754/754 776/776/776 755/755/755
f 755/755/755 776/776/776 777/777/777
f 755/755/755 777/777/777 756/756/756
f 757/757/757 778/778/778 779/779/779
f 757/757/757 779/779/779 758/758/758
f 758/758/758 779/779/779 780/780/780
f 758/758/758 780/780/780 759/759/759
f 759/759/759 780/780/780 781/781/781
f 759/759/759 781/781/781 760/760/760
f 760/760/760 781/781/781 782/782/782
f 760/760/760 782/782/782 761/761/761
f 761/761/761 782/782/782 783/783/783
f 761/761/761 783/783/783 762/762/762
f 762/762/762 783/783/783 784/784/784
f 762/762/762 784/784/784 763/763/763
f 763/763/763 784/784/784 785/785/785
f 763/763/763 785/785/785 764/764/764
f 764/764/764 785/785/785 786/786/786
f 764/764/764 786/786/786 765/765/765
f 765/765/765 786/786/786 787/787/787
f 765/765/765 787/787/787 766/766/766
f 766/766/766 787/787/787 788/788/788
f 766/766/766 788/788/788 767/767/767
f 767/767/767 788/788/788 789/789/789
f 767/767/767 789/789/789 768/768/768
f 768/768/768 789/789/789 790/790/790
f 768/768/768 790/790/790 769/769/769
f 769/769/769 790/790/790 791/791/791
f 769/769/769 791/791/791 770/770/770
f 770/770/770 791/791/791 792/792/792
f 770/770/770 792/792/792 771/771/771
f 771/771/771 792/792/792 793/793/793
f 771/771/771 793/793/793 772/772/772
f 772/772/772 793/793/793 794/794/794
f 772/772/772 794/794/794 773/773/773
f 773/773/773 794/794/794 795/795/795
f 773/773/773 795/795/795 774/774/774
f 774/774/774 795/795/795 796/796/796
f 774/774/774 796/796/796 775/775/775
f 775/775/775 796/796/796 797/797/797
f 775/775/775 797/797/797 776/776/776
f 776/776/776 797/797/797 798/798/798
f 776/776/776 798/798/798 777/777/777
f 778/778/778 799/799/799 800/800/800
f 778/778/778 800/800/800 779/779/779
f 779/779/779 800/800/800 801/801/801
f 779/779/779 801/801/801 780/780/780
f 780/780/780 801/801/801 802/802/802
f 780/780/780 802/802/802 781/781/781
f 781/781/781 802/802/802 803/803/803
f 781/781/781 803/803/803 782/782/782
f 782/782/782 803/803/803 804/804/804
f 782/782/782 804/804/804 783/783/783
f 783/783/783 804/804/804 805/805/805
f 783/783/783 805/805/805 784/784/784
f 784/784/784 805/805/805 806/806/806
f 784/784/784 806/806/806 785/785/785
f 785/785/785 806/806/806 807/807/807
f 785/785/785 807/807/807 786/786/786
f 786/786/786 807/807/807 808/808/808
f 786/786/786 808/808/808 787/787/787
f 787/787/787 808/808/808 809/809/809
f 787/787/787 809/809/809 788/788/788
f 788/788/788 809/809/809 810/810/810
f 788/788/788 810/810/810 789/789/789
f 789/789/789 810/810/810 811/811/811
f 789/789/789 811/811/811 790/790/790
f 790/790/790 811/811/811 812/812/812
f 790/790/790 812/812/812 791/791/791
f 791/791/791 812/812/812 813/813/813
f 791/791/791 813/813/813 792/792/792
f 792/792/792 813/813/813 814/814/814
f 792/792/792 814/814/814 793/793/793
f 793/793/793 814/814/814 815/815/815
f 793/793/793 815/815/815 794/794/794
f 794/794/794 815/815/815 816/816/816
f 794/794/794 816/816/816 795/795/795
f 795/795/795 816/816/816 817/817/817
f 795/795/795 817/817/817 796/796/796
f 796/796/796 817/817/817 818/818/818
f 796/796/796 818/818/818 797/797/797
f 797/797/797 818/818/818 819/819/819
f 797/797/797 819/819/819 798/798/798
f 799/799/799 820/820/820 821/821/821
f 799/799/799 821/821/821 800/800/800
f 800/800/800 821/821/821 822/822/822
f 800/800/800 822/822/822 801/801/801
f 801/801/801 822/822/822 823/823/823
f 801/801/801 823/823/823 802/802/802
f 802/802/802 823/823/823 824/824/824
f 802/802/802 824/824/824 803/803/803
f 803/803/803 824/824/824 825/825/825
f 803/803/803 825/825/825 804/804/804
f 804/804/804 825/825/825 826/826/826
f 804/804/804 826/826/826 805/805/805
f 805/805/805 826/826/826 827/827/827
f 805/805/805 827/827/827 806/806/806
f 806/806/806 827/827/827 828/828/828
f 806/806/806 828/828/828 807/807/807
f 807/807/807 828/828/828 829/829/829
f 807/807/807 829/829/829 808/808/808
f 808/808/808 829/829/829 830/830/830
f 808/808/808 830/830/830 809/809/809
f 809/809/809 830/830/830 831/831/831
f 809/809/809 831/831/831 810/810/810
f 810/810/810 831/831/831 832/832/832
f 810/810/810 832/832/832 811/811/811
f 811/811/811 832/832/832 833/833/833
f 811/811/811 833/833/833 812/812/812
f 812/812/812 833/833/833 834/834/834
f 812/812/812 834/834/834 813/813/813
f 813/813/813 834/834/834 835/835/835
f 813/813/813 835/835/835 814/814/814
f 814/814/814 835/835/835 836/836/836
f 814/814/814 836/836/836 815/815/815
f 815/815/815 836/836/836 837/837/837
f 815/815/815 837/837/837 816/816/816
f 816/816/816 837/837/837 838/838/838
f 816/816/816 838/838/838 817/817/817
f 817/817/817 838/838/838 839/839/839
f 817/817/817 839/839/839 818/818/818
f 818/818/818 839/839/839 840/840/840
f 818/818/818 840/840/840 819/819/819
f 820/820/820 841/841/841 842/842/842
f 820/820/820 842/842/842 821/821/821
f 821/821/821 842/842/842 843/843/843
f 821/821/821 843/843/843 822/822/822
f 822/822/822 843/843/843 844/844/844
f 822/822/822 844/844/844 823/823/823
f 823/823/823 844/844/844 845/845/845
f 823/823/823 845/845/845 824/824/824
f 824/824/824 845/845/845 846/846/846
f 824/824/824 846/846/846 825/825/825
f 825/825/825 846/846/846 847/847/847
f 825/825/825 847/847/847 826/826/826
f 826/826/826 847/847/847 848/848/848
f 826/826/826 848/848/848 827/827/827
f 827/827/827 848/848/848 849/849/849
f 827/827/827 849/849/849 828/828/828
f 828/828/828 849/849/849 850/850/850
f 828/828/828 850/850/850 829/829/829
f 829/829/829 850/850/850 851/851/851
f 829/829/829 851/851/851 830/830/830
f 830/830/830 851/851/851 852/852/852
f 830/830/830 852/852/852 831/831/831
f 831/831/831 852/852/852 853/853/853
f 831/831/831 853/853/853 832/832/832
f 832/832/832 853/853/853 854/854/854
f 832/832/832 854/854/854 833/833/833
f 833/833/833 854/854/854 855/855/855
f 833/833/833 855/855/855 834/834/834
f 834/834/834 855/855/855 856/856/856
f 834/834/834 856/856/856 835/835/835
f 835/835/835 856/856/856 857/857/857
f 835/835/835 857/857/857 836/836/836
f 836/836/836 857/857/857 858/858/858
f 836/836/836 858/858/858 837/837/837
f 837/837/837 858/858/858 859/859/859
f 837/837/837 859/859/859 838/838/838
f 838/838/838 859/859/859 860/860/860
f 838/838/838 860/860/860 839/839/839
f 839/839/839 860/860/860 861/861/861
f 839/839/839 861/861/861 840/840/840
f 841/841/841 862/862/862 863/863/863
f 841/841/841 863/863/863 842/842/842
f 842/842/842 863/863/863 864/864/864
f 842/842/842 864/864/864 843/843/843
f 843/843/843 864/864/864 865/865/865
f 843/843/843 865/865/865 844/844/844
f 844/844/844 865/865/865 866/866/866
f 844/844/844 866/866/866 845/845/845
f 845/845/845 866/866/866 867/867/867
f 845/845/845 867/867/867 846/846/846
f 846/846/846 867/867/867 868/868/868
f 846/846/846 868/868/868 847/847/847
f 847/847/847 868/868/868 869/869/869
f 847/847/847 869/869/869 848/848/848
f 848/848/848 869/869/869 870/870/870
f 848/848/848 870/870/870 849/849/849
f 849/849/849 870/870/870 871/871/871
f 849/849/849 871/871/871 850/850/850
f 850/850/850 871/871/871 872/872/872
f 850/850/850 872/872/872 851/851/851
f 851/851/851 872/872/872 873/873/873
f 851/851/851 873/873/873 852/852/852
f 852/852/852 873/873/873 874/874/874
f 852/852/852 874/874/874 853/853/853
f 853/853/853 874/874/874 875/875/875
f 853/853/853 875/875/875 854/854/854
f 854/854/854 875/875/875 876/876/876
f 854/854/854 876/876/876 855/855/855
f 855/855/855 876/876/876 877/877/877
f 855/855/855 877/877/877 856/856/856
f 856/856/856 877/877/877 878/878/878
f 856/856/856 878/878/878 857/857/857
f 857/857/857 878/878/878 879/879/879
f 857/857/857 879/879/879 858/858/858
f 858/858/858 879/879/879 880/880/880
f 858/858/858 880/880/880 859/859/859
f 859/859/859 880/880/880 881/881/881
f 859/859/859 881/881/881 860/860/860
f 860/860/860 881/881/881 882/882/882
f 860/860/860 882/882/882 861/861/861
f 883/883/883 904/904/904 905/905/905
f 883/883/883 905/905/905 884/884/884
f 884/884/884 905/905/905 906/906/906
f 884/884/884 906/906/906 885/885/885
f 885/885/885 906/906/906 907/907/907
f 885/885/885 907/907/907 886/886/886
f 886/886/886 907/907/907 908/908/908
f 886/886/886 908/908/908 887/887/887
f 887/887/887 908/908/908 909/909/909
f 887/887/887 909/909/909 888/888/888
f 888/888/888 909/909/909 910/910/910
f 888/888/888 910/910/910 889/889/889
f 889/889/889 910/910/910 911/911/911
f 889/889/889 911/911/911 890/890/890
f 890/890/890 911/911/911 912/912/912
f 890/890/890 912/912/912 891/891/891
f 891/891/891 912/912/912 913/913/913
f 891/891/891 913/913/913 892/892/892
f 892/892/892 913/913/913 914/914/914
f 892/892/892 914/914/914 893/893/893
f 893/893/893 914/914/914 915/915/915
f 893/893/893 915/915/915 894/894/894
f 894/894/894 915/915/915 916/916/916
f 894/894/894 916/916/916 895/895/895
f 895/895/895 916/916/916 917/917/917
f 895/895/895 917/917/917 896/896/896
f 896/896/896 917/917/917 918/918/918
f 896/896/896 918/918/918 897/897/897
f 897/897/897 918/918/918 919/919/919
f 897/897/897 919/919/919 898/898/898
f 898/898/898 919/919/919 920/920/920
f 898/898/898 920/920/920 899/899/899
f 899/899/899 920/920/920 921/921/921
f 899/899/899 921/921/921 900/900/900
f 900/900/900 921/921/921 922/922/922
f 900/900/900 922/922/922 901/901/901
f 901/901/901 922/922/922 923/923/923
f 901/901/901 923/923/923 902/902/902
f 902/902/902 923/923/923 924/924/924
f 902/902/902 924/924/924 903/903/903
f 904/904/904 925/925/925 926/926/926
f 904/904/904 926/926/926 905/905/905
f 905/905/905 926/926/926 927/927/927
f 905/905/905 927/927/927 906/906/906
f 906/906/906 927/927/927 928/928/928
f 906/906/906 928/928/928 907/907/907
f 907/907/907 928/928/928 929/929/929
f 907/907/907 929/929/929 908/908/908
f 908/908/908 929/929/929 930/930/930
f 908/908/908 930/930/930 909/909/909
f 909/909/909 930/930/930 931/931/931
f 909/909/909 931/931/931 910/910/910
f 910/910/910 931/931/931 932/932/932
f 910/910/910 932/932/932 911/911/911
f 911/911/911 932/932/932 933/933/933
f 911/911/911 933/933/933 912/912/912
f 912/912/912 933/933/933 934/934/934
f 912/912/912 934/934/934 913/913/913
f 913/913/913 934/934/934 935/935/935
f 913/913/913 935/935/935 914/914/914
f 914/914/914 935/935/935 936/936/936
f 914/914/914 936/936/936 915/915/915
f 915/915/915 936/936/936 937/937/937
f 915/915/915 937/937/937 916/916/916
f 916/916/916 937/937/937 938/938/938
f 916/916/916 938/938/938 917/917/917
f 917/917/917 938/938/938 939/939/939
f 917/917/917 939/939/939 918/918/918
f 918/918/918 939/939/939 940/940/940
f 918/918/918 940/940/940 919/919/919
f 919/919/919 940/940/940 941/941/941
f 919/919/919 941/941/941 920/920/920
f 920/920/920 941/941/941 942/942/942
f 920/920/920 942/942/942 921/921/921
f 921/921/921 942/942/942 943/943/943
f 921/921/921 943/943/943 922/922/922
f 922/922/922 943/943/943 944/944/944
f 922/922/922 944/944/944 923/923/923
f 923/923/923 944/944/944 945/945/945
f 923/923/923 945/945/945 924/924/924
f 925/925/925 946/946/946 947/947/947
f 925/925/925 947/947/947 926/926/926
f 926/926/926 947/947/947 948/948/948
f 926/926/926 948/948/948 927/927/927
f 927/927/927 948/948/948 949/949/949
f 927/927/927 949/949/949 928/928/928
f 928/928/928 949/949/949 950/950/950
f 928/928/928 950/950/950 929/929/929
f 929/929/929 950/950/950 951/951/951
f 929/929/929 951/951/951 930/930/930
f 930/930/930 951/951/951 952/952/952
f 930/930/930 952/952/952 931/931/931
f 931/931/931 952/952/952 953/953/953
f 931/931/931 953/953/953 932/932/932
f 932/932/932 953/953/953 954/954/954
f 932/932/932 954/954/954 933/933/933
f 933/933/933 954/954/954 955/955/955
f 933/933/933 955/955/955 934/934/934
f 934/934/934 955/955/955 956/956/956
f 934/934/934 956/956/956 935/935/935
f 935/935/935 956/956/956 957/957/957
f 935/935/935 957/957/957 936/936/936
f 936/936/936 957/957/957 958/958/958
f 936/936/936 958/958/958 937/937/937
f 937/937/937 958/958/958 959/959/959
f 937/937/937 959/959/959 938/938/938
f 938/938/938 959/959/959 960/960/960
f 938/938/938 960/960/960 939/939/939
f 939/939/939 960/960/960 961/961/961
f 939/939/939 961/961/961 940/940/940
f 940/940/940 961/961/961 962/962/962
f 940/940/940 962/962/962 941/941/941
f 941/941/941 962/962/962 963/963/963
f 941/941/941 963/963/963 942/942/942
f 942/942/942 963/963/963 964/964/964
f 942/942/942 964/964/964 943/943/943
f 943/943/943 964/964/964 965/965/965
f 943/943/943 965/965/965 944/944/944
f 944/944/944 965/965/965 966/966/966
f 944/944/944 966/966/966 945/945/945
f 946/946/946 967/967/967 968/968/968
f 946/946/946 968/968/968 947/947/947
f 947/947/947 968/968/968 969/969/969
f 947/947/947 969/969/969 948/948/948
f 948/948/948 969/969/969 970/970/970
f 948/948/948 970/970/970 949/949/949
f 949/949/949 970/970/970 971/971/971
f 949/949/949 971/971/971 950/950/950
f 950/950/950 971/971/971 972/972/972
f 950/950/950 972/972/972 951/951/951
f 951/951/951 972/972/972 973/973/973
f 951/951/951 973/973/973 952/952/952
f 952/952/952 973/973/973 974/974/974
f 952/952/952 974/974/974 953/953/953
f 953/953/953 974/974/974 975/975/975
f 953/953/953 975/975/975 954/954/954
f 954/954/954 975/975/975 976/976/976
f 954/954/954 976/976/976 955/955/955
f 955/955/955 976/976/976 977/977/977
f 955/955/955 977/977/977 956/956/956
f 956/956/956 977/977/977 978/978/978
f 956/956/956 978/978/978 957/957/957
f 957/957/957 978/978/978 979/979/979
f 957/957/957 979/979/979 958/958/958
f 958/958/958 979/979/979 980/980/980
f 958/958/958 980/980/980 959/959/959
f 959/959/959 980/980/980 981/981/981
f 959/959/959 981/981/981 960/960/960
f 960/960/960 981/981/981 982/982/982
f 960/960/960 982/982/982 961/961/961
f 961/961/961 982/982/982 983/983/983
f 961/961/961 983/983/983 962/962/962
f 962/962/962 983/983/983 984/984/984
f 962/962/962 984/984/984 963/963/963
f 963/963/963 984/984/984 985/985/985
f 963/963/963 985/985/985 964/964/964
f 964/964/964 985/985/985 986/986/986
f 964/964/964 986/986/986 965/965/965
f 965/965/965 986/986/986 987/987/987
f 965/965/965 987/987/987 966/966/966
f 967/967/967 988/988/988 989/989/989
f 967/967/967 989/989/989 968/968/968
f 968/968/968 989/989/989 990/990/990
f 968/968/968 990/990/990 969/969/969
f 969/969/969 990/990/990 991/991/991
f 969/969/969 991/991/991 970/970/970
f 970/970/970 991/991/991 992/992/992
f 970/970/970 992/992/992 971/971/971
f 971/971/971 992/992/992 993/993/993
f 971/971/971 993/993/993 972/972/972
f 972/972/972 993/993/993 994/994/994
f 972/972/972 994/994/994 973/973/973
f 973/973/973 994/994/994 995/995/995
f 973/973/973 995/995/995 974/974/974
f 974/974/974 995/995/995 996/996/996
f 974/974/974 996/996/996 975/975/975
f 975/975/975 996/996/996 997/997/997
f 975/975/975 997/997/997 976/976/976
f 976/976/976 997/997/997 998/998/998
f 976/976/976 998/998/998 977/977/977
f 977/977/977 998/998/998 999/999/999
f 977/977/977 999/999/999 978/978/978
f 978/978/978 999/999/999 1000/1000/1000
f 978/978/978 1000/1000/1000 979/979/979
f 979/979/979 1000/1000/1000 1001/1001/1001
f 979/979/979 1001/1001/1001 980/980/980
f 980/980/980 1001/1001/1001 1002/1002/1002
f 980/980/980 1002/1002/1002 981/981/981
f 981/981/981 1002/1002/1002 1003/1003/1003
f 981/981/981 1003/1003/1003 982/982/982
f 982/982/982 1003/1003/1003 1004/1004/1004
f 982/982/982 1004/1004/1004 983/983/983
f 983/983/983 1004/1004/1004 1005/1005/1005
f 983/983/983 1005/1005/1005 984/984/984
f 984/984/984 1005/1005/1005 1006/1006/1006
f 984/984/984 1006/1006/1006 985/985/985
f 985/985/985 1006/1006/1006 1007/1007/1007
f 985/985/985 1007/1007/1007 986/986/986
f 986/986/986 1007/1007/1007 1008/1008/1008
f 986/986/986 1008/1008/1008 987/987/987
f 988/988/988 1009/1009/1009 1010/1010/1010
f 988/988/988 1010/1010/1010 989/989/989
f 989/989/989 1010/1010/1010 1011/1011/1011
f 989/989/989 1011/1011/1011 990/990/990
f 990/990/990 1011/1011/1011 1012/1012/1012
f 990/990/990 1012/1012/1012 991/991/991
f 991/991/991 1012/1012/1012 1013/1013/1013
f 991/991/991 1013/1013/1013 992/992/992
f 992/992/992 1013/1013/1013 1014/1014/1014
f 992/992/992 1014/1014/1014 993/993/993
f 993/993/993 1014/1014/1014 1015/1015/1015
f 993/993/993 1015/1015/1015 994/994/994
f 994/994/994 1015/1015/1015 1016/1016/1016
f 994/994/994 1016/1016/1016 995/995/995
f 995/995/995 1016/1016/1016 1017/1017/1017
f 995/995/995 1017/1017/1017 996/996/996
f 996/996/996 1017/1017/1017 1018/1018/1018
f 996/996/996 1018/1018/1018 997/997/997
f 997/997/997 1018/1018/1018 1019/1019/1019
f 997/997/997 1019/1019/1019 998/998/998
f 998/998/998 1019/1019/1019 1020/1020/1020
f 998/998/998 1020/1020/1020 999/999/999
f 999/999/999 1020/1020/1020 1021/1021/1021
f 999/999/999 1021/1021/1021 1000/1000/1000
f 1000/1000/1000 1021/1021/1021 1022/1022/1022
f 1000/1000/1000 1022/1022/1022 1001/1001/1001
f 1001/1001/1001 1022/1022/1022 1023/1023/1023
f 1001/1001/1001 1023/1023/1023 1002/1002/1002
f 1002/1002/1002 1023/1023/1023 1024/1024/1024
f 1002/1002/1002 1024/1024/1024 1003/1003/1003
f 1003/1003/1003 1024/1024/1024 1025/1025/1025
f 1003/1003/1003 1025/1025/1025 1004/1004/1004
f 1004/1004/1004 1025/1025/1025 1026/1026/1026
f 1004/1004/1004 1026/1026/1026 1005/1005/1005
f 1005/1005/1005 1026/1026/1026 1027/1027/1027
f 1005/1005/1005 1027/1027/1027 1006/1006/1006
f 1006/1006/1006 1027/1027/1027 1028/1028/1028
f 1006/1006/1006 1028/1028/1028 1007/1007/1007
f 1007/1007/1007 1028/1028/1028 1029/1029/1029
f 1007/1007/1007 1029/1029/1029 1008/1008/1008
f 1009/1009/1009 1030/1030/1030 1031/1031/1031
f 1009/1009/1009 1031/1031/1031 1010/1010/1010
f 1010/1010/1010 1031/1031/1031 1032/1032/1032
f 1010/1010/1010 1032/1032/1032 1011/1011/1011
f 1011/1011/1011 1032/1032/1032 1033/1033/1033
f 1011/1011/1011 1033/1033/1033 1012/1012/1012
f 1012/1012/1012 1033/1033/1033 1034/1034/1034
f 1012/1012/1012 1034/1034/1034 1013/1013/1013
f 1013/1013/1013 1034/1034/1034 1035/1035/1035
f 1013/1013/1013 1035/1035/1035 1014/1014/1014
f 1014/1014/1014 1035/1035/1035 1036/1036/1036
f 1014/1014/1014 1036/1036/1036 1015/1015/1015
f 1015/1015/1015 1036/1036/1036 1037/1037/1037
f 1015/1015/1015 1037/1037/1037 1016/1016/1016
f 1016/1016/1016 1037/1037/1037 1038/1038/1038
f 1016/1016/1016 1038/1038/1038 1017/1017/1017
f 1017/1017/1017 1038/1038/1038 1039/1039/1039
f 1017/1017/1017 1039/1039/1039 1018/1018/1018
f 1018/1018/1018 1039/1039/1039 1040/1040/1040
f 1018/1018/1018 1040/1040/1040 1019/1019/1019
f 1019/1019/1019 1040/1040/1040 1041/1041/1041
f 1019/1019/1019 1041/1041/1041 1020/1020/1020
f 1020/1020/1020 1041/1041/1041 1042/1042/1042
f 1020/1020/1020 1042/1042/1042 1021/1021/1021
f 1021/1021/1021 1042/1042/1042 1043/1043/1043
f 1021/1021/1021 1043/1043/1043 1022/1022/1022
f 1022/1022/1022 1043/1043/1043 1044/1044/1044
f 1022/1022/1022 1044/1044/1044 1023/1023/1023
f 1023/1023/1023 1044/1044/1044 1045/1045/1045
f 1023/1023/1023 1045/1045/1045 1024/1024/1024
f 1024/1024/1024 1045/1045/1045 1046/1046/1046
f 1024/1024/1024 1046/1046/1046 1025/1025/1025
f 1025/1025/1025 1046/1046/1046 1047/1047/1047
f 1025/1025/1025 1047/1047/1047 1026/1026/1026
f 1026/1026/1026 1047/1047/1047 1048/1048/1048
f 1026/1026/1026 1048/1048/1048 1027/1027/1027
f 1027/1027/1027 1048/1048/1048 1049/1049/1049
f 1027/1027/1027 1049/1049/1049 1028/1028/1028
f 1028/1028/1028 1049/1049/1049 1050/1050/1050
f 1028/1028/1028 1050/1050/1050 1029/1029/1029
f 1030/1030/1030 1051/1051/1051 1052/1052/1052
f 1030/1030/1030 1052/1052/1052 1031/1031/1031
f 1031/1031/1031 1052/1052/1052 1053/1053/1053
f 1031/1031/1031 1053/1053/1053 1032/1032/1032
f 1032/1032/1032 1053/1053/1053 1054/1054/1054
f 1032/1032/1032 1054/1054/1054 1033/1033/1033
f 1033/1033/1033 1054/1054/1054 1055/1055/1055
f 1033/1033/1033 1055/1055/1055 1034/1034/1034
f 1034/1034/1034 1055/1055/1055 1056/1056/1056
f 1034/1034/1034 1056/1056/1056 1035/1035/1035
f 1035/1035/1035 1056/1056/1056 1057/1057/1057
f 1035/1035/1035 1057/1057/1057 1036/1036/1036
f 1036/1036/1036 1057/1057/1057 1058/1058/1058
f 1036/1036/1036 1058/1058/1058 1037/1037/1037
f 1037/1037/1037 1058/1058/1058 1059/1059/1059
f 1037/1037/1037 1059/1059/1059 1038/1038/1038
f 1038/1038/1038 1059/1059/1059 1060/1060/1060
f 1038/1038/1038 1060/1060/1060 1039/1039/1039
f 1039/1039/1039 1060/1060/1060 1061/1061/1061
f 1039/1039/1039 1061/1061/1061 1040/1040/1040
f 1040/1040/1040 1061/1061/1061 1062/1062/1062
f 1040/1040/1040 1062/1062/1062 1041/1041/1041
f 1041/1041/1041 1062/1062/1062 1063/1063/1063
f 1041/1041/1041 1063/1063/1063 1042/1042/1042
f 1042/1042/1042 1063/1063/1063 1064/1064/1064
f 1042/1042/1042 1064/1064/1064 1043/1043/1043
f 1043/1043/1043 1064/1064/1064 1065/1065/1065
f 1043/1043/1043 1065/1065/1065 1044/1044/1044
f 1044/1044/1044 1065/1065/1065 1066/1066/1066
f 1044/1044/1044 1066/1066/1066 1045/1045/1045
f 1045/1045/1045 1066/1066/1066 1067/1067/1067
f 1045/1045/1045 1067/1067/1067 1046/1046/1046
f 1046/1046/1046 1067/1067/1067 1068/1068/1068
f 1046/1046/1046 1068/1068/1068 1047/1047/1047
f 1047/1047/1047 1068/1068/1068 1069/1069/1069
f 1047/1047/1047 1069/1069/1069 1048/1048/1048
f 1048/1048/1048 1069/1069/1069 1070/1070/1070
f 1048/1048/1048 1070/1070/1070 1049/1049/1049
f 1049/1049/1049 1070/1070/1070 1071/1071/1071
f 1049/1049/1049 1071/1071/1071 1050/1050/1050
f 1051/1051/1051 1072/1072/1072 1073/1073/1073
f 1051/1051/1051 1073/1073/1073 1052/1052/1052
f 1052/1052/1052 1073/1073/1073 1074/1074/1074
f 1052/1052/1052 1074/1074/1074 1053/1053/1053
f 1053/1053/1053 1074/1074/1074 1075/1075/1075
f 1053/1053/1053 1075/1075/1075 1054/1054/1054
f 1054/1054/1054 1075/1075/1075 1076/1076/1076
f 1054/1054/1054 1076/1076/1076 1055/1055/1055
f 1055/1055/1055 1076/1076/1076 1077/1077/1077
f 1055/1055/1055 1077/1077/1077 1056/1056/1056
f 1056/1056/1056 1077/1077/1077 1078/1078/1078
f 1056/1056/1056 1078/1078/1078 1057/1057/1057
f 1057/1057/1057 1078/1078/1078 1079/1079/1079
f 1057/1057/1057 1079/1079/1079 1058/1058/1058
f 1058/1058/1058 1079/1079/1079 1080/1080/1080
f 1058/1058/1058 1080/1080/1080 1059/1059/1059
f 1059/1059/1059 1080/1080/1080 1081/1081/1081
f 1059/1059/1059 1081/1081/1081 1060/1060/1060
f 1060/1060/1060 1081/1081/1081 1082/1082/1082
f 1060/1060/1060 1082/1082/1082 1061/1061/1061
f 1061/1061/1061 1082/1082/1082 1083/1083/1083
f 1061/1061/1061 1083/1083/1083 1062/1062/1062
f 1062/1062/1062 1083/1083/1083 1084/1084/1084
f 1062/1062/1062 1084/1084/1084 1063/1063/1063
f 1063/1063/1063 1084/1084/1084 1085/1085/1085
f 1063/1063/1063 1085/1085/1085 1064/1064/1064
f 1064/1064/1064 1085/1085/1085 1086/1086/1086
f 1064/1064/1064 1086/1086/1086 1065/1065/1065
f 1065/1065/1065 1086/1086/1086 1087/1087/1087
f 1065/1065/1065 1087/1087/1087 1066/1066/1066
f 1066/1066/1066 1087/1087/1087 1088/1088/1088
f 1066/1066/1066 1088/1088/1088 1067/1067/1067
f 1067/1067/1067 1088/1088/1088 1089/1089/1089
f 1067/1067/1067 1089/1089/1089 1068/1068/1068
f 1068/1068/1068 1089/1089/1089 1090/1090/1090
f 1068/1068/1068 1090/1090/1090 1069/1069/1069
f 1069/1069/1069 1090/1090/1090 1091/1091/1091
f 1069/1069/1069 1091/1091/1091 1070/1070/1070
f 1070/1070/1070 1091/1091/1091 1092/1092/1092
f 1070/1070/1070 1092/1092/1092 1071/1071/1071
f 1072/1072/1072 1093/1093/1093 1094/1094/1094
f 1072/1072/1072 1094/1094/1094 1073/1073/1073
f 1073/1073/1073 1094/1094/1094 1095/1095/1095
f 1073/1073/1073 1095/1095/1095 1074/1074/1074
f 1074/1074/1074 1095/1095/1095 1096/1096/1096
f 1074/1074/1074 1096/1096/1096 1075/1075/1075
f 1075/1075/1075 1096/1096/1096 1097/1097/1097
f 1075/1075/1075 1097/1097/1097 1076/1076/1076
f 1076/1076/1076 1097/1097/1097 1098/1098/1098
f 1076/1076/1076 1098/1098/1098 1077/1077/1077
f 1077/1077/1077 1098/1098/1098 1099/1099/1099
f 1077/1077/1077 1099/1099/1099 1078/1078/1078
f 1078/1078/1078 1099/1099/1099 1100/1100/1100
f 1078/1078/1078 1100/1100/1100 1079/1079/1079
f 1079/1079/1079 1100/1100/1100 1101/1101/1101
f 1079/1079/1079 1101/1101/1101 1080/1080/1080
f 1080/1080/1080 1101/1101/1101 1102/1102/1102
f 1080/1080/1080 1102/1102/1102 1081/1081/1081
f 1081/1081/1081 1102/1102/1102 1103/1103/1103
f 1081/1081/1081 1103/1103/1103 1082/1082/1082
f 1082/1082/1082 1103/1103/1103 1104/1104/1104
f 1082/1082/1082 1104/1104/1104 1083/1083/1083
f 1083/1083/1083 1104/1104/1104 1105/1105/1105
f 1083/1083/1083 1105/1105/1105 1084/1084/1084
f 1084/1084/1084 1105/1105/1105 1106/1106/1106
f 1084/1084/1084 1106/1106/1106 1085/1085/1085
f 1085/1085/1085 1106/1106/1106 1107/1107/1107
f 1085/1085/1085 1107/1107/1107 1086/1086/1086
f 1086/1086/1086 1107/1107/1107 1108/1108/1108
f 1086/1086/1086 1108/1108/1108 1087/1087/1087
f 1087/1087/1087 1108/1108/1108 1109/1109/1109
f 1087/1087/1087 1109/1109/1109 1088/1088/1088
f 1088/1088/1088 1109/1109/1109 1110/1110/1110
f 1088/1088/1088 1110/1110/1110 1089/1089/1089
f 1089/1089/1089 1110/1110/1110 1111/1111/1111
f 1089/1089/1089 1111/1111/1111 1090/1090/1090
f 1090/1090/1090 1111/1111/1111 1112/1112/1112
f 1090/1090/1090 1112/1112/1112 1091/1091/1091
f 1091/1091/1091 1112/1112/1112 1113/1113/1113
f 1091/1091/1091 1113/1113/1113 1092/1092/1092
f 1093/1093/1093 1114/1114/1114 1115/1115/1115
f 1093/1093/1093 1115/1115/1115 1094/1094/1094
f 1094/1094/1094 1115/1115/1115 1116/1116/1116
f 1094/1094/1094 1116/1116/1116 1095/1095/1095
f 1095/1095/1095 1116/1116/1116 1117/1117/1117
f 1095/1095/1095 1117/1117/1117 1096/1096/1096
f 1096/1096/1096 1117/1117/1117 1118/1118/1118
f 1096/1096/1096 1118/1118/1118 1097/1097/1097
f 1097/1097/1097 1118/1118/1118 1119/1119/1119
f 1097/1097/1097 1119/1119/1119 1098/1098/1098
f 1098/1098/1098 1119/1119/1119 1120/1120/1120
f 1098/1098/1098 1120/1120/1120 1099/1099/1099
f 1099/1099/1099 1120/1120/1120 1121/1121/1121
f 1099/1099/1099 1121/1121/1121 1100/1100/1100
f 1100/1100/1100 1121/1121/1121 1122/1122/1122
f 1100/1100/1100 1122/1122/1122 1101/1101/1101
f 1101/1101/1101 1122/1122/1122 1123/1123/1123
f 1101/1101/1101 1123/1123/1123 1102/1102/1102
f 1102/1102/1102 1123/1123/1123 1124/1124/1124
f 1102/1102/1102 1124/1124/1124 1103/1103/1103
f 1103/1103/1103 1124/1124/1124 1125/1125/1125
f 1103/1103/1103 1125/1125/1125 1104/1104/1104
f 1104/1104/1104 1125/1125/1125 1126/1126/1126
f 1104/1104/1104 1126/1126/1126 1105/1105/1105
f 1105/1105/1105 1126/1126/1126 1127/1127/1127
f 1105/1105/1105 1127/1127/1127 1106/1106/1106
f 1106/1106/1106 1127/1127/1127 1128/1128/1128
f 1106/1106/1106 1128/1128/1128 1107/1107/1107
f 1107/1107/1107 1128/1128/1128 1129/1129/1129
f 1107/1107/1107 1129/1129/1129 1108/1108/1108
f 1108/1108/1108 1129/1129/1129 1130/1130/1130
f 1108/1108/1108 1130/1130/1130 1109/1109/1109
f 1109/1109/1109 1130/1130/1130 1131/1131/1131
f 1109/1109/1109 1131/1131/1131 1110/1110/1110
f 1110/1110/1110 1131/1131/1131 1132/1132/1132
f 1110/1110/1110 1132/1132/1132 1111/1111/1111
f 1111/1111/1111 1132/1132/1132 1133/1133/1133
f 1111/1111/1111 1133/1133/1133 1112/1112/1112
f 1112/1112/1112 1133/1133/1133 1134/1134/1134
f 1112/1112/1112 1134/1134/1134 1113/1113/1113
f 1114/1114/1114 1135/1135/1135 1136/1136/1136
f 1114/1114/1114 1136/1136/1136 1115/1115/1115
f 1115/1115/1115 1136/1136/1136 1137/1137/1137
f 1115/1115/1115 1137/1137/1137 1116/1116/1116
f 1116/1116/1116 1137/1137/1137 1138/1138/1138
f 1116/1116/1116 1138/1138/1138 1117/1117/1117
f 1117/1117/1117 1138/1138/1138 1139/1139/1139
f 1117/1117/1117 1139/1139/1139 1118/1118/1118
f 1118/1118/1118 1139/1139/1139 1140/1140/1140
f 1118/1118/1118 1140/1140/1140 1119/1119/1119
f 1119/1119/1119 1140/1140/1140 1141/1141/1141
f 1119/1119/1119 1141/1141/1141 1120/1120/1120
f 1120/1120/1120 1141/1141/1141 1142/1142/1142
f 1120/1120/1120 1142/1142/1142 1121/1121/1121
f 1121/1121/1121 1142/1142/1142 1143/1143/1143
f 1121/1121/1121 1143/1143/1143 1122/1122/1122
f 1122/1122/1122 1143/1143/1143 1144/1144/1144
f 1122/1122/1122 1144/1144/1144 1123/1123/1123
f 1123/1123/1123 1144/1144/1144 1145/1145/1145
f 1123/1123/1123 1145/1145/1145 1124/1124/1124
f 1124/1124/1124 1145/1145/1145 1146/1146/1146
f 1124/1124/1124 1146/1146/1146 1125/1125/1125
f 1125/1125/1125 1146/1146/1146 1147/1147/1147
f 1125/1125/1125 1147/1147/1147 1126/1126/1126
f 1126/1126/1126 1147/1147/1147 1148/1148/1148
f 1126/1126/1126 1148/1148/1148 1127/1127/1127
f 1127/1127/1127 1148/1148/1148 1149/1149/1149
f 1127/1127/1127 1149/1149/1149 1128/1128/1128
f 1128/1128/1128 1149/1149/1149 1150/1150/1150
f 1128/1128/1128 1150/1150/1150 1129/1129/1129
f 1129/1129/1129 1150/1150/1150 1151/1151/1151
f 1129/1129/1129 1151/1151/1151 1130/1130/1130
f 1130/1130/1130 1151/1151/1151 1152/1152/1152
f 1130/1130/1130 1152/1152/1152 1131/1131/1131
f 1131/1131/1131 1152/1152/1152 1153/1153/1153
f 1131/1131/1131 1153/1153/1153 1132/1132/1132
f 1132/1132/1132 1153/1153/1153 1154/1154/1154
f 1132/1132/1132 1154/1154/1154 1133/1133/1133
f 1133/1133/1133 1154/1154/1154 1155/1155/1155
f 1133/1133/1133 1155/1155/1155 1134/1134/1134
f 1135/1135/1135 1156/1156/1156 1157/1157/1157
f 1135/1135/1135 1157/1157/1157 1136/1136/1136
f 1136/1136/1136 1157/1157/1157 1158/1158/1158
f 1136/1136/1136 1158/1158/1158 1137/1137/1137
f 1137/1137/1137 1158/1158/1158 1159/1159/1159
f 1137/1137/1137 1159/1159/1159 1138/1138/1138
f 1138/1138/1138 1159/1159/1159 1160/1160/1160
f 1138/1138/1138 1160/1160/1160 1139/1139/1139
f 1139/1139/1139 1160/1160/1160 1161/1161/1161
f 1139/1139/1139 1161/1161/1161 1140/1140/1140
f 1140/1140/1140 1161/1161/1161 1162/1162/1162
f 1140/1140/1140 1162/1162/1162 1141/1141/1141
f 1141/1141/1141 1162/1162/1162 1163/1163/1163
f 1141/1141/1141 1163/1163/1163 1142/1142/1142
f 1142/1142/1142 1163/1163/1163 1164/1164/1164
f 1142/1142/1142 1164/1164/1164 1143/1143/1143
f 1143/1143/1143 1164/1164/1164 1165/1165/1165
f 1143/1143/1143 1165/1165/1165 1144/1144/1144
f 1144/1144/1144 1165/1165/1165 1166/1166/1166
f 1144/1144/1144 1166/1166/1166 1145/1145/1145
f 1145/1145/1145 1166/1166/1166 1167/1167/1167
f 1145/1145/1145 1167/1167/1167 1146/1146/1146
f 1146/1146/1146 1167/1167/1167 1168/1168/1168
f 1146/1146/1146 1168/1168/1168 1147/1147/1147
f 1147/1147/1147 1168/1168/1168 1169/1169/1169
f 1147/1147/1147 1169/1169/1169 1148/1148/1148
f 1148/1148/1148 1169/1169/1169 1170/1170/1170
f 1148/1148/1148 1170/1170/1170 1149/1149/1149
f 1149/1149/1149 1170/1170/1170 1171/1171/1171
f 1149/1149/1149 1171/1171/1171 1150/1150/1150
f 1150/1150/1150 1171/1171/1171 1172/1172/1172
f 1150/1150/1150 1172/1172/1172 1151/1151/1151
f 1151/1151/1151 1172/1172/1172 1173/1173/1173
f 1151/1151/1151 1173/1173/1173 1152/1152/1152
f 1152/1152/1152 1173/1173/1173 1174/1174/1174
f 1152/1152/1152 1174/1174/1174 1153/1153/1153
f 1153/1153/1153 1174/1174/1174 1175/1175/1175
f 1153/1153/1153 1175/1175/1175 1154/1154/1154
f 1154/1154/1154 1175/1175/1175 1176/1176/1176
f 1154/1154/1154 1176/1176/1176 1155/1155/1155
f 1156/1156/1156 1177/1177/1177 1178/1178/1178
f 1156/1156/1156 1178/1178/1178 1157/1157/1157
f 1157/1157/1157 1178/1178/1178 1179/1179/1179
f 1157/1157/1157 1179/1179/1179 1158/1158/1158
f 1158/1158/1158 1179/1179/1179 1180/1180/1180
f 1158/1158/1158 1180/1180/1180 1159/1159/1159
f 1159/1159/1159 1180/1180/1180 1181/1181/1181
f 1159/1159/1159 1181/1181/1181 1160/1160/1160
f 1160/1160/1160 1181/1181/1181 1182/1182/1182
f 1160/1160/1160 1182/1182/1182 1161/1161/1161
f 1161/1161/1161 1182/1182/1182 1183/1183/1183
f 1161/1161/1161 1183/1183/1183 1162/1162/1162
f 1162/1162/1162 1183/1183/1183 1184/1184/1184
f 1162/1162/1162 1184/1184/1184 1163/1163/1163
f 1163/1163/1163 1184/1184/1184 1185/1185/1185
f 1163/1163/1163 1185/1185/1185 1164/1164/1164
f 1164/1164/1164 1185/1185/1185 1186/1186/1186
f 1164/1164/1164 1186/1186/1186 1165/1165/1165
f 1165/1165/1165 1186/1186/1186 1187/1187/1187
f 1165/1165/1165 1187/1187/1187 1166/1166/1166
f 1166/1166/1166 1187/1187/1187 1188/1188/1188
f 1166/1166/1166 1188/1188/1188 1167/1167/1167
f 1167/1167/1167 1188/1188/1188 1189/1189/1189
f 1167/1167/1167 1189/1189/1189 1168/1168/1168
f 1168/1168/1168 1189/1189/1189 1190/1190/1190
f 1168/1168/1168 1190/1190/1190 1169/1169/1169
f 1169/1169/1169 1190/1190/1190 1191/1191/1191
f 1169/1169/1169 1191/1191/1191 1170/1170/1170
f 1170/1170/1170 1191/1191/1191 1192/1192/1192
f 1170/1170/1170 1192/1192/1192 1171/1171/1171
f 1171/1171/1171 1192/1192/1192 1193/1193/1193
f 1171/1171/1171 1193/1193/1193 1172/1172/1172
f 1172/1172/1172 1193/1193/1193 1194/1194/1194
f 1172/1172/1172 1194/1194/1194 1173/1173/1173
f 1173/1173/1173 1194/1194/1194 1195/1195/1195
f 1173/1173/1173 1195/1195/1195 1174/1174/1174
f 1174/1174/1174 1195/1195/1195 1196/1196/1196
f 1174/1174/1174 1196/1196/1196 1175/1175/1175
f 1175/1175/1175 1196/1196/1196 1197/1197/1197
f 1175/1175/1175 1197/1197/1197 1176/1176/1176
f 1177/1177/1177 1198/1198/1198 1199/1199/1199
f 1177/1177/1177 1199/1199/1199 1178/1178/1178
f 1178/1178/1178 1199/1199/1199 1200/1200/1200
f 1178/1178/1178 1200/1200/1200 1179/1179/1179
f 1179/1179/1179 1200/1200/1200 1201/1201/1201
f 1179/1179/1179 1201/1201/1201 1180/1180/1180
f 1180/1180/1180 1201/1201/1201 1202/1202/1202
f 1180/1180/1180 1202/1202/1202 1181/1181/1181
f 1181/1181/1181 1202/1202/1202 1203/1203/1203
f 1181/1181/1181 1203/1203/1203 1182/1182/1182
f 1182/1182/1182 1203/1203/1203 1204/1204/1204
f 1182/1182/1182 1204/1204/1204 1183/1183/1183
f 1183/1183/1183 1204/1204/1204 1205/1205/1205
f 1183/1183/1183 1205/1205/1205 1184/1184/1184
f 1184/1184/1184 1205/1205/1205 1206/1206/1206
f 1184/1184/1184 1206/1206/1206 1185/1185/1185
f 1185/1185/1185 1206/1206/1206 1207/1207/1207
f 1185/1185/1185 1207/1207/1207 1186/1186/1186
f 1186/1186/1186 1207/1207/1207 1208/1208/1208
f 1186/1186/1186 1208/1208/1208 1187/1187/1187
f 1187/1187/1187 1208/1208/1208 1209/1209/1209
f 1187/1187/1187 1209/1209/1209 1188/1188/1188
f 1188/1188/1188 1209/1209/1209 1210/1210/1210
f 1188/1188/1188 1210/1210/1210 1189/1189/1189
f 1189/1189/1189 1210/1210/1210 1211/1211/1211
f 1189/1189/1189 1211/1211/1211 1190/1190/1190
f 1190/1190/1190 1211/1211/1211 1212/1212/1212
f 1190/1190/1190 1212/1212/1212 1191/1191/1191
f 1191/1191/1191 1212/1212/1212 1213/1213/1213
f 1191/1191/1191 1213/1213/1213 1192/1192/1192
f 1192/1192/1192 1213/1213/1213 1214/1214/1214
f 1192/1192/1192 1214/1214/1214 1193/1193/1193
f 1193/1193/1193 1214/1214/1214 1215/1215/1215
f 1193/1193/1193 1215/1215/1215 1194/1194/1194
f 1194/1194/1194 1215/1215/1215 1216/1216/1216
f 1194/1194/1194 1216/1216/1216 1195/1195/1195
f 1195/1195/1195 1216/1216/1216 1217/1217/1217
f 1195/1195/1195 1217/1217/1217 1196/1196/1196
f 1196/1196/1196 1217/1217/1217 1218/1218/1218
f 1196/1196/1196 1218/1218/1218 1197/1197/1197
f 1198/1198/1198 1219/1219/1219 1220/1220/1220
f 1198/1198/1198 1220/1220/1220 1199/1199/1199
f 1199/1199/1199 1220/1220/1220 1221/1221/1221
f 1199/1199/1199 1221/1221/1221 1200/1200/1200
f 1200/1200/1200 1221/1221/1221 1222/1222/1222
f 1200/1200/1200 1222/1222/1222 1201/1201/1201
f 1201/1201/1201 1222/1222/1222 1223/1223/1223
f 1201/1201/1201 1223/1223/1223 1202/1202/1202
f 1202/1202/1202 1223/1223/1223 1224/1224/1224
f 1202/1202/1202 1224/1224/1224 1203/1203/1203
f 1203/1203/1203 1224/1224/1224 1225/1225/1225
f 1203/1203/1203 1225/1225/1225 1204/1204/1204
f 1204/1204/1204 1225/1225/1225 1226/1226/1226
f 1204/1204/1204 1226/1226/1226 1205/1205/1205
f 1205/1205/1205 1226/1226/1226 1227/1227/1227
f 1205/1205/1205 1227/1227/1227 1206/1206/1206
f 1206/1206/1206 1227/1227/1227 1228/1228/1228
f 1206/1206/1206 1228/1228/1228 1207/1207/1207
f 1207/1207/1207 1228/1228/1228 1229/1229/1229
f 1207/1207/1207 1229/1229/1229 1208/1208/1208
f 1208/1208/1208 1229/1229/1229 1230/1230/1230
f 1208/1208/1208 1230/1230/1230 1209/1209/1209
f 1209/1209/1209 1230/1230/1230 1231/1231/1231
f 1209/1209/1209 1231/1231/1231 1210/1210/1210
f 1210/1210/1210 1231/1231/1231 1232/1232/1232
f 1210/1210/1210 1232/1232/1232 1211/1211/1211
f 1211/1211/1211 1232/1232/1232 1233/1233/1233
f 1211/1211/1211 1233/1233/1233 1212/1212/1212
f 1212/1212/1212 1233/1233/1233 1234/1234/1234
f 1212/1212/1212 1234/1234/1234 1213/1213/1213
f 1213/1213/1213 1234/1234/1234 1235/1235/1235
f 1213/1213/1213 1235/1235/1235 1214/1214/1214
f 1214/1214/1214 1235/1235/1235 1236/1236/1236
f 1214/1214/1214 1236/1236/1236 1215/1215/1215
f 1215/1215/1215 1236/1236/1236 1237/1237/1237
f 1215/1215/1215 1237/1237/1237 1216/1216/1216
f 1216/1216/1216 1237/1237/1237 1238/1238/1238
f 1216/1216/1216 1238/1238/1238 1217/1217/1217
f 1217/1217/1217 1238/1238/1238 1239/1239/1239
f 1217/1217/1217 1239/1239/1239 1218/1218/1218
f 1219/1219/1219 1240/1240/1240 1241/1241/1241
f 1219/1219/1219 1241/1241/1241 1220/1220/1220
f 1220/1220/1220 1241/1241/1241 1242/1242/1242
f 1220/1220/1220 1242/1242/1242 1221/1221/1221
f 1221/1221/1221 1242/1242/1242 1243/1243/1243
f 1221/1221/1221 1243/1243/1243 1222/1222/1222
f 1222/1222/1222 1243/1243/1243 1244/1244/1244
f 1222/1222/1222 1244/1244/1244 1223/1223/1223
f 1223/1223/1223 1244/1244/1244 1245/1245/1245
f 1223/1223/1223 1245/1245/1245 1224/1224/1224
f 1224/1224/1224 1245/1245/1245 1246/1246/1246
f 1224/1224/1224 1246/1246/1246 1225/1225/1225
f 1225/1225/1225 1246/1246/1246 1247/1247/1247
f 1225/1225/1225 1247/1247/1247 1226/1226/1226
f 1226/1226/1226 1247/1247/1247 1248/1248/1248
f 1226/1226/1226 1248/1248/1248 1227/1227/1227
f 1227/1227/1227 1248/1248/1248 1249/1249/1249
f 1227/1227/1227 1249/1249/1249 1228/1228/1228
f 1228/1228/1228 1249/1249/1249 1250/1250/1250
f 1228/1228/1228 1250/1250/1250 1229/1229/1229
f 1229/1229/1229 1250/1250/1250 1251/1251/1251
f 1229/1229/1229 1251/1251/1251 1230/1230/1230
f 1230/1230/1230 1251/1251/1251 1252/1252/1252
f 1230/1230/1230 1252/1252/1252 1231/1231/1231
f 1231/1231/1231 1252/1252/1252 1253/1253/1253
f 1231/1231/1231 1253/1253/1253 1232/1232/1232
f 1232/1232/1232 1253/1253/1253 1254/1254/1254
f 1232/1232/1232 1254/1254/1254 1233/1233/1233
f 1233/1233/1233 1254/1254/1254 1255/1255/1255
f 1233/1233/1233 1255/1255/1255 1234/1234/1234
f 1234/1234/1234 1255/1255/1255 1256/1256/1256
f 1234/1234/1234 1256/1256/1256 1235/1235/1235
f 1235/1235/1235 1256/1256/1256 1257/1257/1257
f 1235/1235/1235 1257/1257/1257 1236/1236/1236
f 1236/1236/1236 1257/1257/1257 1258/1258/1258
f 1236/1236/1236 1258/1258/1258 1237/1237/1237
f 1237/1237/1237 1258/1258/1258 1259/1259/1259
f 1237/1237/1237 1259/1259/1259 1238/1238/1238
f 1238/1238/1238 1259/1259/1259 1260/1260/1260
f 1238/1238/1238 1260/1260/1260 1239/1239/1239
f 1240/1240/1240 1261/1261/1261 1262/1262/1262
f 1240/1240/1240 1262/1262/1262 1241/1241/1241
f 1241/1241/1241 1262/1262/1262 1263/1263/1263
f 1241/1241/1241 1263/1263/1263 1242/1242/1242
f 1242/1242/1242 1263/1263/1263 1264/1264/1264
f 1242/1242/1242 1264/1264/1264 1243/1243/1243
f 1243/1243/1243 1264/1264/1264 1265/1265/1265
f 1243/1243/1243 1265/1265/1265 1244/1244/1244
f 1244/1244/1244 1265/1265/1265 1266/1266/1266
f 1244/1244/1244 1266/1266/1266 1245/1245/1245
f 1245/1245/1245 1266/1266/1266 1267/1267/1267
f 1245/1245/1245 1267/1267/1267 1246/1246/1246
f 1246/1246/1246 1267/1267/1267 1268/1268/1268
f 1246/1246/1246 1268/1268/1268 1247/1247/1247
f 1247/1247/1247 1268/1268/1268 1269/1269/1269
f 1247/1247/1247 1269/1269/1269 1248/1248/1248
f 1248/1248/1248 1269/1269/1269 1270/1270/1270
f 1248/1248/1248 1270/1270/1270 1249/1249/1249
f 1249/1249/1249 1270/1270/1270 1271/1271/1271
f 1249/1249/1249 1271/1271/1271 1250/1250/1250
f 1250/1250/1250 1271/1271/1271 1272/1272/1272
f 1250/1250/1250 1272/1272/1272 1251/1251/1251
f 1251/1251/1251 1272/1272/1272 1273/1273/1273
f 1251/1251/1251 1273/1273/1273 1252/1252/1252
f 1252/1252/1252 1273/1273/1273 1274/1274/1274
f 1252/1252/1252 1274/1274/1274 1253/1253/1253
f 1253/1253/1253 1274/1274/1274 1275/1275/1275
f 1253/1253/1253 1275/1275/1275 1254/1254/1254
f 1254/1254/1254 1275/1275/1275 1276/1276/1276
f 1254/1254/1254 1276/1276/1276 1255/1255/1255
f 1255/1255/1255 1276/1276/1276 1277/1277/1277
f 1255/1255/1255 1277/1277/1277 1256/1256/1256
f 1256/1256/1256 1277/1277/1277 1278/1278/1278
f 1256/1256/1256 1278/1278/1278 1257/1257/1257
f 1257/1257/1257 1278/1278/1278 1279/1279/1279
f 1257/1257/1257 1279/1279/1279 1258/1258/1258
f 1258/1258/1258 1279/1279/1279 1280/1280/1280
f 1258/1258/1258 1280/1280/1280 1259/1259/1259
f 1259/1259/1259 1280/1280/1280 1281/1281/1281
f 1259/1259/1259 1281/1281/1281 1260/1260/1260
f 1261/1261/1261 1282/1282/1282 1283/1283/1283
f 1261/1261/1261 1283/1283/1283 1262/1262/1262
f 1262/1262/1262 1283/1283/1283 1284/1284/1284
f 1262/1262/1262 1284/1284/1284 1263/1263/1263
f 1263/1263/1263 1284/1284/1284 1285/1285/1285
f 1263/1263/1263 1285/1285/1285 1264/1264/1264
f 1264/1264/1264 1285/1285/1285 1286/1286/1286
f 1264/1264/1264 1286/1286/1286 1265/1265/1265
f 1265/1265/1265 1286/1286/1286 1287/1287/1287
f 1265/1265/1265 1287/1287/1287 1266/1266/1266
f 1266/1266/1266 1287/1287/1287 1288/1288/1288
f 1266/1266/1266 1288/1288/1288 1267/1267/1267
f 1267/1267/1267 1288/1288/1288 1289/1289/1289
f 1267/1267/1267 1289/1289/1289 1268/1268/1268
f 1268/1268/1268 1289/1289/1289 1290/1290/1290
f 1268/1268/1268 1290/1290/1290 1269/1269/1269
f 1269/1269/1269 1290/1290/1290 1291/1291/1291
f 1269/1269/1269 1291/1291/1291 1270/1270/1270
f 1270/1270/1270 1291/1291/1291 1292/1292/1292
f 1270/1270/1270 1292/1292/1292 1271/1271/1271
f 1271/1271/1271 1292/1292/1292 1293/1293/1293
f 1271/1271/1271 1293/1293/1293 1272/1272/1272
f 1272/1272/1272 1293/1293/1293 1294/1294/1294
f 1272/1272/1272 1294/1294/1294 1273/1273/1273
f 1273/1273/1273 1294/1294/1294 1295/1295/1295
f 1273/1273/1273 1295/1295/1295 1274/1274/1274
f 1274/1274/1274 1295/1295/1295 1296/1296/1296
f 1274/1274/1274 1296/1296/1296 1275/1275/1275
f 1275/1275/1275 1296/1296/1296 1297/1297/1297
f 1275/1275/1275 1297/1297/1297 1276/1276/1276
f 1276/1276/1276 1297/1297/1297 1298/1298/1298
f 1276/1276/1276 1298/1298/1298 1277/1277/1277
f 1277/1277/1277 1298/1298/1298 1299/1299/1299
f 1277/1277/1277 1299/1299/1299 1278/1278/1278
f 1278/1278/1278 1299/1299/1299 1300/1300/1300
f 1278/1278/1278 1300/1300/1300 1279/1279/1279
f 1279/1279/1279 1300/1300/1300 1301/1301/1301
f 1279/1279/1279 1301/1301/1301 1280/1280/1280
f 1280/1280/1280 1301/1301/1301 1302/1302/1302
f 1280/1280/1280 1302/1302/1302 1281/1281/1281
f 1282/1282/1282 1303/1303/1303 1304/1304/1304
f 1282/1282/1282 1304/1304/1304 1283/1283/1283
f 1283/1283/1283 1304/1304/1304 1305/1305/1305
f 1283/1283/1283 1305/1305/1305 1284/1284/1284
f 1284/1284/1284 1305/1305/1305 1306/1306/1306
f 1284/1284/1284 1306/1306/1306 1285/1285/1285
f 1285/1285/1285 1306/1306/1306 1307/1307/1307
f 1285/1285/1285 1307/1307/1307 1286/1286/1286
f 1286/1286/1286 1307/1307/1307 1308/1308/1308
f 1286/1286/1286 1308/1308/1308 1287/1287/1287
f 1287/1287/1287 1308/1308/1308 1309/1309/1309
f 1287/1287/1287 1309/1309/1309 1288/1288/1288
f 1288/1288/1288 1309/1309/1309 1310/1310/1310
f 1288/1288/1288 1310/1310/1310 1289/1289/1289
f 1289/1289/1289 1310/1310/1310 1311/1311/1311
f 1289/1289/1289 1311/1311/1311 1290/1290/1290
f 1290/1290/1290 1311/1311/1311 1312/1312/1312
f 1290/1290/1290 1312/1312/1312 1291/1291/1291
f 1291/1291/1291 1312/1312/1312 1313/1313/1313
f 1291/1291/1291 1313/1313/1313 1292/1292/1292
f 1292/1292/1292 1313/1313/1313 1314/1314/1314
f 1292/1292/1292 1314/1314/1314 1293/1293/1293
f 1293/1293/1293 1314/1314/1314 1315/1315/1315
f 1293/1293/1293 1315/1315/1315 1294/1294/1294
f 1294/1294/1294 1315/1315/1315 1316/1316/1316
f 1294/1294/1294 1316/1316/1316 1295/1295/1295
f 1295/1295/1295 1316/1316/1316 1317/1317/1317
f 1295/1295/1295 1317/1317/1317 1296/1296/1296
f 1296/1296/1296 1317/1317/1317 1318/1318/1318
f 1296/1296/1296 1318/1318/1318 1297/1297/1297
f 1297/1297/1297 1318/1318/1318 1319/1319/1319
f 1297/1297/1297 1319/1319/1319 1298/1298/1298
f 1298/1298/1298 1319/1319/1319 1320/1320/1320
f 1298/1298/1298 1320/1320/1320 1299/1299/1299
f 1299/1299/1299 1320/1320/1320 1321/1321/1321
f 1299/1299/1299 1321/1321/1321 1300/1300/1300
f 1300/1300/1300 1321/1321/1321 1322/1322/1322
f 1300/1300/1300 1322/1322/1322 1301/1301/1301
f 1301/1301/1301 1322/1322/1322 1323/1323/1323
f 1301/1301/1301 1323/1323/1323 1302/1302/1302
f 1324/1324/1324 1345/1345/1345 1346/1346/1346
f 1324/1324/1324 1346/1346/1346 1325/1325/1325
f 1325/1325/1325 1346/1346/1346 1347/1347/1347
f 1325/1325/1325 1347/1347/1347 1326/1326/1326
f 1326/1326/1326 1347/1347/1347 1348/1348/1348
f 1326/1326/1326 1348/1348/1348 1327/1327/1327
f 1327/1327/1327 1348/1348/1348 1349/1349/1349
f 1327/1327/1327 1349/1349/1349 1328/1328/1328
f 1328/1328/1328 1349/1349/1349 1350/1350/1350
f 1328/1328/1328 1350/1350/1350 1329/1329/1329
f 1329/1329/1329 1350/1350/1350 1351/1351/1351
f 1329/1329/1329 1351/1351/1351 1330/1330/1330
f 1330/1330/1330 1351/1351/1351 1352/1352/1352
f 1330/1330/1330 1352/1352/1352 1331/1331/1331
f 1331/1331/1331 1352/1352/1352 1353/1353/1353
f 1331/1331/1331 1353/1353/1353 1332/1332/1332
f 1332/1332/1332 1353/1353/1353 1354/1354/1354
f 1332/1332/1332 1354/1354/1354 1333/1333/1333
f 1333/1333/1333 1354/1354/1354 1355/1355/1355
f 1333/1333/1333 1355/1355/1355 1334/1334/1334
f 1334/1334/1334 1355/1355/1355 1356/1356/1356
f 1334/1334/1334 1356/1356/1356 1335/1335/1335
f 1335/1335/1335 1356/1356/1356 1357/1357/1357
f 1335/1335/1335 1357/1357/1357 1336/1336/1336
f 1336/1336/1336 1357/1357/1357 1358/1358/1358
f 1336/1336/1336 1358/1358/1358 1337/1337/1337
f 1337/1337/1337 1358/1358/1358 1359/1359/1359
f 1337/1337/1337 1359/1359/1359 1338/1338/1338
f 1338/1338/1338 1359/1359/1359 1360/1360/1360
f 1338/1338/1338 1360/1360/1360 1339/1339/1339
f 1339/1339/1339 1360/1360/1360 1361/1361/1361
f 1339/1339/1339 1361/1361/1361 1340/1340/1340
f 1340/1340/1340 1361/1361/1361 1362/1362/1362
f 1340/1340/1340 1362/1362/1362 1341/1341/1341
f 1341/1341/1341 1362/1362/1362 1363/1363/1363
f 1341/1341/1341 1363/1363/1363 1342/1342/1342
f 1342/1342/1342 1363/1363/1363 1364/1364/1364
f 1342/1342/1342 1364/1364/1364 1343/1343/1343
f 1343/1343/1343 1364/1364/1364 1365/1365/1365
f 1343/1343/1343 1365/1365/1365 1344/1344/1344
f 1345/1345/1345 1366/1366/1366 1367/1367/1367
f 1345/1345/1345 1367/1367/1367 1346/1346/1346
f 1346/1346/1346 1367/1367/1367 1368/1368/1368
f 1346/1346/1346 1368/1368/1368 1347/1347/1347
f 1347/1347/1347 1368/1368/1368 1369/1369/1369
f 1347/1347/1347 1369/1369/1369 1348/1348/1348
f 1348/1348/1348 1369/1369/1369 1370/1370/1370
f 1348/1348/1348 1370/1370/1370 1349/1349/1349
f 1349/1349/1349 1370/1370/1370 1371/1371/1371
f 1349/1349/1349 1371/1371/1371 1350/1350/1350
f 1350/1350/1350 1371/1371/1371 1372/1372/1372
f 1350/1350/1350 1372/1372/1372 1351/1351/1351
f 1351/1351/1351 1372/1372/1372 1373/1373/1373
f 1351/1351/1351 1373/1373/1373 1352/1352/1352
f 1352/1352/1352 1373/1373/1373 1374/1374/1374
f 1352/1352/1352 1374/1374/1374 1353/1353/1353
f 1353/1353/1353 1374/1374/1374 1375/1375/1375
f 1353/1353/1353 1375/1375/1375 1354/1354/1354
f 1354/1354/1354 1375/1375/1375 1376/1376/1376
f 1354/1354/1354 1376/1376/1376 1355/1355/1355
f 1355/1355/1355 1376/1376/1376 1377/1377/1377
f 1355/1355/1355 1377/1377/1377 1356/1356/1356
f 1356/1356/1356 1377/1377/1377 1378/1378/1378
f 1356/1356/1356 1378/1378/1378 1357/1357/1357
f 1357/1357/1357 1378/1378/1378 1379/1379/1379
f 1357/1357/1357 1379/1379/1379 1358/1358/1358
f 1358/1358/1358 1379/1379/1379 1380/1380/1380
f 1358/1358/1358 1380/1380/1380 1359/1359/1359
f 1359/1359/1359 1380/1380/1380 1381/1381/1381
f 1359/1359/1359 1381/1381/1381 1360/1360/1360
f 1360/1360/1360 1381/1381/1381 1382/1382/1382
f 1360/1360/1360 1382/1382/1382 1361/1361/1361
f 1361/1361/1361 1382/1382/1382 1383/1383/1383
f 1361/1361/1361 1383/1383/1383 1362/1362/1362
f 1362/1362/1362 1383/1383/1383 1384/1384/1384
f 1362/1362/1362 1384/1384/1384 1363/1363/1363
f 1363/1363/1363 1384/1384/1384 1385/1385/1385
f 1363/1363/1363 1385/1385/1385 1364/1364/1364
f 1364/1364/1364 1385/1385/1385 1386/1386/1386
f 1364/1364/1364 1386/1386/1386 1365/1365/1365
f 1366/1366/1366 1387/1387/1387 1388/1388/1388
f 1366/1366/1366 1388/1388/1388 1367/1367/1367
f 1367/1367/1367 1388/1388/1388 1389/1389/1389
f 1367/1367/1367 1389/1389/1389 1368/1368/1368
f 1368/1368/1368 1389/1389/1389 1390/1390/1390
f 1368/1368/1368 1390/1390/1390 1369/1369/1369
f 1369/1369/1369 1390/1390/1390 1391/1391/1391
f 1369/1369/1369 1391/1391/1391 1370/1370/1370
f 1370/1370/1370 1391/1391/1391 1392/1392/1392
f 1370/1370/1370 1392/1392/1392 1371/1371/1371
f 1371/1371/1371 1392/1392/1392 1393/1393/1393
f 1371/1371/1371 1393/1393/1393 1372/1372/1372
f 1372/1372/1372 1393/1393/1393 1394/1394/1394
f 1372/1372/1372 1394/1394/1394 1373/1373/1373
f 1373/1373/1373 1394/1394/1394 1395/1395/1395
f 1373/1373/1373 1395/1395/1395 1374/1374/1374
f 1374/1374/1374 1395/1395/1395 1396/1396/1396
f 1374/1374/1374 1396/1396/1396 1375/1375/1375
f 1375/1375/1375 1396/1396/1396 1397/1397/1397
f 1375/1375/1375 1397/1397/1397 1376/1376/1376
f 1376/1376/1376 1397/1397/1397 1398/1398/1398
f 1376/1376/1376 1398/1398/1398 1377/1377/1377
f 1377/1377/1377 1398/1398/1398 1399/1399/1399
f 1377/1377/1377 1399/1399/1399 1378/1378/1378
f 1378/1378/1378 1399/1399/1399 1400/1400/1400
f 1378/1378/1378 1400/1400/1400 1379/1379/1379
f 1379/1379/1379 1400/1400/1400 1401/1401/1401
f 1379/1379/1379 1401/1401/1401 1380/1380/1380
f 1380/1380/1380 1401/1401/1401 1402/1402/1402
f 1380/1380/1380 1402/1402/1402 1381/1381/1381
f 1381/1381/1381 1402/1402/1402 1403/1403/1403
f 1381/1381/1381 1403/1403/1403 1382/1382/1382
f 1382/1382/1382 1403/1403/1403 1404/1404/1404
f 1382/1382/1382 1404/1404/1404 1383/1383/1383
f 1383/1383/1383 1404/1404/1404 1405/1405/1405
f 1383/1383/1383 1405/1405/1405 1384/1384/1384
f 1384/1384/1384 1405/1405/1405 1406/1406/1406
f 1384/1384/1384 1406/1406/1406 1385/1385/1385
f 1385/1385/1385 1406/1406/1406 1407/1407/1407
f 1385/1385/1385 1407/1407/1407 1386/1386/1386
f 1387/1387/1387 1408/1408/1408 1409/1409/1409
f 1387/1387/1387 1409/1409/1409 1388/1388/1388
f 1388/1388/1388 1409/1409/1409 1410/1410/1410
f 1388/1388/1388 1410/1410/1410 1389/1389/1389
f 1389/1389/1389 1410/1410/1410 1411/1411/1411
f 1389/1389/1389 1411/1411/1411 1390/1390/1390
f 1390/1390/1390 1411/1411/1411 1412/1412/1412
f 1390/1390/1390 1412/1412/1412 1391/1391/1391
f 1391/1391/1391 1412/1412/1412 1413/1413/1413
f 1391/1391/1391 1413/1413/1413 1392/1392/1392
f 1392/1392/1392 1413/1413/1413 1414/1414/1414
f 1392/1392/1392 1414/1414/1414 1393/1393/1393
f 1393/1393/1393 1414/1414/1414 1415/1415/1415
f 1393/1393/1393 1415/1415/1415 1394/1394/1394
f 1394/1394/1394 1415/1415/1415 1416/1416/1416
f 1394/1394/1394 1416/1416/1416 1395/1395/1395
f 1395/1395/1395 1416/1416/1416 1417/1417/1417
f 1395/1395/1395 1417/1417/1417 1396/1396/1396
f 1396/1396/1396 1417/1417/1417 1418/1418/1418
f 1396/1396/1396 1418/1418/1418 1397/1397/1397
f 1397/1397/1397 1418/1418/1418 1419/1419/1419
f 1397/1397/1397 1419/1419/1419 1398/1398/1398
f 1398/1398/1398 1419/1419/1419 1420/1420/1420
f 1398/1398/1398 1420/1420/1420 1399/1399/1399
f 1399/1399/1399 1420/1420/1420 1421/1421/1421
f 1399/1399/1399 1421/1421/1421 1400/1400/1400
f 1400/1400/1400 1421/1421/1421 1422/1422/1422
f 1400/1400/1400 1422/1422/1422 1401/1401/1401
f 1401/1401/1401 1422/1422/1422 1423/1423/1423
f 1401/1401/1401 1423/1423/1423 1402/1402/1402
f 1402/1402/1402 1423/1423/1423 1424/1424/1424
f 1402/1402/1402 1424/1424/1424 1403/1403/1403
f 1403/1403/1403 1424/1424/1424 1425/1425/1425
f 1403/1403/1403 1425/1425/1425 1404/1404/1404
f 1404/1404/1404 1425/1425/1425 1426/1426/1426
f 1404/1404/1404 1426/1426/1426 1405/1405/1405
f 1405/1405/1405 1426/1426/1426 1427/1427/1427
f 1405/1405/1405 1427/1427/1427 1406/1406/1406
f 1406/1406/1406 1427/1427/1427 1428/1428/1428
f 1406/1406/1406 1428/1428/1428 1407/1407/1407
f 1408/1408/1408 1429/1429/1429 1430/1430/1430
f 1408/1408/1408 1430/1430/1430 1409/1409/1409
f 1409/1409/1409 1430/1430/1430 1431/1431/1431
f 1409/1409/1409 1431/1431/1431 1410/1410/1410
f 1410/1410/1410 1431/1431/1431 1432/1432/1432
f 1410/1410/1410 1432/1432/1432 1411/1411/1411
f 1411/1411/1411 1432/1432/1432 1433/1433/1433
f 1411/1411/1411 1433/1433/1433 1412/1412/1412
f 1412/1412/1412 1433/1433/1433 1434/1434/1434
f 1412/1412/1412 1434/1434/1434 1413/1413/1413
f 1413/1413/1413 1434/1434/1434 1435/1435/1435
f 1413/1413/1413 1435/1435/1435 1414/1414/1414
f 1414/1414/1414 1435/1435/1435 1436/1436/1436
f 1414/1414/1414 1436/1436/1436 1415/1415/1415
f 1415/1415/1415 1436/1436/1436 1437/1437/1437
f 1415/1415/1415 1437/1437/1437 1416/1416/1416
f 1416/1416/1416 1437/1437/1437 1438/1438/1438
f 1416/1416/1416 1438/1438/1438 1417/1417/1417
f 1417/1417/1417 1438/1438/1438 1439/1439/1439
f 1417/1417/1417 1439/1439/1439 1418/1418/1418
f 1418/1418/1418 1439/1439/1439 1440/1440/1440
f 1418/1418/1418 1440/1440/1440 1419/1419/1419
f 1419/1419/1419 1440/1440/1440 1441/1441/1441
f 1419/1419/1419 1441/1441/1441 1420/1420/1420
f 1420/1420/1420 1441/1441/1441 1442/1442/1442
f 1420/1420/1420 1442/1442/1442 1421/1421/1421
f 1421/1421/1421 1442/1442/1442 1443/1443/1443
f 1421/1421/1421 1443/1443/1443 1422/1422/1422
f 1422/1422/1422 1443/1443/1443 1444/1444/1444
f 1422/1422/1422 1444/1444/1444 1423/1423/1423
f 1423/1423/1423 1444/1444/1444 1445/1445/1445
f 1423/1423/1423 1445/1445/1445 1424/1424/1424
f 1424/1424/1424 1445/1445/1445 1446/1446/1446
f 1424/1424/1424 1446/1446/1446 1425/1425/1425
f 1425/1425/1425 1446/1446/1446 1447/1447/1447
f 1425/1425/1425 1447/1447/1447 1426/1426/1426
f 1426/1426/1426 1447/1447/1447 1448/1448/1448
f 1426/1426/1426 1448/1448/1448 1427/1427/1427
f 1427/1427/1427 1448/1448/1448 1449/1449/1449
f 1427/1427/1427 1449/1449/1449 1428/1428/1428
f 1429/1429/1429 1450/1450/1450 1451/1451/1451
f 1429/1429/1429 1451/1451/1451 1430/1430/1430
f 1430/1430/1430 1451/1451/1451 1452/1452/1452
f 1430/1430/1430 1452/1452/1452 1431/1431/1431
f 1431/1431/1431 1452/1452/1452 1453/1453/1453
f 1431/1431/1431 1453/1453/1453 1432/1432/1432
f 1432/1432/1432 1453/1453/1453 1454/1454/1454
f 1432/1432/1432 1454/1454/1454 1433/1433/1433
f 1433/1433/1433 1454/1454/1454 1455/1455/1455
f 1433/1433/1433 1455/1455/1455 1434/1434/1434
f 1434/1434/1434 1455/1455/1455 1456/1456/1456
f 1434/1434/1434 1456/1456/1456 1435/1435/1435
f 1435/1435/1435 1456/1456/1456 1457/1457/1457
f 1435/1435/1435 1457/1457/1457 1436/1436/1436
f 1436/1436/1436 1457/1457/1457 1458/1458/1458
f 1436/1436/1436 1458/1458/1458 1437/1437/1437
f 1437/1437/1437 1458/1458/1458 1459/1459/1459
f 1437/1437/1437 1459/1459/1459 1438/1438/1438
f 1438/1438/1438 1459/1459/1459 1460/1460/1460
f 1438/1438/1438 1460/1460/1460 1439/1439/1439
f 1439/1439/1439 1460/1460/1460 1461/1461/1461
f 1439/1439/1439 1461/1461/1461 1440/1440/1440
f 1440/1440/1440 1461/1461/1461 1462/1462/1462
f 1440/1440/1440 1462/1462/1462 1441/1441/1441
f 1441/1441/1441 1462/1462/1462 1463/1463/1463
f 1441/1441/1441 1463/1463/1463 1442/1442/1442
f 1442/1442/1442 1463/1463/1463 1464/1464/1464
f 1442/1442/1442 1464/1464/1464 1443/1443/1443
f 1443/1443/1443 1464/1464/1464 1465/1465/1465
f 1443/1443/1443 1465/1465/1465 1444/1444/1444
f 1444/1444/1444 1465/1465/1465 1466/1466/1466
f 1444/1444/1444 1466/1466/1466 1445/1445/1445
f 1445/1445/1445 1466/1466/1466 1467/1467/1467
f 1445/1445/1445 1467/1467/1467 1446/1446/1446
f 1446/1446/1446 1467/1467/1467 1468/1468/1468
f 1446/1446/1446 1468/1468/1468 1447/1447/1447
f 1447/1447/1447 1468/1468/1468 1469/1469/1469
f 1447/1447/1447 1469/1469/1469 1448/1448/1448
f 1448/1448/1448 1469/1469/1469 1470/1470/1470
f 1448/1448/1448 1470/1470/1470 1449/1449/1449
f 1450/1450/1450 1471/1471/1471 1472/1472/1472
f 1450/1450/1450 1472/1472/1472 1451/1451/1451
f 1451/1451/1451 1472/1472/1472 1473/1473/1473
f 1451/1451/1451 1473/1473/1473 1452/1452/1452
f 1452/1452/1452 1473/1473/1473 1474/1474/1474
f 1452/1452/1452 1474/1474/1474 1453/1453/1453
f 1453/1453/1453 1474/1474/1474 1475/1475/1475
f 1453/1453/1453 1475/1475/1475 1454/1454/1454
f 1454/1454/1454 1475/1475/1475 1476/1476/1476
f 1454/1454/1454 1476/1476/1476 1455/1455/1455
f 1455/1455/1455 1476/1476/1476 1477/1477/1477
f 1455/1455/1455 1477/1477/1477 1456/1456/1456
f 1456/1456/1456 1477/1477/1477 1478/1478/1478
f 1456/1456/1456 1478/1478/1478 1457/1457/1457
f 1457/1457/1457 1478/1478/1478 1479/1479/1479
f 1457/1457/1457 1479/1479/1479 1458/1458/1458
f 1458/1458/1458 1479/1479/1479 1480/1480/1480
f 1458/1458/1458 1480/1480/1480 1459/1459/1459
f 1459/1459/1459 1480/1480/1480 1481/1481/1481
f 1459/1459/1459 1481/1481/1481 1460/1460/1460
f 1460/1460/1460 1481/1481/1481 1482/1482/1482
f 1460/1460/1460 1482/1482/1482 1461/1461/1461
f 1461/1461/1461 1482/1482/1482 1483/1483/1483
f 1461/1461/1461 1483/1483/1483 1462/1462/1462
f 1462/1462/1462 1483/1483/1483 1484/1484/1484
f 1462/1462/1462 1484/1484/1484 1463/1463/1463
f 1463/1463/1463 1484/1484/1484 1485/1485/1485
f 1463/1463/1463 1485/1485/1485 1464/1464/1464
f 1464/1464/1464 1485/1485/1485 1486/1486/1486
f 1464/1464/1464 1486/1486/1486 1465/1465/1465
f 1465/1465/1465 1486/1486/1486 1487/1487/1487
f 1465/1465/1465 1487/1487/1487 1466/1466/1466
f 1466/1466/1466 1487/1487/1487 1488/1488/1488
f 1466/1466/1466 1488/1488/1488 1467/1467/1467
f 1467/1467/1467 1488/1488/1488 1489/1489/1489
f 1467/1467/1467 1489/1489/1489 1468/1468/1468
f 1468/1468/1468 1489/1489/1489 1490/1490/1490
f 1468/1468/1468 1490/1490/1490 1469/1469/1469
f 1469/1469/1469 1490/1490/1490 1491/1491/1491
f 1469/1469/1469 1491/1491/1491 1470/1470/1470
f 1471/1471/1471 1492/1492/1492 1493/1493/1493
f 1471/1471/1471 1493/1493/1493 1472/1472/1472
f 1472/1472/1472 1493/1493/1493 1494/1494/1494
f 1472/1472/1472 1494/1494/1494 1473/1473/1473
f 1473/1473/1473 1494/1494/1494 1495/1495/1495
f 1473/1473/1473 1495/1495/1495 1474/1474/1474
f 1474/1474/1474 1495/1495/1495 1496/1496/1496
f 1474/1474/1474 1496/1496/1496 1475/1475/1475
f 1475/1475/1475 1496/1496/1496 1497/1497/1497
f 1475/1475/1475 1497/1497/1497 1476/1476/1476
f 1476/1476/1476 1497/1497/1497 1498/1498/1498
f 1476/1476/1476 1498/1498/1498 1477/1477/1477
f 1477/1477/1477 1498/1498/1498 1499/1499/1499
f 1477/1477/1477 1499/1499/1499 1478/1478/1478
f 1478/1478/1478 1499/1499/1499 1500/1500/1500
f 1478/1478/1478 1500/1500/1500 1479/1479/1479
f 1479/1479/1479 1500/1500/1500 1501/1501/1501
f 1479/1479/1479 1501/1501/1501 1480/1480/1480
f 1480/1480/1480 1501/1501/1501 1502/1502/1502
f 1480/1480/1480 1502/1502/1502 1481/1481/1481
f 1481/1481/1481 1502/1502/1502 1503/1503/1503
f 1481/1481/1481 1503/1503/1503 1482/1482/1482
f 1482/1482/1482 1503/1503/1503 1504/1504/1504
f 1482/1482/1482 1504/1504/1504 1483/1483/1483
f 1483/1483/1483 1504/1504/1504 1505/1505/1505
f 1483/1483/1483 1505/1505/1505 1484/1484/1484
f 1484/1484/1484 1505/1505/1505 1506/1506/1506
f 1484/1484/1484 1506/1506/1506 1485/1485/1485
f 1485/1485/1485 1506/1506/1506 1507/1507/1507
f 1485/1485/1485 1507/1507/1507 1486/1486/1486
f 1486/1486/1486 1507/1507/1507 1508/1508/1508
f 1486/1486/1486 1508/1508/1508 1487/1487/1487
f 1487/1487/1487 1508/1508/1508 1509/1509/1509
f 1487/1487/1487 1509/1509/1509 1488/1488/1488
f 1488/1488/1488 1509/1509/1509 1510/1510/1510
f 1488/1488/1488 1510/1510/1510 1489/1489/1489
f 1489/1489/1489 1510/1510/1510 1511/1511/1511
f 1489/1489/1489 1511/1511/1511 1490/1490/1490
f 1490/1490/1490 1511/1511/1511 1512/1512/1512
f 1490/1490/1490 1512/1512/1512 1491/1491/1491
f 1492/1492/1492 1513/1513/1513 1514/1514/1514
f 1492/1492/1492 1514/1514/1514 1493/1493/1493
f 1493/1493/1493 1514/1514/1514 1515/1515/1515
f 1493/1493/1493 1515/1515/1515 1494/1494/1494
f 1494/1494/1494 1515/1515/1515 1516/1516/1516
f 1494/1494/1494 1516/1516/1516 1495/1495/1495
f 1495/1495/1495 1516/1516/1516 1517/1517/1517
f 1495/1495/1495 1517/1517/1517 1496/1496/1496
f 1496/1496/1496 1517/1517/1517 1518/1518/1518
f 1496/1496/1496 1518/1518/1518 1497/1497/1497
f 1497/1497/1497 1518/1518/1518 1519/1519/1519
f 1497/1497/1497 1519/1519/1519 1498/1498/1498
f 1498/1498/1498 1519/1519/1519 1520/1520/1520
f 1498/1498/1498 1520/1520/1520 1499/1499/1499
f 1499/1499/1499 1520/1520/1520 1521/1521/1521
f 1499/1499/1499 1521/1521/1521 1500/1500/1500
f 1500/1500/1500 1521/1521/1521 1522/1522/1522
f 1500/1500/1500 1522/1522/1522 1501/1501/1501
f 1501/1501/1501 1522/1522/1522 1523/1523/1523
f 1501/1501/1501 1523/1523/1523 1502/1502/1502
f 1502/1502/1502 1523/1523/1523 1524/1524/1524
f 1502/1502/1502 1524/1524/1524 1503/1503/1503
f 1503/1503/1503 1524/1524/1524 1525/1525/1525
f 1503/1503/1503 1525/1525/1525 1504/1504/1504
f 1504/1504/1504 1525/1525/1525 1526/1526/1526
f 1504/1504/1504 1526/1526/1526 1505/1505/1505
f 1505/1505/1505 1526/1526/1526 1527/1527/1527
f 1505/1505/1505 1527/1527/1527 1506/1506/1506
f 1506/1506/1506 1527/1527/1527 1528/1528/1528
f 1506/1506/1506 1528/1528/1528 1507/1507/1507
f 1507/1507/1507 1528/1528/1528 1529/1529/1529
f 1507/1507/1507 1529/1529/1529 1508/1508/1508
f 1508/1508/1508 1529/1529/1529 1530/1530/1530
f 1508/1508/1508 1530/1530/1530 1509/1509/1509
f 1509/1509/1509 1530/1530/1530 1531/1531/1531
f 1509/1509/1509 1531/1531/1531 1510/1510/1510
f 1510/1510/1510 1531/1531/1531 1532/1532/1532
f 1510/1510/1510 1532/1532/1532 1511/1511/1511
f 1511/1511/1511 1532/1532/1532 1533/1533/1533
f 1511/1511/1511 1533/1533/1533 1512/1512/1512
f 1513/1513/1513 1534/1534/1534 1535/1535/1535
f 1513/1513/1513 1535/1535/1535 1514/1514/1514
f 1514/1514/1514 1535/1535/1535 1536/1536/1536
f 1514/1514/1514 1536/1536/1536 1515/1515/1515
f 1515/1515/1515 1536/1536/1536 1537/1537/1537
f 1515/1515/1515 1537/1537/1537 1516/1516/1516
f 1516/1516/1516 1537/1537/1537 1538/1538/1538
f 1516/1516/1516 1538/1538/1538 1517/1517/1517
f 1517/1517/1517 1538/1538/1538 1539/1539/1539
f 1517/1517/1517 1539/1539/1539 1518/1518/1518
f 1518/1518/1518 1539/1539/1539 1540/1540/1540
f 1518/1518/1518 1540/1540/1540 1519/1519/1519
f 1519/1519/1519 1540/1540/1540 1541/1541/1541
f 1519/1519/1519 1541/1541/1541 1520/1520/1520
f 1520/1520/1520 1541/1541/1541 1542/1542/1542
f 1520/1520/1520 1542/1542/1542 1521/1521/1521
f 1521/1521/1521 1542/1542/1542 1543/1543/1543
f 1521/1521/1521 1543/1543/1543 1522/1522/1522
f 1522/1522/1522 1543/1543/1543 1544/1544/1544
f 1522/1522/1522 1544/1544/1544 1523/1523/1523
f 1523/1523/1523 1544/1544/1544 1545/1545/1545
f 1523/1523/1523 1545/1545/1545 1524/1524/1524
f 1524/1524/1524 1545/1545/1545 1546/1546/1546
f 1524/1524/1524 1546/1546/1546 1525/1525/1525
f 1525/1525/1525 1546/1546/1546 1547/1547/1547
f 1525/1525/1525 1547/1547/1547 1526/1526/1526
f 1526/1526/1526 1547/1547/1547 1548/1548/1548
f 1526/1526/1526 1548/1548/1548 1527/1527/1527
f 1527/1527/1527 1548/1548/1548 1549/1549/1549
f 1527/1527/1527 1549/1549/1549 1528/1528/1528
f 1528/1528/1528 1549/1549/1549 1550/1550/1550
f 1528/1528/1528 1550/1550/1550 1529/1529/1529
f 1529/1529/1529 1550/1550/1550 1551/1551/1551
f 1529/1529/1529 1551/1551/1551 1530/1530/1530
f 1530/1530/1530 1551/1551/1551 1552/1552/1552
f 1530/1530/1530 1552/1552/1552 1531/1531/1531
f 1531/1531/1531 1552/1552/1552 1553/1553/1553
f 1531/1531/1531 1553/1553/1553 1532/1532/1532
f 1532/1532/1532 1553/1553/1553 1554/1554/1554
f 1532/1532/1532 1554/1554/1554 1533/1533/1533
f 1534/1534/1534 1555/1555/1555 1556/1556/1556
f 1534/1534/1534 1556/1556/1556 1535/1535/1535
f 1535/1535/1535 1556/1556/1556 1557/1557/1557
f 1535/1535/1535 1557/1557/1557 1536/1536/1536
f 1536/1536/1536 1557/1557/1557 1558/1558/1558
f 1536/1536/1536 1558/1558/1558 1537/1537/1537
f 1537/1537/1537 1558/1558/1558 1559/1559/1559
f 1537/1537/1537 1559/1559/1559 1538/1538/1538
f 1538/1538/1538 1559/1559/1559 1560/1560/1560
f 1538/1538/1538 1560/1560/1560 1539/1539/1539
f 1539/1539/1539 1560/1560/1560 1561/1561/1561
f 1539/1539/1539 1561/1561/1561 1540/1540/1540
f 1540/1540/1540 1561/1561/1561 1562/1562/1562
f 1540/1540/1540 1562/1562/1562 1541/1541/1541
f 1541/1541/1541 1562/1562/1562 1563/1563/1563
f 1541/1541/1541 1563/1563/1563 1542/1542/1542
f 1542/1542/1542 1563/1563/1563 1564/1564/1564
f 1542/1542/1542 1564/1564/1564 1543/1543/1543
f 1543/1543/1543 1564/1564/1564 1565/1565/1565
f 1543/1543/1543 1565/1565/1565 1544/1544/1544
f 1544/1544/1544 1565/1565/1565 1566/1566/1566
f 1544/1544/1544 1566/1566/1566 1545/1545/1545
f 1545/1545/1545 1566/1566/1566 1567/1567/1567
f 1545/1545/1545 1567/1567/1567 1546/1546/1546
f 1546/1546/1546 1567/1567/1567 1568/1568/1568
f 1546/1546/1546 1568/1568/1568 1547/1547/1547
f 1547/1547/1547 1568/1568/1568 1569/1569/1569
f 1547/1547/1547 1569/1569/1569 1548/1548/1548
f 1548/1548/1548 1569/1569/1569 1570/1570/1570
f 1548/1548/1548 1570/1570/1570 1549/1549/1549
f 1549/1549/1549 1570/1570/1570 1571/1571/1571
f 1549/1549/1549 1571/1571/1571 1550/1550/1550
f 1550/1550/1550 1571/1571/1571 1572/1572/1572
f 1550/1550/1550 1572/1572/1572 1551/1551/1551
f 1551/1551/1551 1572/1572/1572 1573/1573/1573
f 1551/1551/1551 1573/1573/1573 1552/1552/1552
f 1552/1552/1552 1573/1573/1573 1574/1574/1574
f 1552/1552/1552 1574/1574/1574 1553/1553/1553
f 1553/1553/1553 1574/1574/1574 1575/1575/1575
f 1553/1553/1553 1575/1575/1575 1554/1554/1554
f 1555/1555/1555 1576/1576/1576 1577/1577/1577
f 1555/1555/1555 1577/1577/1577 1556/1556/1556
f 1556/1556/1556 1577/1577/1577 1578/1578/1578
f 1556/1556/1556 1578/1578/1578 1557/1557/1557
f 1557/1557/1557 1578/1578/1578 1579/1579/1579
f 1557/1557/1557 1579/1579/1579 1558/1558/1558
f 1558/1558/1558 1579/1579/1579 1580/1580/1580
f 1558/1558/1558 1580/1580/1580 1559/1559/1559
f 1559/1559/1559 1580/1580/1580 1581/1581/1581
f 1559/1559/1559 1581/1581/1581 1560/1560/1560
f 1560/1560/1560 1581/1581/1581 1582/1582/1582
f 1560/1560/1560 1582/1582/1582 1561/1561/1561
f 1561/1561/1561 1582/1582/1582 1583/1583/1583
f 1561/1561/1561 1583/1583/1583 1562/1562/1562
f 1562/1562/1562 1583/1583/1583 1584/1584/1584
f 1562/1562/1562 1584/1584/1584 1563/1563/1563
f 1563/1563/1563 1584/1584/1584 1585/1585/1585
f 1563/1563/1563 1585/1585/1585 1564/1564/1564
f 1564/1564/1564 1585/1585/1585 1586/1586/1586
f 1564/1564/1564 1586/1586/1586 1565/1565/1565
f 1565/1565/1565 1586/1586/1586 1587/1587/1587
f 1565/1565/1565 1587/1587/1587 1566/1566/1566
f 1566/1566/1566 1587/1587/1587 1588/1588/1588
f 1566/1566/1566 1588/1588/1588 1567/1567/1567
f 1567/1567/1567 1588/1588/1588 1589/1589/1589
f 1567/1567/1567 1589/1589/1589 1568/1568/1568
f 1568/1568/1568 1589/1589/1589 1590/1590/1590
f 1568/1568/1568 1590/1590/1590 1569/1569/1569
f 1569/1569/1569 1590/1590/1590 1591/1591/1591
f 1569/1569/1569 1591/1591/1591 1570/1570/1570
f 1570/1570/1570 1591/1591/1591 1592/1592/1592
f 1570/1570/1570 1592/1592/1592 1571/1571/1571
f 1571/1571/1571 1592/1592/1592 1593/1593/1593
f 1571/1571/1571 1593/1593/1593 1572/1572/1572
f 1572/1572/1572 1593/1593/1593 1594/1594/1594
f 1572/1572/1572 1594/1594/1594 1573/1573/1573
f 1573/1573/1573 1594/1594/1594 1595/1595/1595
f 1573/1573/1573 1595/1595/1595 1574/1574/1574
f 1574/1574/1574 1595/1595/1595 1596/1596/1596
f 1574/1574/1574 1596/1596/1596 1575/1575/1575
f 1576/1576/1576 1597/1597/1597 1598/1598/1598
f 1576/1576/1576 1598/1598/1598 1577/1577/1577
f 1577/1577/1577 1598/1598/1598 1599/1599/1599
f 1577/1577/1577 1599/1599/1599 1578/1578/1578
f 1578/1578/1578 1599/1599/1599 1600/1600/1600
f 1578/1578/1578 1600/1600/1600 1579/1579/1579
f 1579/1579/1579 1600/1600/1600 1601/1601/1601
f 1579/1579/1579 1601/1601/1601 1580/1580/1580
f 1580/1580/1580 1601/1601/1601 1602/1602/1602
f 1580/1580/1580 1602/1602/1602 1581/1581/1581
f 1581/1581/1581 1602/1602/1602 1603/1603/1603
f 1581/1581/1581 1603/1603/1603 1582/1582/1582
f 1582/1582/1582 1603/1603/1603 1604/1604/1604
f 1582/1582/1582 1604/1604/1604 1583/1583/1583
f 1583/1583/1583 1604/1604/1604 1605/1605/1605
f 1583/1583/1583 1605/1605/1605 1584/1584/1584
f 1584/1584/1584 1605/1605/1605 1606/1606/1606
f 1584/1584/1584 1606/1606/1606 1585/1585/1585
f 1585/1585/1585 1606/1606/1606 1607/1607/1607
f 1585/1585/1585 1607/1607/1607 1586/1586/1586
f 1586/1586/1586 1607/1607/1607 1608/1608/1608
f 1586/1586/1586 1608/1608/1608 1587/1587/1587
f 1587/1587/1587 1608/1608/1608 1609/1609/1609
f 1587/1587/1587 1609/1609/1609 1588/1588/1588
f 1588/1588/1588 1609/1609/1609 1610/1610/1610
f 1588/1588/1588 1610/1610/1610 1589/1589/1589
f 1589/1589/1589 1610/1610/1610 1611/1611/1611
f 1589/1589/1589 1611/1611/1611 1590/1590/1590
f 1590/1590/1590 1611/1611/1611 1612/1612/1612
f 1590/1590/1590 1612/1612/1612 1591/1591/1591
f 1591/1591/1591 1612/1612/1612 1613/1613/1613
f 1591/1591/1591 1613/1613/1613 1592/1592/1592
f 1592/1592/1592 1613/1613/1613 1614/1614/1614
f 1592/1592/1592 1614/1614/1614 1593/1593/1593
f 1593/1593/1593 1614/1614/1614 1615/1615/1615
f 1593/1593/1593 1615/1615/1615 1594/1594/1594
f 1594/1594/1594 1615/1615/1615 1616/1616/1616
f 1594/1594/1594 1616/1616/1616 1595/1595/1595
f 1595/1595/1595 1616/1616/1616 1617/1617/1617
f 1595/1595/1595 1617/1617/1617 1596/1596/1596
f 1597/1597/1597 1618/1618/1618 1619/1619/1619
f 1597/1597/1597 1619/1619/1619 1598/1598/1598
f 1598/1598/1598 1619/1619/1619 1620/1620/1620
f 1598/1598/1598 1620/1620/1620 1599/1599/1599
f 1599/1599/1599 1620/1620/1620 1621/1621/1621
f 1599/1599/1599 1621/1621/1621 1600/1600/1600
f 1600/1600/1600 1621/1621/1621 1622/1622/1622
f 1600/1600/1600 1622/1622/1622 1601/1601/1601
f 1601/1601/1601 1622/1622/1622 1623/1623/1623
f 1601/1601/1601 1623/1623/1623 1602/1602/1602
f 1602/1602/1602 1623/1623/1623 1624/1624/1624
f 1602/1602/1602 1624/1624/1624 1603/1603/1603
f 1603/1603/1603 1624/1624/1624 1625/1625/1625
f 1603/1603/1603 1625/1625/1625 1604/1604/1604
f 1604/1604/1604 1625/1625/1625 1626/1626/1626
f 1604/1604/1604 1626/1626/1626 1605/1605/1605
f 1605/1605/1605 1626/1626/1626 1627/1627/1627
f 1605/1605/1605 1627/1627/1627 1606/1606/1606
f 1606/1606/1606 1627/1627/1627 1628/1628/1628
f 1606/1606/1606 1628/1628/1628 1607/1607/1607
f 1607/1607/1607 1628/1628/1628 1629/1629/1629
f 1607/1607/1607 1629/1629/1629 1608/1608/1608
f 1608/1608/1608 1629/1629/1629 1630/1630/1630
f 1608/1608/1608 1630/1630/1630 1609/1609/1609
f 1609/1609/1609 1630/1630/1630 1631/1631/1631
f 1609/1609/1609 1631/1631/1631 1610/1610/1610
f 1610/1610/1610 1631/1631/1631 1632/1632/1632
f 1610/1610/1610 1632/1632/1632 1611/1611/1611
f 1611/1611/1611 1632/1632/1632 1633/1633/1633
f 1611/1611/1611 1633/1633/1633 1612/1612/1612
f 1612/1612/1612 1633/1633/1633 1634/1634/1634
f 1612/1612/1612 1634/1634/1634 1613/1613/1613
f 1613/1613/1613 1634/1634/1634 1635/1635/1635
f 1613/1613/1613 1635/1635/1635 1614/1614/1614
f 1614/1614/1614 1635/1635/1635 1636/1636/1636
f 1614/1614/1614 1636/1636/1636 1615/1615/1615
f 1615/1615/1615 1636/1636/1636 1637/1637/1637
f 1615/1615/1615 1637/1637/1637 1616/1616/1616
f 1616/1616/1616 1637/1637/1637 1638/1638/1638
f 1616/1616/1616 1638/1638/1638 1617/1617/1617
f 1618/1618/1618 1639/1639/1639 1640/1640/1640
f 1618/1618/1618 1640/1640/1640 1619/1619/1619
f 1619/1619/1619 1640/1640/1640 1641/1641/1641
f 1619/1619/1619 1641/1641/1641 1620/1620/1620
f 1620/1620/1620 1641/1641/1641 1642/1642/1642
f 1620/1620/1620 1642/1642/1642 1621/1621/1621
f 1621/1621/1621 1642/1642/1642 1643/1643/1643
f 1621/1621/1621 1643/1643/1643 1622/1622/1622
f 1622/1622/1622 1643/1643/1643 1644/1644/1644
f 1622/1622/1622 1644/1644/1644 1623/1623/1623
f 1623/1623/1623 1644/1644/1644 1645/1645/1645
f 1623/1623/1623 1645/1645/1645 1624/1624/1624
f 1624/1624/1624 1645/1645/1645 1646/1646/1646
f 1624/1624/1624 1646/1646/1646 1625/1625/1625
f 1625/1625/1625 1646/1646/1646 1647/1647/1647
f 1625/1625/1625 1647/1647/1647 1626/1626/1626
f 1626/1626/1626 1647/1647/1647 1648/1648/1648
f 1626/1626/1626 1648/1648/1648 1627/1627/1627
f 1627/1627/1627 1648/1648/1648 1649/1649/1649
f 1627/1627/1627 1649/1649/1649 1628/1628/1628
f 1628/1628/1628 1649/1649/1649 1650/1650/1650
f 1628/1628/1628 1650/1650/1650 1629/1629/1629
f 1629/1629/1629 1650/1650/1650 1651/1651/1651
f 1629/1629/1629 1651/1651/1651 1630/1630/1630
f 1630/1630/1630 1651/1651/1651 1652/1652/1652
f 1630/1630/1630 1652/1652/1652 1631/1631/1631
f 1631/1631/1631 1652/1652/1652 1653/1653/1653
f 1631/1631/1631 1653/1653/1653 1632/1632/1632
f 1632/1632/1632 1653/1653/1653 1654/1654/1654
f 1632/1632/1632 1654/1654/1654 1633/1633/1633
f 1633/1633/1633 1654/1654/1654 1655/1655/1655
f 1633/1633/1633 1655/1655/1655 1634/1634/1634
f 1634/1634/1634 1655/1655/1655 1656/1656/1656
f 1634/1634/1634 1656/1656/1656 1635/1635/1635
f 1635/1635/1635 1656/1656/1656 1657/1657/1657
f 1635/1635/1635 1657/1657/1657 1636/1636/1636
f 1636/1636/1636 1657/1657/1657 1658/1658/1658
f 1636/1636/1636 1658/1658/1658 1637/1637/1637
f 1637/1637/1637 1658/1658/1658 1659/1659/1659
f 1637/1637/1637 1659/1659/1659 1638/1638/1638
f 1639/1639/1639 1660/1660/1660 1661/1661/1661
f 1639/1639/1639 1661/1661/1661 1640/1640/1640
f 1640/1640/1640 1661/1661/1661 1662/1662/1662
f 1640/1640/1640 1662/1662/1662 1641/1641/1641
f 1641/1641/1641 1662/1662/1662 1663/1663/1663
f 1641/1641/1641 1663/1663/1663 1642/1642/1642
f 1642/1642/1642 1663/1663/1663 1664/1664/1664
f 1642/1642/1642 1664/1664/1664 1643/1643/1643
f 1643/1643/1643 1664/1664/1664 1665/1665/1665
f 1643/1643/1643 1665/1665/1665 1644/1644/1644
f 1644/1644/1644 1665/1665/1665 1666/1666/1666
f 1644/1644/1644 1666/1666/1666 1645/1645/1645
f 1645/1645/1645 1666/1666/1666 1667/1667/1667
f 1645/1645/1645 1667/1667/1667 1646/1646/1646
f 1646/1646/1646 1667/1667/1667 1668/1668/1668
f 1646/1646/1646 1668/1668/1668 1647/1647/1647
f 1647/1647/1647 1668/1668/1668 1669/1669/1669
f 1647/1647/1647 1669/1669/1669 1648/1648/1648
f 1648/1648/1648 1669/1669/1669 1670/1670/1670
f 1648/1648/1648 1670/1670/1670 1649/1649/1649
f 1649/1649/1649 1670/1670/1670 1671/1671/1671
f 1649/1649/1649 1671/1671/1671 1650/1650/1650
f 1650/1650/1650 1671/1671/1671 1672/1672/1672
f 1650/1650/1650 1672/1672/1672 1651/1651/1651
f 1651/1651/1651 1672/1672/1672 1673/1673/1673
f 1651/1651/1651 1673/1673/1673 1652/1652/1652
f 1652/1652/1652 1673/1673/1673 1674/1674/1674
f 1652/1652/1652 1674/1674/1674 1653/1653/1653
f 1653/1653/1653 1674/1674/1674 1675/1675/1675
f 1653/1653/1653 1675/1675/1675 1654/1654/1654
f 1654/1654/1654 1675/1675/1675 1676/1676/1676
f 1654/1654/1654 1676/1676/1676 1655/1655/1655
f 1655/1655/1655 1676/1676/1676 1677/1677/1677
f 1655/1655/1655 1677/1677/1677 1656/1656/1656
f 1656/1656/1656 1677/1677/1677 1678/1678/1678
f 1656/1656/1656 1678/1678/1678 1657/1657/1657
f 1657/1657/1657 1678/1678/1678 1679/1679/1679
f 1657/1657/1657 1679/1679/1679 1658/1658/1658
f 1658/1658/1658 1679/1679/1679 1680/1680/1680
f 1658/1658/1658 1680/1680/1680 1659/1659/1659
f 1660/1660/1660 1681/1681/1681 1682/1682/1682
f 1660/1660/1660 1682/1682/1682 1661/1661/1661
f 1661/1661/1661 1682/1682/1682 1683/1683/1683
f 1661/1661/1661 1683/1683/1683 1662/1662/1662
f 1662/1662/1662 1683/1683/1683 1684/1684/1684
f 1662/1662/1662 1684/1684/1684 1663/1663/1663
f 1663/1663/1663 1684/1684/1684 1685/1685/1685
f 1663/1663/1663 1685/1685/1685 1664/1664/1664
f 1664/1664/1664 1685/1685/1685 1686/1686/1686
f 1664/1664/1664 1686/1686/1686 1665/1665/1665
f 1665/1665/1665 1686/1686/1686 1687/1687/1687
f 1665/1665/1665 1687/1687/1687 1666/1666/1666
f 1666/1666/1666 1687/1687/1687 1688/1688/1688
f 1666/1666/1666 1688/1688/1688 1667/1667/1667
f 1667/1667/1667 1688/1688/1688 1689/1689/1689
f 1667/1667/1667 1689/1689/1689 1668/1668/1668
f 1668/1668/1668 1689/1689/1689 1690/1690/1690
f 1668/1668/1668 1690/1690/1690 1669/1669/1669
f 1669/1669/1669 1690/1690/1690 1691/1691/1691
f 1669/1669/1669 1691/1691/1691 1670/1670/1670
f 1670/1670/1670 1691/1691/1691 1692/1692/1692
f 1670/1670/1670 1692/1692/1692 1671/1671/1671
f 1671/1671/1671 1692/1692/1692 1693/1693/1693
f 1671/1671/1671 1693/1693/1693 1672/1672/1672
f 1672/1672/1672 1693/1693/1693 1694/1694/1694
f 1672/1672/1672 1694/1694/1694 1673/1673/1673
f 1673/1673/1673 1694/1694/1694 1695/1695/1695
f 1673/1673/1673 1695/1695/1695 1674/1674/1674
f 1674/1674/1674 1695/1695/1695 1696/1696/1696
f 1674/1674/1674 1696/1696/1696 1675/1675/1675
f 1675/1675/1675 1696/1696/1696 1697/1697/1697
f 1675/1675/1675 1697/1697/1697 1676/1676/1676
f 1676/1676/1676 1697/1697/1697 1698/1698/1698
f 1676/1676/1676 1698/1698/1698 1677/1677/1677
f 1677/1677/1677 1698/1698/1698 1699/1699/1699
f 1677/1677/1677 1699/1699/1699 1678/1678/1678
f 1678/1678/1678 1699/1699/1699 1700/1700/1700
f 1678/1678/1678 1700/1700/1700 1679/1679/1679
f 1679/1679/1679 1700/1700/1700 1701/1701/1701
f 1679/1679/1679 1701/1701/1701 1680/1680/1680
f 1681/1681/1681 1702/1702/1702 1703/1703/1703
f 1681/1681/1681 1703/1703/1703 1682/1682/1682
f 1682/1682/1682 1703/1703/1703 1704/1704/1704
f 1682/1682/1682 1704/1704/1704 1683/1683/1683
f 1683/1683/1683 1704/1704/1704 1705/1705/1705
f 1683/1683/1683 1705/1705/1705 1684/1684/1684
f 1684/1684/1684 1705/1705/1705 1706/1706/1706
f 1684/1684/1684 1706/1706/1706 1685/1685/1685
f 1685/1685/1685 1706/1706/1706 1707/1707/1707
f 1685/1685/1685 1707/1707/1707 1686/1686/1686
f 1686/1686/1686 1707/1707/1707 1708/1708/1708
f 1686/1686/1686 1708/1708/1708 1687/1687/1687
f 1687/1687/1687 1708/1708/1708 1709/1709/1709
f 1687/1687/1687 1709/1709/1709 1688/1688/1688
f 1688/1688/1688 1709/1709/1709 1710/1710/1710
f 1688/1688/1688 1710/1710/1710 1689/1689/1689
f 1689/1689/1689 1710/1710/1710 1711/1711/1711
f 1689/1689/1689 1711/1711/1711 1690/1690/1690
f 1690/1690/1690 1711/1711/1711 1712/1712/1712
f 1690/1690/1690 1712/1712/1712 1691/1691/1691
f 1691/1691/1691 1712/1712/1712 1713/1713/1713
f 1691/1691/1691 1713/1713/1713 1692/1692/1692
f 1692/1692/1692 1713/1713/1713 1714/1714/1714
f 1692/1692/1692 1714/1714/1714 1693/1693/1693
f 1693/1693/1693 1714/1714/1714 1715/1715/1715
f 1693/1693/1693 1715/1715/1715 1694/1694/1694
f 1694/1694/1694 1715/1715/1715 1716/1716/1716
f 1694/1694/1694 1716/1716/1716 1695/1695/1695
f 1695/1695/1695 1716/1716/1716 1717/1717/1717
f 1695/1695/1695 1717/1717/1717 1696/1696/1696
f 1696/1696/1696 1717/1717/1717 1718/1718/1718
f 1696/1696/1696 1718/1718/1718 1697/1697/1697
f 1697/1697/1697 1718/1718/1718 1719/1719/1719
f 1697/1697/1697 1719/1719/1719 1698/1698/1698
f 1698/1698/1698 1719/1719/1719 1720/1720/1720
f 1698/1698/1698 1720/1720/1720 1699/1699/1699
f 1699/1699/1699 1720/1720/1720 1721/1721/1721
f 1699/1699/1699 1721/1721/1721 1700/1700/1700
f 1700/1700/1700 1721/1721/1721 1722/1722/1722
f 1700/1700/1700 1722/1722/1722 1701/1701/1701
f 1702/1702/1702 1723/1723/1723 1724/1724/1724
f 1702/1702/1702 1724/1724/1724 1703/1703/1703
f 1703/1703/1703 1724/1724/1724 1725/1725/1725
f 1703/1703/1703 1725/1725/1725 1704/1704/1704
f 1704/1704/1704 1725/1725/1725 1726/1726/1726
f 1704/1704/1704 1726/1726/1726 1705/1705/1705
f 1705/1705/1705 1726/1726/1726 1727/1727/1727
f 1705/1705/1705 1727/1727/1727 1706/1706/1706
f 1706/1706/1706 1727/1727/1727 1728/1728/1728
f 1706/1706/1706 1728/1728/1728 1707/1707/1707
f 1707/1707/1707 1728/1728/1728 1729/1729/1729
f 1707/1707/1707 1729/1729/1729 1708/1708/1708
f 1708/1708/1708 1729/1729/1729 1730/1730/1730
f 1708/1708/1708 1730/1730/1730 1709/1709/1709
f 1709/1709/1709 1730/1730/1730 1731/1731/1731
f 1709/1709/1709 1731/1731/1731 1710/1710/1710
f 1710/1710/1710 1731/1731/1731 1732/1732/1732
f 1710/1710/1710 1732/1732/1732 1711/1711/1711
f 1711/1711/1711 1732/1732/1732 1733/1733/1733
f 1711/1711/1711 1733/1733/1733 1712/1712/1712
f 1712/1712/1712 1733/1733/1733 1734/1734/1734
f 1712/1712/1712 1734/1734/1734 1713/1713/1713
f 1713/1713/1713 1734/1734/1734 1735/1735/1735
f 1713/1713/1713 1735/1735/1735 1714/1714/1714
f 1714/1714/1714 1735/1735/1735 1736/1736/1736
f 1714/1714/1714 1736/1736/1736 1715/1715/1715
f 1715/1715/1715 1736/1736/1736 1737/1737/1737
f 1715/1715/1715 1737/1737/1737 1716/1716/1716
f 1716/1716/1716 1737/1737/1737 1738/1738/1738
f 1716/1716/1716 1738/1738/1738 1717/1717/1717
f 1717/1717/1717 1738/1738/1738 1739/1739/1739
f 1717/1717/1717 1739/1739/1739 1718/1718/1718
f 1718/1718/1718 1739/1739/1739 1740/1740/1740
f 1718/1718/1718 1740/1740/1740 1719/1719/1719
f 1719/1719/1719 1740/1740/1740 1741/1741/1741
f 1719/1719/1719 1741/1741/1741 1720/1720/1720
f 1720/1720/1720 1741/1741/1741 1742/1742/1742
f 1720/1720/1720 1742/1742/1742 1721/1721/1721
f 1721/1721/1721 1742/1742/1742 1743/1743/1743
f 1721/1721/1721 1743/1743/1743 1722/1722/1722
f 1723/1723/1723 1744/1744/1744 1745/1745/1745
f 1723/1723/1723 1745/1745/1745 1724/1724/1724
f 1724/1724/1724 1745/1745/1745 1746/1746/1746
f 1724/1724/1724 1746/1746/1746 1725/1725/1725
f 1725/1725/1725 1746/1746/1746 1747/1747/1747
f 1725/1725/1725 1747/1747/1747 1726/1726/1726
f 1726/1726/1726 1747/1747/1747 1748/1748/1748
f 1726/1726/1726 1748/1748/1748 1727/1727/1727
f 1727/1727/1727 1748/1748/1748 1749/1749/1749
f 1727/1727/1727 1749/1749/1749 1728/1728/1728
f 1728/1728/1728 1749/1749/1749 1750/1750/1750
f 1728/1728/1728 1750/1750/1750 1729/1729/1729
f 1729/1729/1729 1750/1750/1750 1751/1751/1751
f 1729/1729/1729 1751/1751/1751 1730/1730/1730
f 1730/1730/1730 1751/1751/1751 1752/1752/1752
f 1730/1730/1730 1752/1752/1752 1731/1731/1731
f 1731/1731/1731 1752/1752/1752 1753/1753/1753
f 1731/1731/1731 1753/1753/1753 1732/1732/1732
f 1732/1732/1732 1753/1753/1753 1754/1754/1754
f 1732/1732/1732 1754/1754/1754 1733/1733/1733
f 1733/1733/1733 1754/1754/1754 1755/1755/1755
f 1733/1733/1733 1755/1755/1755 1734/1734/1734
f 1734/1734/1734 1755/1755/1755 1756/1756/1756
f 1734/1734/1734 1756/1756/1756 1735/1735/1735
f 1735/1735/1735 1756/1756/1756 1757/1757/1757
f 1735/1735/1735 1757/1757/1757 1736/1736/1736
f 1736/1736/1736 1757/1757/1757 1758/1758/1758
f 1736/1736/1736 1758/1758/1758 1737/1737/1737
f 1737/1737/1737 1758/1758/1758 1759/1759/1759
f 1737/1737/1737 1759/1759/1759 1738/1738/1738
f 1738/1738/1738 1759/1759/1759 1760/1760/1760
f 1738/1738/1738 1760/1760/1760 1739/1739/1739
f 1739/1739/1739 1760/1760/1760 1761/1761/1761
f 1739/1739/1739 1761/1761/1761 1740/1740/1740
f 1740/1740/1740 1761/1761/1761 1762/1762/1762
f 1740/1740/1740 1762/1762/1762 1741/1741/1741
f 1741/1741/1741 1762/1762/1762 1763/1763/1763
f 1741/1741/1741 1763/1763/1763 1742/1742/1742
f 1742/1742/1742 1763/1763/1763 1764/1764/1764
f 1742/1742/1742 1764/1764/1764 1743/1743/1743
f 1765/1765/1765 1786/1786/1786 1787/1787/1787
f 1765/1765/1765 1787/1787/1787 1766/1766/1766
f 1766/1766/1766 1787/1787/1787 1788/1788/1788
f 1766/1766/1766 1788/1788/1788 1767/1767/1767
f 1767/1767/1767 1788/1788/1788 1789/1789/1789
f 1767/1767/1767 1789/1789/1789 1768/1768/1768
f 1768/1768/1768 1789/1789/1789 1790/1790/1790
f 1768/1768/1768 1790/1790/1790 1769/1769/1769
f 1769/1769/1769 1790/1790/1790 1791/1791/1791
f 1769/1769/1769 1791/1791/1791 1770/1770/1770
f 1770/1770/1770 1791/1791/1791 1792/1792/1792
f 1770/1770/1770 1792/1792/1792 1771/1771/1771
f 1771/1771/1771 1792/1792/1792 1793/1793/1793
f 1771/1771/1771 1793/1793/1793 1772/1772/1772
f 1772/1772/1772 1793/1793/1793 1794/1794/1794
f 1772/1772/1772 1794/1794/1794 1773/1773/1773
f 1773/1773/1773 1794/1794/1794 1795/1795/1795
f 1773/1773/1773 1795/1795/1795 1774/1774/1774
f 1774/1774/1774 1795/1795/1795 1796/1796/1796
f 1774/1774/1774 1796/1796/1796 1775/1775/1775
f 1775/1775/1775 1796/1796/1796 1797/1797/1797
f 1775/1775/1775 1797/1797/1797 1776/1776/1776
f 1776/1776/1776 1797/1797/1797 1798/1798/1798
f 1776/1776/1776 1798/1798/1798 1777/1777/1777
f 1777/1777/1777 1798/1798/1798 1799/1799/1799
f 1777/1777/1777 1799/1799/1799 1778/1778/1778
f 1778/1778/1778 1799/1799/1799 1800/1800/1800
f 1778/1778/1778 1800/1800/1800 1779/1779/1779
f 1779/1779/1779 1800/1800/1800 1801/1801/1801
f 1779/1779/1779 1801/1801/1801 1780/1780/1780
f 1780/1780/1780 1801/1801/1801 1802/1802/1802
f 1780/1780/1780 1802/1802/1802 1781/1781/1781
f 1781/1781/1781 1802/1802/1802 1803/1803/1803
f 1781/1781/1781 1803/1803/1803 1782/1782/1782
f 1782/1782/1782 1803/1803/1803 1804/1804/1804
f 1782/1782/1782 1804/1804/1804 1783/1783/1783
f 1783/1783/1783 1804/1804/1804 1805/1805/1805
f 1783/1783/1783 1805/1805/1805 1784/1784/1784
f 1784/1784/1784 1805/1805/1805 1806/1806/1806
f 1784/1784/1784 1806/1806/1806 1785/1785/1785
f 1786/1786/1786 1807/1807/1807 1808/1808/1808
f 1786/1786/1786 1808/1808/1808 1787/1787/1787
f 1787/1787/1787 1808/1808/1808 1809/1809/1809
f 1787/1787/1787 1809/1809/1809 1788/1788/1788
f 1788/1788/1788 1809/1809/1809 1810/1810/1810
f 1788/1788/1788 1810/1810/1810 1789/1789/1789
f 1789/1789/1789 1810/1810/1810 1811/1811/1811
f 1789/1789/1789 1811/1811/1811 1790/1790/1790
f 1790/1790/1790 1811/1811/1811 1812/1812/1812
f 1790/1790/1790 1812/1812/1812 1791/1791/1791
f 1791/1791/1791 1812/1812/1812 1813/1813/1813
f 1791/1791/1791 1813/1813/1813 1792/1792/1792
f 1792/1792/1792 1813/1813/1813 1814/1814/1814
f 1792/1792/1792 1814/1814/1814 1793/1793/1793
f 1793/1793/1793 1814/1814/1814 1815/1815/1815
f 1793/1793/1793 1815/1815/1815 1794/1794/1794
f 1794/1794/1794 1815/1815/1815 1816/1816/1816
f 1794/1794/1794 1816/1816/1816 1795/1795/1795
f 1795/1795/1795 1816/1816/1816 1817/1817/1817
f 1795/1795/1795 1817/1817/1817 1796/1796/1796
f 1796/1796/1796 1817/1817/1817 1818/1818/1818
f 1796/1796/1796 1818/1818/1818 1797/1797/1797
f 1797/1797/1797 1818/1818/1818 1819/1819/1819
f 1797/1797/1797 1819/1819/1819 1798/1798/1798
f 1798/1798/1798 1819/1819/1819 1820/1820/1820
f 1798/1798/1798 1820/1820/1820 1799/1799/1799
f 1799/1799/1799 1820/1820/1820 1821/1821/1821
f 1799/1799/1799 1821/1821/1821 1800/1800/1800
f 1800/1800/1800 1821/1821/1821 1822/1822/1822
f 1800/1800/1800 1822/1822/1822 1801/1801/1801
f 1801/1801/1801 1822/1822/1822 1823/1823/1823
f 1801/1801/1801 1823/1823/1823 1802/1802/1802
f 1802/1802/1802 1823/1823/1823 1824/1824/1824
f 1802/1802/1802 1824/1824/1824 1803/1803/1803
f 1803/1803/1803 1824/1824/1824 1825/1825/1825
f 1803/1803/1803 1825/1825/1825 1804/1804/1804
f 1804/1804/1804 1825/1825/1825 1826/1826/1826
f 1804/1804/1804 1826/1826/1826 1805/1805/1805
f 1805/1805/1805 1826/1826/1826 1827/1827/1827
f 1805/1805/1805 1827/1827/1827 1806/1806/1806
f 1807/1807/1807 1828/1828/1828 1829/1829/1829
f 1807/1807/1807 1829/1829/1829 1808/1808/1808
f 1808/1808/1808 1829/1829/1829 1830/1830/1830
f 1808/1808/1808 1830/1830/1830 1809/1809/1809
f 1809/1809/1809 1830/1830/1830 1831/1831/1831
f 1809/1809/1809 1831/1831/1831 1810/1810/1810
f 1810/1810/1810 1831/1831/1831 1832/1832/1832
f 1810/1810/1810 1832/1832/1832 1811/1811/1811
f 1811/1811/1811 1832/1832/1832 1833/1833/1833
f 1811/1811/1811 1833/1833/1833 1812/1812/1812
f 1812/1812/1812 1833/1833/1833 1834/1834/1834
f 1812/1812/1812 1834/1834/1834 1813/1813/1813
f 1813/1813/1813 1834/1834/1834 1835/1835/1835
f 1813/1813/1813 1835/1835/1835 1814/1814/1814
f 1814/1814/1814 1835/1835/1835 1836/1836/1836
f 1814/1814/1814 1836/1836/1836 1815/1815/1815
f 1815/1815/1815 1836/1836/1836 1837/1837/1837
f 1815/1815/1815 1837/1837/1837 1816/1816/1816
f 1816/1816/1816 1837/1837/1837 1838/1838/1838
f 1816/1816/1816 1838/1838/1838 1817/1817/1817
f 1817/1817/1817 1838/1838/1838 1839/1839/1839
f 1817/1817/1817 1839/1839/1839 1818/1818/1818
f 1818/1818/1818 1839/1839/1839 1840/1840/1840
f 1818/1818/1818 1840/1840/1840 1819/1819/1819
f 1819/1819/1819 1840/1840/1840 1841/1841/1841
f 1819/1819/1819 1841/1841/1841 1820/1820/1820
f 1820/1820/1820 1841/1841/1841 1842/1842/1842
f 1820/1820/1820 1842/1842/1842 1821/1821/1821
f 1821/1821/1821 1842/1842/1842 1843/1843/1843
f 1821/1821/1821 1843/1843/1843 1822/1822/1822
f 1822/1822/1822 1843/1843/1843 1844/1844/1844
f 1822/1822/1822 1844/1844/1844 1823/1823/1823
f 1823/1823/1823 1844/1844/1844 1845/1845/1845
f 1823/1823/1823 1845/1845/1845 1824/1824/1824
f 1824/1824/1824 1845/1845/1845 1846/1846/1846
f 1824/1824/1824 1846/1846/1846 1825/1825/1825
f 1825/1825/1825 1846/1846/1846 1847/1847/1847
f 1825/1825/1825 1847/1847/1847 1826/1826/1826
f 1826/1826/1826 1847/1847/1847 1848/1848/1848
f 1826/1826/1826 1848/1848/1848 1827/1827/1827
f 1828/1828/1828 1849/1849/1849 1850/1850/1850
f 1828/1828/1828 1850/1850/1850 1829/1829/1829
f 1829/1829/1829 1850/1850/1850 1851/1851/1851
f 1829/1829/1829 1851/1851/1851 1830/1830/1830
f 1830/1830/1830 1851/1851/1851 1852/1852/1852
f 1830/1830/1830 1852/1852/1852 1831/1831/1831
f 1831/1831/1831 1852/1852/1852 1853/1853/1853
f 1831/1831/1831 1853/1853/1853 1832/1832/1832
f 1832/1832/1832 1853/1853/1853 1854/1854/1854
f 1832/1832/1832 1854/1854/1854 1833/1833/1833
f 1833/1833/1833 1854/1854/1854 1855/1855/1855
f 1833/1833/1833 1855/1855/1855 1834/1834/1834
f 1834/1834/1834 1855/1855/1855 1856/1856/1856
f 1834/1834/1834 1856/1856/1856 1835/1835/1835
f 1835/1835/1835 1856/1856/1856 1857/1857/1857
f 1835/1835/1835 1857/1857/1857 1836/1836/1836
f 1836/1836/1836 1857/1857/1857 1858/1858/1858
f 1836/1836/1836 1858/1858/1858 1837/1837/1837
f 1837/1837/1837 1858/1858/1858 1859/1859/1859
f 1837/1837/1837 1859/1859/1859 1838/1838/1838
f 1838/1838/1838 1859/1859/1859 1860/1860/1860
f 1838/1838/1838 1860/1860/1860 1839/1839/1839
f 1839/1839/1839 1860/1860/1860 1861/1861/1861
f 1839/1839/1839 1861/1861/1861 1840/1840/1840
f 1840/1840/1840 1861/1861/1861 1862/1862/1862
f 1840/1840/1840 1862/1862/1862 1841/1841/1841
f 1841/1841/1841 1862/1862/1862 1863/1863/1863
f 1841/1841/1841 1863/1863/1863 1842/1842/1842
f 1842/1842/1842 1863/1863/1863 1864/1864/1864
f 1842/1842/1842 1864/1864/1864 1843/1843/1843
f 1843/1843/1843 1864/1864/1864 1865/1865/1865
f 1843/1843/1843 1865/1865/1865 1844/1844/1844
f 1844/1844/1844 1865/1865/1865 1866/1866/1866
f 1844/1844/1844 1866/1866/1866 1845/1845/1845
f 1845/1845/1845 1866/1866/1866 1867/1867/1867
f 1845/1845/1845 1867/1867/1867 1846/1846/1846
f 1846/1846/1846 1867/1867/1867 1868/1868/1868
f 1846/1846/1846 1868/1868/1868 1847/1847/1847
f 1847/1847/1847 1868/1868/1868 1869/1869/1869
f 1847/1847/1847 1869/1869/1869 1848/1848/1848
f 1849/1849/1849 1870/1870/1870 1871/1871/1871
f 1849/1849/1849 1871/1871/1871 1850/1850/1850
f 1850/1850/1850 1871/1871/1871 1872/1872/1872
f 1850/1850/1850 1872/1872/1872 1851/1851/1851
f 1851/1851/1851 1872/1872/1872 1873/1873/1873
f 1851/1851/1851 1873/1873/1873 1852/1852/1852
f 1852/1852/1852 1873/1873/1873 1874/1874/1874
f 1852/1852/1852 1874/1874/1874 1853/1853/1853
f 1853/1853/1853 1874/1874/1874 1875/1875/1875
f 1853/1853/1853 1875/1875/1875 1854/1854/1854
f 1854/1854/1854 1875/1875/1875 1876/1876/1876
f 1854/1854/1854 1876/1876/1876 1855/1855/1855
f 1855/1855/1855 1876/1876/1876 1877/1877/1877
f 1855/1855/1855 1877/1877/1877 1856/1856/1856
f 1856/1856/1856 1877/1877/1877 1878/1878/1878
f 1856/1856/1856 1878/1878/1878 1857/1857/1857
f 1857/1857/1857 1878/1878/1878 1879/1879/1879
f 1857/1857/1857 1879/1879/1879 1858/1858/1858
f 1858/1858/1858 1879/1879/1879 1880/1880/1880
f 1858/1858/1858 1880/1880/1880 1859/1859/1859
f 1859/1859/1859 1880/1880/1880 1881/1881/1881
f 1859/1859/1859 1881/1881/1881 1860/1860/1860
f 1860/1860/1860 1881/1881/1881 1882/1882/1882
f 1860/1860/1860 1882/1882/1882 1861/1861/1861
f 1861/1861/1861 1882/1882/1882 1883/1883/1883
f 1861/1861/1861 1883/1883/1883 1862/1862/1862
f 1862/1862/1862 1883/1883/1883 1884/1884/1884
f 1862/1862/1862 1884/1884/1884 1863/1863/1863
f 1863/1863/1863 1884/1884/1884 1885/1885/1885
f 1863/1863/1863 1885/1885/1885 1864/1864/1864
f 1864/1864/1864 1885/1885/1885 1886/1886/1886
f 1864/1864/1864 1886/1886/1886 1865/1865/1865
f 1865/1865/1865 1886/1886/1886 1887/1887/1887
f 1865/1865/1865 1887/1887/1887 1866/1866/1866
f 1866/1866/1866 1887/1887/1887 1888/1888/1888
f 1866/1866/1866 1888/1888/1888 1867/1867/1867
f 1867/1867/1867 1888/1888/1888 1889/1889/1889
f 1867/1867/1867 1889/1889/1889 1868/1868/1868
f 1868/1868/1868 1889/1889/1889 1890/1890/1890
f 1868/1868/1868 1890/1890/1890 1869/1869/1869
f 1870/1870/1870 1891/1891/1891 1892/1892/1892
f 1870/1870/1870 1892/1892/1892 1871/1871/1871
f 1871/1871/1871 1892/1892/1892 1893/1893/1893
f 1871/1871/1871 1893/1893/1893 1872/1872/1872
f 1872/1872/1872 1893/1893/1893 1894/1894/1894
f 1872/1872/1872 1894/1894/1894 1873/1873/1873
f 1873/1873/1873 1894/1894/1894 1895/1895/1895
f 1873/1873/1873 1895/1895/1895 1874/1874/1874
f 1874/1874/1874 1895/1895/1895 1896/1896/1896
f 1874/1874/1874 1896/1896/1896 1875/1875/1875
f 1875/1875/1875 1896/1896/1896 1897/1897/1897
f 1875/1875/1875 1897/1897/1897 1876/1876/1876
f 1876/1876/1876 1897/1897/1897 1898/1898/1898
f 1876/1876/1876 1898/1898/1898 1877/1877/1877
f 1877/1877/1877 1898/1898/1898 1899/1899/1899
f 1877/1877/1877 1899/1899/1899 1878/1878/1878
f 1878/1878/1878 1899/1899/1899 1900/1900/1900
f 1878/1878/1878 1900/1900/1900 1879/1879/1879
f 1879/1879/1879 1900/1900/1900 1901/1901/1901
f 1879/1879/1879 1901/1901/1901 1880/1880/1880
f 1880/1880/1880 1901/1901/1901 1902/1902/1902
f 1880/1880/1880 1902/1902/1902 1881/1881/1881
f 1881/1881/1881 1902/1902/1902 1903/1903/1903
f 1881/1881/1881 1903/1903/1903 1882/1882/1882
f 1882/1882/1882 1903/1903/1903 1904/1904/1904
f 1882/1882/1882 1904/1904/1904 1883/1883/1883
f 1883/1883/1883 1904/1904/1904 1905/1905/1905
f 1883/1883/1883 1905/1905/1905 1884/1884/1884
f 1884/1884/1884 1905/1905/1905 1906/1906/1906
f 1884/1884/1884 1906/1906/1906 1885/1885/1885
f 1885/1885/1885 1906/1906/1906 1907/1907/1907
f 1885/1885/1885 1907/1907/1907 1886/1886/1886
f 1886/1886/1886 1907/1907/1907 1908/1908/1908
f 1886/1886/1886 1908/1908/1908 1887/1887/1887
f 1887/1887/1887 1908/1908/1908 1909/1909/1909
f 1887/1887/1887 1909/1909/1909 1888/1888/1888
f 1888/1888/1888 1909/1909/1909 1910/1910/1910
f 1888/1888/1888 1910/1910/1910 1889/1889/1889
f 1889/1889/1889 1910/1910/1910 1911/1911/1911
f 1889/1889/1889 1911/1911/1911 1890/1890/1890
f 1891/1891/1891 1912/1912/1912 1913/1913/1913
f 1891/1891/1891 1913/1913/1913 1892/1892/1892
f 1892/1892/1892 1913/1913/1913 1914/1914/1914
f 1892/1892/1892 1914/1914/1914 1893/1893/1893
f 1893/1893/1893 1914/1914/1914 1915/1915/1915
f 1893/1893/1893 1915/1915/1915 1894/1894/1894
f 1894/1894/1894 1915/1915/1915 1916/1916/1916
f 1894/1894/1894 1916/1916/1916 1895/1895/1895
f 1895/1895/1895 1916/1916/1916 1917/1917/1917
f 1895/1895/1895 1917/1917/1917 1896/1896/1896
f 1896/1896/1896 1917/1917/1917 1918/1918/1918
f 1896/1896/1896 1918/1918/1918 1897/1897/1897
f 1897/1897/1897 1918/1918/1918 1919/1919/1919
f 1897/1897/1897 1919/1919/1919 1898/1898/1898
f 1898/1898/1898 1919/1919/1919 1920/1920/1920
f 1898/1898/1898 1920/1920/1920 1899/1899/1899
f 1899/1899/1899 1920/1920/1920 1921/1921/1921
f 1899/1899/1899 1921/1921/1921 1900/1900/1900
f 1900/1900/1900 1921/1921/1921 1922/1922/1922
f 1900/1900/1900 1922/1922/1922 1901/1901/1901
f 1901/1901/1901 1922/1922/1922 1923/1923/1923
f 1901/1901/1901 1923/1923/1923 1902/1902/1902
f 1902/1902/1902 1923/1923/1923 1924/1924/1924
f 1902/1902/1902 1924/1924/1924 1903/1903/1903
f 1903/1903/1903 1924/1924/1924 1925/1925/1925
f 1903/1903/1903 1925/1925/1925 1904/1904/1904
f 1904/1904/1904 1925/1925/1925 1926/1926/1926
f 1904/1904/1904 1926/1926/1926 1905/1905/1905
f 1905/1905/1905 1926/1926/1926 1927/1927/1927
f 1905/1905/1905 1927/1927/1927 1906/1906/1906
f 1906/1906/1906 1927/1927/1927 1928/1928/1928
f 1906/1906/1906 1928/1928/1928 1907/1907/1907
f 1907/1907/1907 1928/1928/1928 1929/1929/1929
f 1907/1907/1907 1929/1929/1929 1908/1908/1908
f 1908/1908/1908 1929/1929/1929 1930/1930/1930
f 1908/1908/1908 1930/1930/1930 1909/1909/1909
f 1909/1909/1909 1930/1930/1930 1931/1931/1931
f 1909/1909/1909 1931/1931/1931 1910/1910/1910
f 1910/1910/1910 1931/1931/1931 1932/1932/1932
f 1910/1910/1910 1932/1932/1932 1911/1911/1911
f 1912/1912/1912 1933/1933/1933 1934/1934/1934
f 1912/1912/1912 1934/1934/1934 1913/1913/1913
f 1913/1913/1913 1934/1934/1934 1935/1935/1935
f 1913/1913/1913 1935/1935/1935 1914/1914/1914
f 1914/1914/1914 1935/1935/1935 1936/1936/1936
f 1914/1914/1914 1936/1936/1936 1915/1915/1915
f 1915/1915/1915 1936/1936/1936 1937/1937/1937
f 1915/1915/1915 1937/1937/1937 1916/1916/1916
f 1916/1916/1916 1937/1937/1937 1938/1938/1938
f 1916/1916/1916 1938/1938/1938 1917/1917/1917
f 1917/1917/1917 1938/1938/1938 1939/1939/1939
f 1917/1917/1917 1939/1939/1939 1918/1918/1918
f 1918/1918/1918 1939/1939/1939 1940/1940/1940
f 1918/1918/1918 1940/1940/1940 1919/1919/1919
f 1919/1919/1919 1940/1940/1940 1941/1941/1941
f 1919/1919/1919 1941/1941/1941 1920/1920/1920
f 1920/1920/1920 1941/1941/1941 1942/1942/1942
f 1920/1920/1920 1942/1942/1942 1921/1921/1921
f 1921/1921/1921 1942/1942/1942 1943/1943/1943
f 1921/1921/1921 1943/1943/1943 1922/1922/1922
f 1922/1922/1922 1943/1943/1943 1944/1944/1944
f 1922/1922/1922 1944/1944/1944 1923/1923/1923
f 1923/1923/1923 1944/1944/1944 1945/1945/1945
f 1923/1923/1923 1945/1945/1945 1924/1924/1924
f 1924/1924/1924 1945/1945/1945 1946/1946/1946
f 1924/1924/1924 1946/1946/1946 1925/1925/1925
f 1925/1925/1925 1946/1946/1946 1947/1947/1947
f 1925/1925/1925 1947/1947/1947 1926/1926/1926
f 1926/1926/1926 1947/1947/1947 1948/1948/1948
f 1926/1926/1926 1948/1948/1948 1927/1927/1927
f 1927/1927/1927 1948/1948/1948 1949/1949/1949
f 1927/1927/1927 1949/1949/1949 1928/1928/1928
f 1928/1928/1928 1949/1949/1949 1950/1950/1950
f 1928/1928/1928 1950/1950/1950 1929/1929/1929
f 1929/1929/1929 1950/1950/1950 1951/1951/1951
f 1929/1929/1929 1951/1951/1951 1930/1930/1930
f 1930/1930/1930 1951/1951/1951 1952/1952/1952
f 1930/1930/1930 1952/1952/1952 1931/1931/1931
f 1931/1931/1931 1952/1952/1952 1953/1953/1953
f 1931/1931/1931 1953/1953/1953 1932/1932/1932
f 1933/1933/1933 1954/1954/1954 1955/1955/1955
f 1933/1933/1933 1955/1955/1955 1934/1934/1934
f 1934/1934/1934 1955/1955/1955 1956/1956/1956
f 1934/1934/1934 1956/1956/1956 1935/1935/1935
f 1935/1935/1935 1956/1956/1956 1957/1957/1957
f 1935/1935/1935 1957/1957/1957 1936/1936/1936
f 1936/1936/1936 1957/1957/1957 1958/1958/1958
f 1936/1936/1936 1958/1958/1958 1937/1937/1937
f 1937/1937/1937 1958/1958/1958 1959/1959/1959
f 1937/1937/1937 1959/1959/1959 1938/1938/1938
f 1938/1938/1938 1959/1959/1959 1960/1960/1960
f 1938/1938/1938 1960/1960/1960 1939/1939/1939
f 1939/1939/1939 1960/1960/1960 1961/1961/1961
f 1939/1939/1939 1961/1961/1961 1940/1940/1940
f 1940/1940/1940 1961/1961/1961 1962/1962/1962
f 1940/1940/1940 1962/1962/1962 1941/1941/1941
f 1941/1941/1941 1962/1962/1962 1963/1963/1963
f 1941/1941/1941 1963/1963/1963 1942/1942/1942
f 1942/1942/1942 1963/1963/1963 1964/1964/1964
f 1942/1942/1942 1964/1964/1964 1943/1943/1943
f 1943/1943/1943 1964/1964/1964 1965/1965/1965
f 1943/1943/1943 1965/1965/1965 1944/1944/1944
f 1944/1944/1944 1965/1965/1965 1966/1966/1966
f 1944/1944/1944 1966/1966/1966 1945/1945/1945
f 1945/1945/1945 1966/1966/1966 1967/1967/1967
f 1945/1945/1945 1967/1967/1967 1946/1946/1946
f 1946/1946/1946 1967/1967/1967 1968/1968/1968
f 1946/1946/1946 1968/1968/1968 1947/1947/1947
f 1947/1947/1947 1968/1968/1968 1969/1969/1969
f 1947/1947/1947 1969/1969/1969 1948/1948/1948
f 1948/1948/1948 1969/1969/1969 1970/1970/1970
f 1948/1948/1948 1970/1970/1970 1949/1949/1949
f 1949/1949/1949 1970/1970/1970 1971/1971/1971
f 1949/1949/1949 1971/1971/1971 1950/1950/1950
f 1950/1950/1950 1971/1971/1971 1972/1972/1972
f 1950/1950/1950 1972/1972/1972 1951/1951/1951
f 1951/1951/1951 1972/1972/1972 1973/1973/1973
f 1951/1951/1951 1973/1973/1973 1952/1952/1952
f 1952/1952/1952 1973/1973/1973 1974/1974/1974
f 1952/1952/1952 1974/1974/1974 1953/1953/1953
f 1954/1954/1954 1975/1975/1975 1976/1976/1976
f 1954/1954/1954 1976/1976/1976 1955/1955/1955
f 1955/1955/1955 1976/1976/1976 1977/1977/1977
f 1955/1955/1955 1977/1977/1977 1956/1956/1956
f 1956/1956/1956 1977/1977/1977 1978/1978/1978
f 1956/1956/1956 1978/1978/1978 1957/1957/1957
f 1957/1957/1957 1978/1978/1978 1979/1979/1979
f 1957/1957/1957 1979/1979/1979 1958/1958/1958
f 1958/1958/1958 1979/1979/1979 1980/1980/1980
f 1958/1958/1958 1980/1980/1980 1959/1959/1959
f 1959/1959/1959 1980/1980/1980 1981/1981/1981
f 1959/1959/1959 1981/1981/1981 1960/1960/1960
f 1960/1960/1960 1981/1981/1981 1982/1982/1982
f 1960/1960/1960 1982/1982/1982 1961/1961/1961
f 1961/1961/1961 1982/1982/1982 1983/1983/1983
f 1961/1961/1961 1983/1983/1983 1962/1962/1962
f 1962/1962/1962 1983/1983/1983 1984/1984/1984
f 1962/1962/1962 1984/1984/1984 1963/1963/1963
f 1963/1963/1963 1984/1984/1984 1985/1985/1985
f 1963/1963/1963 1985/1985/1985 1964/1964/1964
f 1964/1964/1964 1985/1985/1985 1986/1986/1986
f 1964/1964/1964 1986/1986/1986 1965/1965/1965
f 1965/1965/1965 1986/1986/1986 1987/1987/1987
f 1965/1965/1965 1987/1987/1987 1966/1966/1966
f 1966/1966/1966 1987/1987/1987 1988/1988/1988
f 1966/1966/1966 1988/1988/1988 1967/1967/1967
f 1967/1967/1967 1988/1988/1988 1989/1989/1989
f 1967/1967/1967 1989/1989/1989 1968/1968/1968
f 1968/1968/1968 1989/1989/1989 1990/1990/1990
f 1968/1968/1968 1990/1990/1990 1969/1969/1969
f 1969/1969/1969 1990/1990/1990 1991/1991/1991
f 1969/1969/1969 1991/1991/1991 1970/1970/1970
f 1970/1970/1970 1991/1991/1991 1992/1992/1992
f 1970/1970/1970 1992/1992/1992 1971/1971/1971
f 1971/1971/1971 1992/1992/1992 1993/1993/1993
f 1971/1971/1971 1993/1993/1993 1972/1972/1972
f 1972/1972/1972 1993/1993/1993 1994/1994/1994
f 1972/1972/1972 1994/1994/1994 1973/1973/1973
f 1973/1973/1973 1994/1994/1994 1995/1995/1995
f 1973/1973/1973 1995/1995/1995 1974/1974/1974
f 1975/1975/1975 1996/1996/1996 1997/1997/1997
f 1975/1975/1975 1997/1997/1997 1976/1976/1976
f 1976/1976/1976 1997/1997/1997 1998/1998/1998
f 1976/1976/1976 1998/1998/1998 1977/1977/1977
f 1977/1977/1977 1998/1998/1998 1999/1999/1999
f 1977/1977/1977 1999/1999/1999 1978/1978/1978
f 1978/1978/1978 1999/1999/1999 2000/2000/2000
f 1978/1978/1978 2000/2000/2000 1979/1979/1979
f 1979/1979/1979 2000/2000/2000 2001/2001/2001
f 1979/1979/1979 2001/2001/2001 1980/1980/1980
f 1980/1980/1980 2001/2001/2001 2002/2002/2002
f 1980/1980/1980 2002/2002/2002 1981/1981/1981
f 1981/1981/1981 2002/2002/2002 2003/2003/2003
f 1981/1981/1981 2003/2003/2003 1982/1982/1982
f 1982/1982/1982 2003/2003/2003 2004/2004/2004
f 1982/1982/1982 2004/2004/2004 1983/1983/1983
f 1983/1983/1983 2004/2004/2004 2005/2005/2005
f 1983/1983/1983 2005/2005/2005 1984/1984/1984
f 1984/1984/1984 2005/2005/2005 2006/2006/2006
f 1984/1984/1984 2006/2006/2006 1985/1985/1985
f 1985/1985/1985 2006/2006/2006 2007/2007/2007
f 1985/1985/1985 2007/2007/2007 1986/1986/1986
f 1986/1986/1986 2007/2007/2007 2008/2008/2008
f 1986/1986/1986 2008/2008/2008 1987/1987/1987
f 1987/1987/1987 2008/2008/2008 2009/2009/2009
f 1987/1987/1987 2009/2009/2009 1988/1988/1988
f 1988/1988/1988 2009/2009/2009 2010/2010/2010
f 1988/1988/1988 2010/2010/2010 1989/1989/1989
f 1989/1989/1989 2010/2010/2010 2011/2011/2011
f 1989/1989/1989 2011/2011/2011 1990/1990/1990
f 1990/1990/1990 2011/2011/2011 2012/2012/2012
f 1990/1990/1990 2012/2012/2012 1991/1991/1991
f 1991/1991/1991 2012/2012/2012 2013/2013/2013
f 1991/1991/1991 2013/2013/2013 1992/1992/1992
f 1992/1992/1992 2013/2013/2013 2014/2014/2014
f 1992/1992/1992 2014/2014/2014 1993/1993/1993
f 1993/1993/1993 2014/2014/2014 2015/2015/2015
f 1993/1993/1993 2015/2015/2015 1994/1994/1994
f 1994/1994/1994 2015/2015/2015 2016/2016/2016
f 1994/1994/1994 2016/2016/2016 1995/1995/1995
f 1996/1996/1996 2017/2017/2017 2018/2018/2018
f 1996/1996/1996 2018/2018/2018 1997/1997/1997
f 1997/1997/1997 2018/2018/2018 2019/2019/2019
f 1997/1997/1997 2019/2019/2019 1998/1998/1998
f 1998/1998/1998 2019/2019/2019 2020/2020/2020
f 1998/1998/1998 2020/2020/2020 1999/1999/1999
f 1999/1999/1999 2020/2020/2020 2021/2021/2021
f 1999/1999/1999 2021/2021/2021 2000/2000/2000
f 2000/2000/2000 2021/2021/2021 2022/2022/2022
f 2000/2000/2000 2022/2022/2022 2001/2001/2001
f 2001/2001/2001 2022/2022/2022 2023/2023/2023
f 2001/2001/2001 2023/2023/2023 2002/2002/2002
f 2002/2002/2002 2023/2023/2023 2024/2024/2024
f 2002/2002/2002 2024/2024/2024 2003/2003/2003
f 2003/2003/2003 2024/2024/2024 2025/2025/2025
f 2003/2003/2003 2025/2025/2025 2004/2004/2004
f 2004/2004/2004 2025/2025/2025 2026/2026/2026
f 2004/2004/2004 2026/2026/2026 2005/2005/2005
f 2005/2005/2005 2026/2026/2026 2027/2027/2027
f 2005/2005/2005 2027/2027/2027 2006/2006/2006
f 2006/2006/2006 2027/2027/2027 2028/2028/2028
f 2006/2006/2006 2028/2028/2028 2007/2007/2007
f 2007/2007/2007 2028/2028/2028 2029/2029/2029
f 2007/2007/2007 2029/2029/2029 2008/2008/2008
f 2008/2008/2008 2029/2029/2029 2030/2030/2030
f 2008/2008/2008 2030/2030/2030 2009/2009/2009
f 2009/2009/2009 2030/2030/2030 2031/2031/2031
f 2009/2009/2009 2031/2031/2031 2010/2010/2010
f 2010/2010/2010 2031/2031/2031 2032/2032/2032
f 2010/2010/2010 2032/2032/2032 2011/2011/2011
f 2011/2011/2011 2032/2032/2032 2033/2033/2033
f 2011/2011/2011 2033/2033/2033 2012/2012/2012
f 2012/2012/2012 2033/2033/2033 2034/2034/2034
f 2012/2012/2012 2034/2034/2034 2013/2013/2013
f 2013/2013/2013 2034/2034/2034 2035/2035/2035
f 2013/2013/2013 2035/2035/2035 2014/2014/2014
f 2014/2014/2014 2035/2035/2035 2036/2036/2036
f 2014/2014/2014 2036/2036/2036 2015/2015/2015
f 2015/2015/2015 2036/2036/2036 2037/2037/2037
f 2015/2015/2015 2037/2037/2037 2016/2016/2016
f 2017/2017/2017 2038/2038/2038 2039/2039/2039
f 2017/2017/2017 2039/2039/2039 2018/2018/2018
f 2018/2018/2018 2039/2039/2039 2040/2040/2040
f 2018/2018/2018 2040/2040/2040 2019/2019/2019
f 2019/2019/2019 2040/2040/2040 2041/2041/2041
f 2019/2019/2019 2041/2041/2041 2020/2020/2020
f 2020/2020/2020 2041/2041/2041 2042/2042/2042
f 2020/2020/2020 2042/2042/2042 2021/2021/2021
f 2021/2021/2021 2042/2042/2042 2043/2043/2043
f 2021/2021/2021 2043/2043/2043 2022/2022/2022
f 2022/2022/2022 2043/2043/2043 2044/2044/2044
f 2022/2022/2022 2044/2044/2044 2023/2023/2023
f 2023/2023/2023 2044/2044/2044 2045/2045/2045
f 2023/2023/2023 2045/2045/2045 2024/2024/2024
f 2024/2024/2024 2045/2045/2045 2046/2046/2046
f 2024/2024/2024 2046/2046/2046 2025/2025/2025
f 2025/2025/2025 2046/2046/2046 2047/2047/2047
f 2025/2025/2025 2047/2047/2047 2026/2026/2026
f 2026/2026/2026 2047/2047/2047 2048/2048/2048
f 2026/2026/2026 2048/2048/2048 2027/2027/2027
f 2027/2027/2027 2048/2048/2048 2049/2049/2049
f 2027/2027/2027 2049/2049/2049 2028/2028/2028
f 2028/2028/2028 2049/2049/2049 2050/2050/2050
f 2028/2028/2028 2050/2050/2050 2029/2029/2029
f 2029/2029/2029 2050/2050/2050 2051/2051/2051
f 2029/2029/2029 2051/2051/2051 2030/2030/2030
f 2030/2030/2030 2051/2051/2051 2052/2052/2052
f 2030/2030/2030 2052/2052/2052 2031/2031/2031
f 2031/2031/2031 2052/2052/2052 2053/2053/2053
f 2031/2031/2031 2053/2053/2053 2032/2032/2032
f 2032/2032/2032 2053/2053/2053 2054/2054/2054
f 2032/2032/2032 2054/2054/2054 2033/2033/2033
f 2033/2033/2033 2054/2054/2054 2055/2055/2055
f 2033/2033/2033 2055/2055/2055 2034/2034/2034
f 2034/2034/2034 2055/2055/2055 2056/2056/2056
f 2034/2034/2034 2056/2056/2056 2035/2035/2035
f 2035/2035/2035 2056/2056/2056 2057/2057/2057
f 2035/2035/2035 2057/2057/2057 2036/2036/2036
f 2036/2036/2036 2057/2057/2057 2058/2058/2058
f 2036/2036/2036 2058/2058/2058 2037/2037/2037
f 2038/2038/2038 2059/2059/2059 2060/2060/2060
f 2038/2038/2038 2060/2060/2060 2039/2039/2039
f 2039/2039/2039 2060/2060/2060 2061/2061/2061
f 2039/2039/2039 2061/2061/2061 2040/2040/2040
f 2040/2040/2040 2061/2061/2061 2062/2062/2062
f 2040/2040/2040 2062/2062/2062 2041/2041/2041
f 2041/2041/2041 2062/2062/2062 2063/2063/2063
f 2041/2041/2041 2063/2063/2063 2042/2042/2042
f 2042/2042/2042 2063/2063/2063 2064/2064/2064
f 2042/2042/2042 2064/2064/2064 2043/2043/2043
f 2043/2043/2043 2064/2064/2064 2065/2065/2065
f 2043/2043/2043 2065/2065/2065 2044/2044/2044
f 2044/2044/2044 2065/2065/2065 2066/2066/2066
f 2044/2044/2044 2066/2066/2066 2045/2045/2045
f 2045/2045/2045 2066/2066/2066 2067/2067/2067
f 2045/2045/2045 2067/2067/2067 2046/2046/2046
f 2046/2046/2046 2067/2067/2067 2068/2068/2068
f 2046/2046/2046 2068/2068/2068 2047/2047/2047
f 2047/2047/2047 2068/2068/2068 2069/2069/2069
f 2047/2047/2047 2069/2069/2069 2048/2048/2048
f 2048/2048/2048 2069/2069/2069 2070/2070/2070
f 2048/2048/2048 2070/2070/2070 2049/2049/2049
f 2049/2049/2049 2070/2070/2070 2071/2071/2071
f 2049/2049/2049 2071/2071/2071 2050/2050/2050
f 2050/2050/2050 2071/2071/2071 2072/2072/2072
f 2050/2050/2050 2072/2072/2072 2051/2051/2051
f 2051/2051/2051 2072/2072/2072 2073/2073/2073
f 2051/2051/2051 2073/2073/2073 2052/2052/2052
f 2052/2052/2052 2073/2073/2073 2074/2074/2074
f 2052/2052/2052 2074/2074/2074 2053/2053/2053
f 2053/2053/2053 2074/2074/2074 2075/2075/2075
f 2053/2053/2053 2075/2075/2075 2054/2054/2054
f 2054/2054/2054 2075/2075/2075 2076/2076/2076
f 2054/2054/2054 2076/2076/2076 2055/2055/2055
f 2055/2055/2055 2076/2076/2076 2077/2077/2077
f 2055/2055/2055 2077/2077/2077 2056/2056/2056
f 2056/2056/2056 2077/2077/2077 2078/2078/2078
f 2056/2056/2056 2078/2078/2078 2057/2057/2057
f 2057/2057/2057 2078/2078/2078 2079/2079/2079
f 2057/2057/2057 2079/2079/2079 2058/2058/2058
f 2059/2059/2059 2080/2080/2080 2081/2081/2081
f 2059/2059/2059 2081/2081/2081 2060/2060/2060
f 2060/2060/2060 2081/2081/2081 2082/2082/2082
f 2060/2060/2060 2082/2082/2082 2061/2061/2061
f 2061/2061/2061 2082/2082/2082 2083/2083/2083
f 2061/2061/2061 2083/2083/2083 2062/2062/2062
f 2062/2062/2062 2083/2083/2083 2084/2084/2084
f 2062/2062/2062 2084/2084/2084 2063/2063/2063
f 2063/2063/2063 2084/2084/2084 2085/2085/2085
f 2063/2063/2063 2085/2085/2085 2064/2064/2064
f 2064/2064/2064 2085/2085/2085 2086/2086/2086
f 2064/2064/2064 2086/2086/2086 2065/2065/2065
f 2065/2065/2065 2086/2086/2086 2087/2087/2087
f 2065/2065/2065 2087/2087/2087 2066/2066/2066
f 2066/2066/2066 2087/2087/2087 2088/2088/2088
f 2066/2066/2066 2088/2088/2088 2067/2067/2067
f 2067/2067/2067 2088/2088/2088 2089/2089/2089
f 2067/2067/2067 2089/2089/2089 2068/2068/2068
f 2068/2068/2068 2089/2089/2089 2090/2090/2090
f 2068/2068/2068 2090/2090/2090 2069/2069/2069
f 2069/2069/2069 2090/2090/2090 2091/2091/2091
f 2069/2069/2069 2091/2091/2091 2070/2070/2070
f 2070/2070/2070 2091/2091/2091 2092/2092/2092
f 2070/2070/2070 2092/2092/2092 2071/2071/2071
f 2071/2071/2071 2092/2092/2092 2093/2093/2093
f 2071/2071/2071 2093/2093/2093 2072/2072/2072
f 2072/2072/2072 2093/2093/2093 2094/2094/2094
f 2072/2072/2072 2094/2094/2094 2073/2073/2073
f 2073/2073/2073 2094/2094/2094 2095/2095/2095
f 2073/2073/2073 2095/2095/2095 2074/2074/2074
f 2074/2074/2074 2095/2095/2095 2096/2096/2096
f 2074/2074/2074 2096/2096/2096 2075/2075/2075
f 2075/2075/2075 2096/2096/2096 2097/2097/2097
f 2075/2075/2075 2097/2097/2097 2076/2076/2076
f 2076/2076/2076 2097/2097/2097 2098/2098/2098
f 2076/2076/2076 2098/2098/2098 2077/2077/2077
f 2077/2077/2077 2098/2098/2098 2099/2099/2099
f 2077/2077/2077 2099/2099/2099 2078/2078/2078
f 2078/2078/2078 2099/2099/2099 2100/2100/2100
f 2078/2078/2078 2100/2100/2100 2079/2079/2079
f 2080/2080/2080 2101/2101/2101 2102/2102/2102
f 2080/2080/2080 2102/2102/2102 2081/2081/2081
f 2081/2081/2081 2102/2102/2102 2103/2103/2103
f 2081/2081/2081 2103/2103/2103 2082/2082/2082
f 2082/2082/2082 2103/2103/2103 2104/2104/2104
f 2082/2082/2082 2104/2104/2104 2083/2083/2083
f 2083/2083/2083 2104/2104/2104 2105/2105/2105
f 2083/2083/2083 2105/2105/2105 2084/2084/2084
f 2084/2084/2084 2105/2105/2105 2106/2106/2106
f 2084/2084/2084 2106/2106/2106 2085/2085/2085
f 2085/2085/2085 2106/2106/2106 2107/2107/2107
f 2085/2085/2085 2107/2107/2107 2086/2086/2086
f 2086/2086/2086 2107/2107/2107 2108/2108/2108
f 2086/2086/2086 2108/2108/2108 2087/2087/2087
f 2087/2087/2087 2108/2108/2108 2109/2109/2109
f 2087/2087/2087 2109/2109/2109 2088/2088/2088
f 2088/2088/2088 2109/2109/2109 2110/2110/2110
f 2088/2088/2088 2110/2110/2110 2089/2089/2089
f 2089/2089/2089 2110/2110/2110 2111/2111/2111
f 2089/2089/2089 2111/2111/2111 2090/2090/2090
f 2090/2090/2090 2111/2111/2111 2112/2112/2112
f 2090/2090/2090 2112/2112/2112 2091/2091/2091
f 2091/2091/2091 2112/2112/2112 2113/2113/2113
f 2091/2091/2091 2113/2113/2113 2092/2092/2092
f 2092/2092/2092 2113/2113/2113 2114/2114/2114
f 2092/2092/2092 2114/2114/2114 2093/2093/2093
f 2093/2093/2093 2114/2114/2114 2115/2115/2115
f 2093/2093/2093 2115/2115/2115 2094/2094/2094
f 2094/2094/2094 2115/2115/2115 2116/2116/2116
f 2094/2094/2094 2116/2116/2116 2095/2095/2095
f 2095/2095/2095 2116/2116/2116 2117/2117/2117
f 2095/2095/2095 2117/2117/2117 2096/2096/2096
f 2096/2096/2096 2117/2117/2117 2118/2118/2118
f 2096/2096/2096 2118/2118/2118 2097/2097/2097
f 2097/2097/2097 2118/2118/2118 2119/2119/2119
f 2097/2097/2097 2119/2119/2119 2098/2098/2098
f 2098/2098/2098 2119/2119/2119 2120/2120/2120
f 2098/2098/2098 2120/2120/2120 2099/2099/2099
f 2099/2099/2099 2120/2120/2120 2121/2121/2121
f 2099/2099/2099 2121/2121/2121 2100/2100/2100
f 2101/2101/2101 2122/2122/2122 2123/2123/2123
f 2101/2101/2101 2123/2123/2123 2102/2102/2102
f 2102/2102/2102 2123/2123/2123 2124/2124/2124
f 2102/2102/2102 2124/2124/2124 2103/2103/2103
f 2103/2103/2103 2124/2124/2124 2125/2125/2125
f 2103/2103/2103 2125/2125/2125 2104/2104/2104
f 2104/2104/2104 2125/2125/2125 2126/2126/2126
f 2104/2104/2104 2126/2126/2126 2105/2105/2105
f 2105/2105/2105 2126/2126/2126 2127/2127/2127
f 2105/2105/2105 2127/2127/2127 2106/2106/2106
f 2106/2106/2106 2127/2127/2127 2128/2128/2128
f 2106/2106/2106 2128/2128/2128 2107/2107/2107
f 2107/2107/2107 2128/2128/2128 2129/2129/2129
f 2107/2107/2107 2129/2129/2129 2108/2108/2108
f 2108/2108/2108 2129/2129/2129 2130/2130/2130
f 2108/2108/2108 2130/2130/2130 2109/2109/2109
f 2109/2109/2109 2130/2130/2130 2131/2131/2131
f 2109/2109/2109 2131/2131/2131 2110/2110/2110
f 2110/2110/2110 2131/2131/2131 2132/2132/2132
f 2110/2110/2110 2132/2132/2132 2111/2111/2111
f 2111/2111/2111 2132/2132/2132 2133/2133/2133
f 2111/2111/2111 2133/2133/2133 2112/2112/2112
f 2112/2112/2112 2133/2133/2133 2134/2134/2134
f 2112/2112/2112 2134/2134/2134 2113/2113/2113
f 2113/2113/2113 2134/2134/2134 2135/2135/2135
f 2113/2113/2113 2135/2135/2135 2114/2114/2114
f 2114/2114/2114 2135/2135/2135 2136/2136/2136
f 2114/2114/2114 2136/2136/2136 2115/2115/2115
f 2115/2115/2115 2136/2136/2136 2137/2137/2137
f 2115/2115/2115 2137/2137/2137 2116/2116/2116
f 2116/2116/2116 2137/2137/2137 2138/2138/2138
f 2116/2116/2116 2138/2138/2138 2117/2117/2117
f 2117/2117/2117 2138/2138/2138 2139/2139/2139
f 2117/2117/2117 2139/2139/2139 2118/2118/2118
f 2118/2118/2118 2139/2139/2139 2140/2140/2140
f 2118/2118/2118 2140/2140/2140 2119/2119/2119
f 2119/2119/2119 2140/2140/2140 2141/2141/2141
f 2119/2119/2119 2141/2141/2141 2120/2120/2120
f 2120/2120/2120 2141/2141/2141 2142/2142/2142
f 2120/2120/2120 2142/2142/2142 2121/2121/2121
f 2122/2122/2122 2143/2143/2143 2144/2144/2144
f 2122/2122/2122 2144/2144/2144 2123/2123/2123
f 2123/2123/2123 2144/2144/2144 2145/2145/2145
f 2123/2123/2123 2145/2145/2145 2124/2124/2124
f 2124/2124/2124 2145/2145/2145 2146/2146/2146
f 2124/2124/2124 2146/2146/2146 2125/2125/2125
f 2125/2125/2125 2146/2146/2146 2147/2147/2147
f 2125/2125/2125 2147/2147/2147 2126/2126/2126
f 2126/2126/2126 2147/2147/2147 2148/2148/2148
f 2126/2126/2126 2148/2148/2148 2127/2127/2127
f 2127/2127/2127 2148/2148/2148 2149/2149/2149
f 2127/2127/2127 2149/2149/2149 2128/2128/2128
f 2128/2128/2128 2149/2149/2149 2150/2150/2150
f 2128/2128/2128 2150/2150/2150 2129/2129/2129
f 2129/2129/2129 2150/2150/2150 2151/2151/2151
f 2129/2129/2129 2151/2151/2151 2130/2130/2130
f 2130/2130/2130 2151/2151/2151 2152/2152/2152
f 2130/2130/2130 2152/2152/2152 2131/2131/2131
f 2131/2131/2131 2152/2152/2152 2153/2153/2153
f 2131/2131/2131 2153/2153/2153 2132/2132/2132
f 2132/2132/2132 2153/2153/2153 2154/2154/2154
f 2132/2132/2132 2154/2154/2154 2133/2133/2133
f 2133/2133/2133 2154/2154/2154 2155/2155/2155
f 2133/2133/2133 2155/2155/2155 2134/2134/2134
f 2134/2134/2134 2155/2155/2155 2156/2156/2156
f 2134/2134/2134 2156/2156/2156 2135/2135/2135
f 2135/2135/2135 2156/2156/2156 2157/2157/2157
f 2135/2135/2135 2157/2157/2157 2136/2136/2136
f 2136/2136/2136 2157/2157/2157 2158/2158/2158
f 2136/2136/2136 2158/2158/2158 2137/2137/2137
f 2137/2137/2137 2158/2158/2158 2159/2159/2159
f 2137/2137/2137 2159/2159/2159 2138/2138/2138
f 2138/2138/2138 2159/2159/2159 2160/2160/2160
f 2138/2138/2138 2160/2160/2160 2139/2139/2139
f 2139/2139/2139 2160/2160/2160 2161/2161/2161
f 2139/2139/2139 2161/2161/2161 2140/2140/2140
f 2140/2140/2140 2161/2161/2161 2162/2162/2162
f 2140/2140/2140 2162/2162/2162 2141/2141/2141
f 2141/2141/2141 2162/2162/2162 2163/2163/2163
f 2141/2141/2141 2163/2163/2163 2142/2142/2142
f 2143/2143/2143 2164/2164/2164 2165/2165/2165
f 2143/2143/2143 2165/2165/2165 2144/2144/2144
f 2144/2144/2144 2165/2165/2165 2166/2166/2166
f 2144/2144/2144 2166/2166/2166 2145/2145/2145
f 2145/2145/2145 2166/2166/2166 2167/2167/2167
f 2145/2145/2145 2167/2167/2167 2146/2146/2146
f 2146/2146/2146 2167/2167/2167 2168/2168/2168
f 2146/2146/2146 2168/2168/2168 2147/2147/2147
f 2147/2147/2147 2168/2168/2168 2169/2169/2169
f 2147/2147/2147 2169/2169/2169 2148/2148/2148
f 2148/2148/2148 2169/2169/2169 2170/2170/2170
f 2148/2148/2148 2170/2170/2170 2149/2149/2149
f 2149/2149/2149 2170/2170/2170 2171/2171/2171
f 2149/2149/2149 2171/2171/2171 2150/2150/2150
f 2150/2150/2150 2171/2171/2171 2172/2172/2172
f 2150/2150/2150 2172/2172/2172 2151/2151/2151
f 2151/2151/2151 2172/2172/2172 2173/2173/2173
f 2151/2151/2151 2173/2173/2173 2152/2152/2152
f 2152/2152/2152 2173/2173/2173 2174/2174/2174
f 2152/2152/2152 2174/2174/2174 2153/2153/2153
f 2153/2153/2153 2174/2174/2174 2175/2175/2175
f 2153/2153/2153 2175/2175/2175 2154/2154/2154
f 2154/2154/2154 2175/2175/2175 2176/2176/2176
f 2154/2154/2154 2176/2176/2176 2155/2155/2155
f 2155/2155/2155 2176/2176/2176 2177/2177/2177
f 2155/2155/2155 2177/2177/2177 2156/2156/2156
f 2156/2156/2156 2177/2177/2177 2178/2178/2178
f 2156/2156/2156 2178/2178/2178 2157/2157/2157
f 2157/2157/2157 2178/2178/2178 2179/2179/2179
f 2157/2157/2157 2179/2179/2179 2158/2158/2158
f 2158/2158/2158 2179/2179/2179 2180/2180/2180
f 2158/2158/2158 2180/2180/2180 2159/2159/2159
f 2159/2159/2159 2180/2180/2180 2181/2181/2181
f 2159/2159/2159 2181/2181/2181 2160/2160/2160
f 2160/2160/2160 2181/2181/2181 2182/2182/2182
f 2160/2160/2160 2182/2182/2182 2161/2161/2161
f 2161/2161/2161 2182/2182/2182 2183/2183/2183
f 2161/2161/2161 2183/2183/2183 2162/2162/2162
f 2162/2162/2162 2183/2183/2183 2184/2184/2184
f 2162/2162/2162 2184/2184/2184 2163/2163/2163
f 2164/2164/2164 2185/2185/2185 2186/2186/2186
f 2164/2164/2164 2186/2186/2186 2165/2165/2165
f 2165/2165/2165 2186/2186/2186 2187/2187/2187
f 2165/2165/2165 2187/2187/2187 2166/2166/2166
f 2166/2166/2166 2187/2187/2187 2188/2188/2188
f 2166/2166/2166 2188/2188/2188 2167/2167/2167
f 2167/2167/2167 2188/2188/2188 2189/2189/2189
f 2167/2167/2167 2189/2189/2189 2168/2168/2168
f 2168/2168/2168 2189/2189/2189 2190/2190/2190
f 2168/2168/2168 2190/2190/2190 2169/2169/2169
f 2169/2169/2169 2190/2190/2190 2191/2191/2191
f 2169/2169/2169 2191/2191/2191 2170/2170/2170
f 2170/2170/2170 2191/2191/2191 2192/2192/2192
f 2170/2170/2170 2192/2192/2192 2171/2171/2171
f 2171/2171/2171 2192/2192/2192 2193/2193/2193
f 2171/2171/2171 2193/2193/2193 2172/2172/2172
f 2172/2172/2172 2193/2193/2193 2194/2194/2194
f 2172/2172/2172 2194/2194/2194 2173/2173/2173
f 2173/2173/2173 2194/2194/2194 2195/2195/2195
f 2173/2173/2173 2195/2195/2195 2174/2174/2174
f 2174/2174/2174 2195/2195/2195 2196/2196/2196
f 2174/2174/2174 2196/2196/2196 2175/2175/2175
f 2175/2175/2175 2196/2196/2196 2197/2197/2197
f 2175/2175/2175 2197/2197/2197 2176/2176/2176
f 2176/2176/2176 2197/2197/2197 2198/2198/2198
f 2176/2176/2176 2198/2198/2198 2177/2177/2177
f 2177/2177/2177 2198/2198/2198 2199/2199/2199
f 2177/2177/2177 2199/2199/2199 2178/2178/2178
f 2178/2178/2178 2199/2199/2199 2200/2200/2200
f 2178/2178/2178 2200/2200/2200 2179/2179/2179
f 2179/2179/2179 2200/2200/2200 2201/2201/2201
f 2179/2179/2179 2201/2201/2201 2180/2180/2180
f 2180/2180/2180 2201/2201/2201 2202/2202/2202
f 2180/2180/2180 2202/2202/2202 2181/2181/2181
f 2181/2181/2181 2202/2202/2202 2203/2203/2203
f 2181/2181/2181 2203/2203/2203 2182/2182/2182
f 2182/2182/2182 2203/2203/2203 2204/2204/2204
f 2182/2182/2182 2204/2204/2204 2183/2183/2183
f 2183/2183/2183 2204/2204/2204 2205/2205/2205
f 2183/2183/2183 2205/2205/2205 2184/2184/2184
f 2206/2206/2206 2227/2227/2227 2228/2228/2228
f 2206/2206/2206 2228/2228/2228 2207/2207/2207
f 2207/2207/2207 2228/2228/2228 2229/2229/2229
f 2207/2207/2207 2229/2229/2229 2208/2208/2208
f 2208/2208/2208 2229/2229/2229 2230/2230/2230
f 2208/2208/2208 2230/2230/2230 2209/2209/2209
f 2209/2209/2209 2230/2230/2230 2231/2231/2231
f 2209/2209/2209 2231/2231/2231 2210/2210/2210
f 2210/2210/2210 2231/2231/2231 2232/2232/2232
f 2210/2210/2210 2232/2232/2232 2211/2211/2211
f 2211/2211/2211 2232/2232/2232 2233/2233/2233
f 2211/2211/2211 2233/2233/2233 2212/2212/2212
f 2212/2212/2212 2233/2233/2233 2234/2234/2234
f 2212/2212/2212 2234/2234/2234 2213/2213/2213
f 2213/2213/2213 2234/2234/2234 2235/2235/2235
f 2213/2213/2213 2235/2235/2235 2214/2214/2214
f 2214/2214/2214 2235/2235/2235 2236/2236/2236
f 2214/2214/2214 2236/2236/2236 2215/2215/2215
f 2215/2215/2215 2236/2236/2236 2237/2237/2237
f 2215/2215/2215 2237/2237/2237 2216/2216/2216
f 2216/2216/2216 2237/2237/2237 2238/2238/2238
f 2216/2216/2216 2238/2238/2238 2217/2217/2217
f 2217/2217/2217 2238/2238/2238 2239/2239/2239
f 2217/2217/2217 2239/2239/2239 2218/2218/2218
f 2218/2218/2218 2239/2239/2239 2240/2240/2240
f 2218/2218/2218 2240/2240/2240 2219/2219/2219
f 2219/2219/2219 2240/2240/2240 2241/2241/2241
f 2219/2219/2219 2241/2241/2241 2220/2220/2220
f 2220/2220/2220 2241/2241/2241 2242/2242/2242
f 2220/2220/2220 2242/2242/2242 2221/2221/2221
f 2221/2221/2221 2242/2242/2242 2243/2243/2243
f 2221/2221/2221 2243/2243/2243 2222/2222/2222
f 2222/2222/2222 2243/2243/2243 2244/2244/2244
f 2222/2222/2222 2244/2244/2244 2223/2223/2223
f 2223/2223/2223 2244/2244/2244 2245/2245/2245
f 2223/2223/2223 2245/2245/2245 2224/2224/2224
f 2224/2224/2224 2245/2245/2245 2246/2246/2246
f 2224/2224/2224 2246/2246/2246 2225/2225/2225
f 2225/2225/2225 2246/2246/2246 2247/2247/2247
f 2225/2225/2225 2247/2247/2247 2226/2226/2226
f 2227/2227/2227 2248/2248/2248 2249/2249/2249
f 2227/2227/2227 2249/2249/2249 2228/2228/2228
f 2228/2228/2228 2249/2249/2249 2250/2250/2250
f 2228/2228/2228 2250/2250/2250 2229/2229/2229
f 2229/2229/2229 2250/2250/2250 2251/2251/2251
f 2229/2229/2229 2251/2251/2251 2230/2230/2230
f 2230/2230/2230 2251/2251/2251 2252/2252/2252
f 2230/2230/2230 2252/2252/2252 2231/2231/2231
f 2231/2231/2231 2252/2252/2252 2253/2253/2253
f 2231/2231/2231 2253/2253/2253 2232/2232/2232
f 2232/2232/2232 2253/2253/2253 2254/2254/2254
f 2232/2232/2232 2254/2254/2254 2233/2233/2233
f 2233/2233/2233 2254/2254/2254 2255/2255/2255
f 2233/2233/2233 2255/2255/2255 2234/2234/2234
f 2234/2234/2234 2255/2255/2255 2256/2256/2256
f 2234/2234/2234 2256/2256/2256 2235/2235/2235
f 2235/2235/2235 2256/2256/2256 2257/2257/2257
f 2235/2235/2235 2257/2257/2257 2236/2236/2236
f 2236/2236/2236 2257/2257/2257 2258/2258/2258
f 2236/2236/2236 2258/2258/2258 2237/2237/2237
f 2237/2237/2237 2258/2258/2258 2259/2259/2259
f 2237/2237/2237 2259/2259/2259 2238/2238/2238
f 2238/2238/2238 2259/2259/2259 2260/2260/2260
f 2238/2238/2238 2260/2260/2260 2239/2239/2239
f 2239/2239/2239 2260/2260/2260 2261/2261/2261
f 2239/2239/2239 2261/2261/2261 2240/2240/2240
f 2240/2240/2240 2261/2261/2261 2262/2262/2262
f 2240/2240/2240 2262/2262/2262 2241/2241/2241
f 2241/2241/2241 2262/2262/2262 2263/2263/2263
f 2241/2241/2241 2263/2263/2263 2242/2242/2242
f 2242/2242/2242 2263/2263/2263 2264/2264/2264
f 2242/2242/2242 2264/2264/2264 2243/2243/2243
f 2243/2243/2243 2264/2264/2264 2265/2265/2265
f 2243/2243/2243 2265/2265/2265 2244/2244/2244
f 2244/2244/2244 2265/2265/2265 2266/2266/2266
f 2244/2244/2244 2266/2266/2266 2245/2245/2245
f 2245/2245/2245 2266/2266/2266 2267/2267/2267
f 2245/2245/2245 2267/2267/2267 2246/2246/2246
f 2246/2246/2246 2267/2267/2267 2268/2268/2268
f 2246/2246/2246 2268/2268/2268 2247/2247/2247
f 2248/2248/2248 2269/2269/2269 2270/2270/2270
f 2248/2248/2248 2270/2270/2270 2249/2249/2249
f 2249/2249/2249 2270/2270/2270 2271/2271/2271
f 2249/2249/2249 2271/2271/2271 2250/2250/2250
f 2250/2250/2250 2271/2271/2271 2272/2272/2272
f 2250/2250/2250 2272/2272/2272 2251/2251/2251
f 2251/2251/2251 2272/2272/2272 2273/2273/2273
f 2251/2251/2251 2273/2273/2273 2252/2252/2252
f 2252/2252/2252 2273/2273/2273 2274/2274/2274
f 2252/2252/2252 2274/2274/2274 2253/2253/2253
f 2253/2253/2253 2274/2274/2274 2275/2275/2275
f 2253/2253/2253 2275/2275/2275 2254/2254/2254
f 2254/2254/2254 2275/2275/2275 2276/2276/2276
f 2254/2254/2254 2276/2276/2276 2255/2255/2255
f 2255/2255/2255 2276/2276/2276 2277/2277/2277
f 2255/2255/2255 2277/2277/2277 2256/2256/2256
f 2256/2256/2256 2277/2277/2277 2278/2278/2278
f 2256/2256/2256 2278/2278/2278 2257/2257/2257
f 2257/2257/2257 2278/2278/2278 2279/2279/2279
f 2257/2257/2257 2279/2279/2279 2258/2258/2258
f 2258/2258/2258 2279/2279/2279 2280/2280/2280
f 2258/2258/2258 2280/2280/2280 2259/2259/2259
f 2259/2259/2259 2280/2280/2280 2281/2281/2281
f 2259/2259/2259 2281/2281/2281 2260/2260/2260
f 2260/2260/2260 2281/2281/2281 2282/2282/2282
f 2260/2260/2260 2282/2282/2282 2261/2261/2261
f 2261/2261/2261 2282/2282/2282 2283/2283/2283
f 2261/2261/2261 2283/2283/2283 2262/2262/2262
f 2262/2262/2262 2283/2283/2283 2284/2284/2284
f 2262/2262/2262 2284/2284/2284 2263/2263/2263
f 2263/2263/2263 2284/2284/2284 2285/2285/2285
f 2263/2263/2263 2285/2285/2285 2264/2264/2264
f 2264/2264/2264 2285/2285/2285 2286/2286/2286
f 2264/2264/2264 2286/2286/2286 2265/2265/2265
f 2265/2265/2265 2286/2286/2286 2287/2287/2287
f 2265/2265/2265 2287/2287/2287 2266/2266/2266
f 2266/2266/2266 2287/2287/2287 2288/2288/2288
f 2266/2266/2266 2288/2288/2288 2267/2267/2267
f 2267/2267/2267 2288/2288/2288 2289/2289/2289
f 2267/2267/2267 2289/2289/2289 2268/2268/2268
f 2269/2269/2269 2290/2290/2290 2291/2291/2291
f 2269/2269/2269 2291/2291/2291 2270/2270/2270
f 2270/2270/2270 2291/2291/2291 2292/2292/2292
f 2270/2270/2270 2292/2292/2292 2271/2271/2271
f 2271/2271/2271 2292/2292/2292 2293/2293/2293
f 2271/2271/2271 2293/2293/2293 2272/2272/2272
f 2272/2272/2272 2293/2293/2293 2294/2294/2294
f 2272/2272/2272 2294/2294/2294 2273/2273/2273
f 2273/2273/2273 2294/2294/2294 2295/2295/2295
f 2273/2273/2273 2295/2295/2295 2274/2274/2274
f 2274/2274/2274 2295/2295/2295 2296/2296/2296
f 2274/2274/2274 2296/2296/2296 2275/2275/2275
f 2275/2275/2275 2296/2296/2296 2297/2297/2297
f 2275/2275/2275 2297/2297/2297 2276/2276/2276
f 2276/2276/2276 2297/2297/2297 2298/2298/2298
f 2276/2276/2276 2298/2298/2298 2277/2277/2277
f 2277/2277/2277 2298/2298/2298 2299/2299/2299
f 2277/2277/2277 2299/2299/2299 2278/2278/2278
f 2278/2278/2278 2299/2299/2299 2300/2300/2300
f 2278/2278/2278 2300/2300/2300 2279/2279/2279
f 2279/2279/2279 2300/2300/2300 2301/2301/2301
f 2279/2279/2279 2301/2301/2301 2280/2280/2280
f 2280/2280/2280 2301/2301/2301 2302/2302/2302
f 2280/2280/2280 2302/2302/2302 2281/2281/2281
f 2281/2281/2281 2302/2302/2302 2303/2303/2303
f 2281/2281/2281 2303/2303/2303 2282/2282/2282
f 2282/2282/2282 2303/2303/2303 2304/2304/2304
f 2282/2282/2282 2304/2304/2304 2283/2283/2283
f 2283/2283/2283 2304/2304/2304 2305/2305/2305
f 2283/2283/2283 2305/2305/2305 2284/2284/2284
f 2284/2284/2284 2305/2305/2305 2306/2306/2306
f 2284/2284/2284 2306/2306/2306 2285/2285/2285
f 2285/2285/2285 2306/2306/2306 2307/2307/2307
f 2285/2285/2285 2307/2307/2307 2286/2286/2286
f 2286/2286/2286 2307/2307/2307 2308/2308/2308
f 2286/2286/2286 2308/2308/2308 2287/2287/2287
f 2287/2287/2287 2308/2308/2308 2309/2309/2309
f 2287/2287/2287 2309/2309/2309 2288/2288/2288
f 2288/2288/2288 2309/2309/2309 2310/2310/2310
f 2288/2288/2288 2310/2310/2310 2289/2289/2289
f 2290/2290/2290 2311/2311/2311 2312/2312/2312
f 2290/2290/2290 2312/2312/2312 2291/2291/2291
f 2291/2291/2291 2312/2312/2312 2313/2313/2313
f 2291/2291/2291 2313/2313/2313 2292/2292/2292
f 2292/2292/2292 2313/2313/2313 2314/2314/2314
f 2292/2292/2292 2314/2314/2314 2293/2293/2293
f 2293/2293/2293 2314/2314/2314 2315/2315/2315
f 2293/2293/2293 2315/2315/2315 2294/2294/2294
f 2294/2294/2294 2315/2315/2315 2316/2316/2316
f 2294/2294/2294 2316/2316/2316 2295/2295/2295
f 2295/2295/2295 2316/2316/2316 2317/2317/2317
f 2295/2295/2295 2317/2317/2317 2296/2296/2296
f 2296/2296/2296 2317/2317/2317 2318/2318/2318
f 2296/2296/2296 2318/2318/2318 2297/2297/2297
f 2297/2297/2297 2318/2318/2318 2319/2319/2319
f 2297/2297/2297 2319/2319/2319 2298/2298/2298
f 2298/2298/2298 2319/2319/2319 2320/2320/2320
f 2298/2298/2298 2320/2320/2320 2299/2299/2299
f 2299/2299/2299 2320/2320/2320 2321/2321/2321
f 2299/2299/2299 2321/2321/2321 2300/2300/2300
f 2300/2300/2300 2321/2321/2321 2322/2322/2322
f 2300/2300/2300 2322/2322/2322 2301/2301/2301
f 2301/2301/2301 2322/2322/2322 2323/2323/2323
f 2301/2301/2301 2323/2323/2323 2302/2302/2302
f 2302/2302/2302 2323/2323/2323 2324/2324/2324
f 2302/2302/2302 2324/2324/2324 2303/2303/2303
f 2303/2303/2303 2324/2324/2324 2325/2325/2325
f 2303/2303/2303 2325/2325/2325 2304/2304/2304
f 2304/2304/2304 2325/2325/2325 2326/2326/2326
f 2304/2304/2304 2326/2326/2326 2305/2305/2305
f 2305/2305/2305 2326/2326/2326 2327/2327/2327
f 2305/2305/2305 2327/2327/2327 2306/2306/2306
f 2306/2306/2306 2327/2327/2327 2328/2328/2328
f 2306/2306/2306 2328/2328/2328 2307/2307/2307
f 2307/2307/2307 2328/2328/2328 2329/2329/2329
f 2307/2307/2307 2329/2329/2329 2308/2308/2308
f 2308/2308/2308 2329/2329/2329 2330/2330/2330
f 2308/2308/2308 2330/2330/2330 2309/2309/2309
f 2309/2309/2309 2330/2330/2330 2331/2331/2331
f 2309/2309/2309 2331/2331/2331 2310/2310/2310
f 2311/2311/2311 2332/2332/2332 2333/2333/2333
f 2311/2311/2311 2333/2333/2333 2312/2312/2312
f 2312/2312/2312 2333/2333/2333 2334/2334/2334
f 2312/2312/2312 2334/2334/2334 2313/2313/2313
f 2313/2313/2313 2334/2334/2334 2335/2335/2335
f 2313/2313/2313 2335/2335/2335 2314/2314/2314
f 2314/2314/2314 2335/2335/2335 2336/2336/2336
f 2314/2314/2314 2336/2336/2336 2315/2315/2315
f 2315/2315/2315 2336/2336/2336 2337/2337/2337
f 2315/2315/2315 2337/2337/2337 2316/2316/2316
f 2316/2316/2316 2337/2337/2337 2338/2338/2338
f 2316/2316/2316 2338/2338/2338 2317/2317/2317
f 2317/2317/2317 2338/2338/2338 2339/2339/2339
f 2317/2317/2317 2339/2339/2339 2318/2318/2318
f 2318/2318/2318 2339/2339/2339 2340/2340/2340
f 2318/2318/2318 2340/2340/2340 2319/2319/2319
f 2319/2319/2319 2340/2340/2340 2341/2341/2341
f 2319/2319/2319 2341/2341/2341 2320/2320/2320
f 2320/2320/2320 2341/2341/2341 2342/2342/2342
f 2320/2320/2320 2342/2342/2342 2321/2321/2321
f 2321/2321/2321 2342/2342/2342 2343/2343/2343
f 2321/2321/2321 2343/2343/2343 2322/2322/2322
f 2322/2322/2322 2343/2343/2343 2344/2344/2344
f 2322/2322/2322 2344/2344/2344 2323/2323/2323
f 2323/2323/2323 2344/2344/2344 2345/2345/2345
f 2323/2323/2323 2345/2345/2345 2324/2324/2324
f 2324/2324/2324 2345/2345/2345 2346/2346/2346
f 2324/2324/2324 2346/2346/2346 2325/2325/2325
f 2325/2325/2325 2346/2346/2346 2347/2347/2347
f 2325/2325/2325 2347/2347/2347 2326/2326/2326
f 2326/2326/2326 2347/2347/2347 2348/2348/2348
f 2326/2326/2326 2348/2348/2348 2327/2327/2327
f 2327/2327/2327 2348/2348/2348 2349/2349/2349
f 2327/2327/2327 2349/2349/2349 2328/2328/2328
f 2328/2328/2328 2349/2349/2349 2350/2350/2350
f 2328/2328/2328 2350/2350/2350 2329/2329/2329
f 2329/2329/2329 2350/2350/2350 2351/2351/2351
f 2329/2329/2329 2351/2351/2351 2330/2330/2330
f 2330/2330/2330 2351/2351/2351 2352/2352/2352
f 2330/2330/2330 2352/2352/2352 2331/2331/2331
f 2332/2332/2332 2353/2353/2353 2354/2354/2354
f 2332/2332/2332 2354/2354/2354 2333/2333/2333
f 2333/2333/2333 2354/2354/2354 2355/2355/2355
f 2333/2333/2333 2355/2355/2355 2334/2334/2334
f 2334/2334/2334 2355/2355/2355 2356/2356/2356
f 2334/2334/2334 2356/2356/2356 2335/2335/2335
f 2335/2335/2335 2356/2356/2356 2357/2357/2357
f 2335/2335/2335 2357/2357/2357 2336/2336/2336
f 2336/2336/2336 2357/2357/2357 2358/2358/2358
f 2336/2336/2336 2358/2358/2358 2337/2337/2337
f 2337/2337/2337 2358/2358/2358 2359/2359/2359
f 2337/2337/2337 2359/2359/2359 2338/2338/2338
f 2338/2338/2338 2359/2359/2359 2360/2360/2360
f 2338/2338/2338 2360/2360/2360 2339/2339/2339
f 2339/2339/2339 2360/2360/2360 2361/2361/2361
f 2339/2339/2339 2361/2361/2361 2340/2340/2340
f 2340/2340/2340 2361/2361/2361 2362/2362/2362
f 2340/2340/2340 2362/2362/2362 2341/2341/2341
f 2341/2341/2341 2362/2362/2362 2363/2363/2363
f 2341/2341/2341 2363/2363/2363 2342/2342/2342
f 2342/2342/2342 2363/2363/2363 2364/2364/2364
f 2342/2342/2342 2364/2364/2364 2343/2343/2343
f 2343/2343/2343 2364/2364/2364 2365/2365/2365
f 2343/2343/2343 2365/2365/2365 2344/2344/2344
f 2344/2344/2344 2365/2365/2365 2366/2366/2366
f 2344/2344/2344 2366/2366/2366 2345/2345/2345
f 2345/2345/2345 2366/2366/2366 2367/2367/2367
f 2345/2345/2345 2367/2367/2367 2346/2346/2346
f 2346/2346/2346 2367/2367/2367 2368/2368/2368
f 2346/2346/2346 2368/2368/2368 2347/2347/2347
f 2347/2347/2347 2368/2368/2368 2369/2369/2369
f 2347/2347/2347 2369/2369/2369 2348/2348/2348
f 2348/2348/2348 2369/2369/2369 2370/2370/2370
f 2348/2348/2348 2370/2370/2370 2349/2349/2349
f 2349/2349/2349 2370/2370/2370 2371/2371/2371
f 2349/2349/2349 2371/2371/2371 2350/2350/2350
f 2350/2350/2350 2371/2371/2371 2372/2372/2372
f 2350/2350/2350 2372/2372/2372 2351/2351/2351
f 2351/2351/2351 2372/2372/2372 2373/2373/2373
f 2351/2351/2351 2373/2373/2373 2352/2352/2352
f 2353/2353/2353 2374/2374/2374 2375/2375/2375
f 2353/2353/2353 2375/2375/2375 2354/2354/2354
f 2354/2354/2354 2375/2375/2375 2376/2376/2376
f 2354/2354/2354 2376/2376/2376 2355/2355/2355
f 2355/2355/2355 2376/2376/2376 2377/2377/2377
f 2355/2355/2355 2377/2377/2377 2356/2356/2356
f 2356/2356/2356 2377/2377/2377 2378/2378/2378
f 2356/2356/2356 2378/2378/2378 2357/2357/2357
f 2357/2357/2357 2378/2378/2378 2379/2379/2379
f 2357/2357/2357 2379/2379/2379 2358/2358/2358
f 2358/2358/2358 2379/2379/2379 2380/2380/2380
f 2358/2358/2358 2380/2380/2380 2359/2359/2359
f 2359/2359/2359 2380/2380/2380 2381/2381/2381
f 2359/2359/2359 2381/2381/2381 2360/2360/2360
f 2360/2360/2360 2381/2381/2381 2382/2382/2382
f 2360/2360/2360 2382/2382/2382 2361/2361/2361
f 2361/2361/2361 2382/2382/2382 2383/2383/2383
f 2361/2361/2361 2383/2383/2383 2362/2362/2362
f 2362/2362/2362 2383/2383/2383 2384/2384/2384
f 2362/2362/2362 2384/2384/2384 2363/2363/2363
f 2363/2363/2363 2384/2384/2384 2385/2385/2385
f 2363/2363/2363 2385/2385/2385 2364/2364/2364
f 2364/2364/2364 2385/2385/2385 2386/2386/2386
f 2364/2364/2364 2386/2386/2386 2365/2365/2365
f 2365/2365/2365 2386/2386/2386 2387/2387/2387
f 2365/2365/2365 2387/2387/2387 2366/2366/2366
f 2366/2366/2366 2387/2387/2387 2388/2388/2388
f 2366/2366/2366 2388/2388/2388 2367/2367/2367
f 2367/2367/2367 2388/2388/2388 2389/2389/2389
f 2367/2367/2367 2389/2389/2389 2368/2368/2368
f 2368/2368/2368 2389/2389/2389 2390/2390/2390
f 2368/2368/2368 2390/2390/2390 2369/2369/2369
f 2369/2369/2369 2390/2390/2390 2391/2391/2391
f 2369/2369/2369 2391/2391/2391 2370/2370/2370
f 2370/2370/2370 2391/2391/2391 2392/2392/2392
f 2370/2370/2370 2392/2392/2392 2371/2371/2371
f 2371/2371/2371 2392/2392/2392 2393/2393/2393
f 2371/2371/2371 2393/2393/2393 2372/2372/2372
f 2372/2372/2372 2393/2393/2393 2394/2394/2394
f 2372/2372/2372 2394/2394/2394 2373/2373/2373
f 2374/2374/2374 2395/2395/2395 2396/2396/2396
f 2374/2374/2374 2396/2396/2396 2375/2375/2375
f 2375/2375/2375 2396/2396/2396 2397/2397/2397
f 2375/2375/2375 2397/2397/2397 2376/2376/2376
f 2376/2376/2376 2397/2397/2397 2398/2398/2398
f 2376/2376/2376 2398/2398/2398 2377/2377/2377
f 2377/2377/2377 2398/2398/2398 2399/2399/2399
f 2377/2377/2377 2399/2399/2399 2378/2378/2378
f 2378/2378/2378 2399/2399/2399 2400/2400/2400
f 2378/2378/2378 2400/2400/2400 2379/2379/2379
f 2379/2379/2379 2400/2400/2400 2401/2401/2401
f 2379/2379/2379 2401/2401/2401 2380/2380/2380
f 2380/2380/2380 2401/2401/2401 2402/2402/2402
f 2380/2380/2380 2402/2402/2402 2381/2381/2381
f 2381/2381/2381 2402/2402/2402 2403/2403/2403
f 2381/2381/2381 2403/2403/2403 2382/2382/2382
f 2382/2382/2382 2403/2403/2403 2404/2404/2404
f 2382/2382/2382 2404/2404/2404 2383/2383/2383
f 2383/2383/2383 2404/2404/2404 2405/2405/2405
f 2383/2383/2383 2405/2405/2405 2384/2384/2384
f 2384/2384/2384 2405/2405/2405 2406/2406/2406
f 2384/2384/2384 2406/2406/2406 2385/2385/2385
f 2385/2385/2385 2406/2406/2406 2407/2407/2407
f 2385/2385/2385 2407/2407/2407 2386/2386/2386
f 2386/2386/2386 2407/2407/2407 2408/2408/2408
f 2386/2386/2386 2408/2408/2408 2387/2387/2387
f 2387/2387/2387 2408/2408/2408 2409/2409/2409
f 2387/2387/2387 2409/2409/2409 2388/2388/2388
f 2388/2388/2388 2409/2409/2409 2410/2410/2410
f 2388/2388/2388 2410/2410/2410 2389/2389/2389
f 2389/2389/2389 2410/2410/2410 2411/2411/2411
f 2389/2389/2389 2411/2411/2411 2390/2390/2390
f 2390/2390/2390 2411/2411/2411 2412/2412/2412
f 2390/2390/2390 2412/2412/2412 2391/2391/2391
f 2391/2391/2391 2412/2412/2412 2413/2413/2413
f 2391/2391/2391 2413/2413/2413 2392/2392/2392
f 2392/2392/2392 2413/2413/2413 2414/2414/2414
f 2392/2392/2392 2414/2414/2414 2393/2393/2393
f 2393/2393/2393 2414/2414/2414 2415/2415/2415
f 2393/2393/2393 2415/2415/2415 2394/2394/2394
f 2395/2395/2395 2416/2416/2416 2417/2417/2417
f 2395/2395/2395 2417/2417/2417 2396/2396/2396
f 2396/2396/2396 2417/2417/2417 2418/2418/2418
f 2396/2396/2396 2418/2418/2418 2397/2397/2397
f 2397/2397/2397 2418/2418/2418 2419/2419/2419
f 2397/2397/2397 2419/2419/2419 2398/2398/2398
f 2398/2398/2398 2419/2419/2419 2420/2420/2420
f 2398/2398/2398 2420/2420/2420 2399/2399/2399
f 2399/2399/2399 2420/2420/2420 2421/2421/2421
f 2399/2399/2399 2421/2421/2421 2400/2400/2400
f 2400/2400/2400 2421/2421/2421 2422/2422/2422
f 2400/2400/2400 2422/2422/2422 2401/2401/2401
f 2401/2401/2401 2422/2422/2422 2423/2423/2423
f 2401/2401/2401 2423/2423/2423 2402/2402/2402
f 2402/2402/2402 2423/2423/2423 2424/2424/2424
f 2402/2402/2402 2424/2424/2424 2403/2403/2403
f 2403/2403/2403 2424/2424/2424 2425/2425/2425
f 2403/2403/2403 2425/2425/2425 2404/2404/2404
f 2404/2404/2404 2425/2425/2425 2426/2426/2426
f 2404/2404/2404 2426/2426/2426 2405/2405/2405
f 2405/2405/2405 2426/2426/2426 2427/2427/2427
f 2405/2405/2405 2427/2427/2427 2406/2406/2406
f 2406/2406/2406 2427/2427/2427 2428/2428/2428
f 2406/2406/2406 2428/2428/2428 2407/2407/2407
f 2407/2407/2407 2428/2428/2428 2429/2429/2429
f 2407/2407/2407 2429/2429/2429 2408/2408/2408
f 2408/2408/2408 2429/2429/2429 2430/2430/2430
f 2408/2408/2408 2430/2430/2430 2409/2409/2409
f 2409/2409/2409 2430/2430/2430 2431/2431/2431
f 2409/2409/2409 2431/2431/2431 2410/2410/2410
f 2410/2410/2410 2431/2431/2431 2432/2432/2432
f 2410/2410/2410 2432/2432/2432 2411/2411/2411
f 2411/2411/2411 2432/2432/2432 2433/2433/2433
f 2411/2411/2411 2433/2433/2433 2412/2412/2412
f 2412/2412/2412 2433/2433/2433 2434/2434/2434
f 2412/2412/2412 2434/2434/2434 2413/2413/2413
f 2413/2413/2413 2434/2434/2434 2435/2435/2435
f 2413/2413/2413 2435/2435/2435 2414/2414/2414
f 2414/2414/2414 2435/2435/2435 2436/2436/2436
f 2414/2414/2414 2436/2436/2436 2415/2415/2415
f 2416/2416/2416 2437/2437/2437 2438/2438/2438
f 2416/2416/2416 2438/2438/2438 2417/2417/2417
f 2417/2417/2417 2438/2438/2438 2439/2439/2439
f 2417/2417/2417 2439/2439/2439 2418/2418/2418
f 2418/2418/2418 2439/2439/2439 2440/2440/2440
f 2418/2418/2418 2440/2440/2440 2419/2419/2419
f 2419/2419/2419 2440/2440/2440 2441/2441/2441
f 2419/2419/2419 2441/2441/2441 2420/2420/2420
f 2420/2420/2420 2441/2441/2441 2442/2442/2442
f 2420/2420/2420 2442/2442/2442 2421/2421/2421
f 2421/2421/2421 2442/2442/2442 2443/2443/2443
f 2421/2421/2421 2443/2443/2443 2422/2422/2422
f 2422/2422/2422 2443/2443/2443 2444/2444/2444
f 2422/2422/2422 2444/2444/2444 2423/2423/2423
f 2423/2423/2423 2444/2444/2444 2445/2445/2445
f 2423/2423/2423 2445/2445/2445 2424/2424/2424
f 2424/2424/2424 2445/2445/2445 2446/2446/2446
f 2424/2424/2424 2446/2446/2446 2425/2425/2425
f 2425/2425/2425 2446/2446/2446 2447/2447/2447
f 2425/2425/2425 2447/2447/2447 2426/2426/2426
f 2426/2426/2426 2447/2447/2447 2448/2448/2448
f 2426/2426/2426 2448/2448/2448 2427/2427/2427
f 2427/2427/2427 2448/2448/2448 2449/2449/2449
f 2427/2427/2427 2449/2449/2449 2428/2428/2428
f 2428/2428/2428 2449/2449/2449 2450/2450/2450
f 2428/2428/2428 2450/2450/2450 2429/2429/2429
f 2429/2429/2429 2450/2450/2450 2451/2451/2451
f 2429/2429/2429 2451/2451/2451 2430/2430/2430
f 2430/2430/2430 2451/2451/2451 2452/2452/2452
f 2430/2430/2430 2452/2452/2452 2431/2431/2431
f 2431/2431/2431 2452/2452/2452 2453/2453/2453
f 2431/2431/2431 2453/2453/2453 2432/2432/2432
f 2432/2432/2432 2453/2453/2453 2454/2454/2454
f 2432/2432/2432 2454/2454/2454 2433/2433/2433
f 2433/2433/2433 2454/2454/2454 2455/2455/2455
f 2433/2433/2433 2455/2455/2455 2434/2434/2434
f 2434/2434/2434 2455/2455/2455 2456/2456/2456
f 2434/2434/2434 2456/2456/2456 2435/2435/2435
f 2435/2435/2435 2456/2456/2456 2457/2457/2457
f 2435/2435/2435 2457/2457/2457 2436/2436/2436
f 2437/2437/2437 2458/2458/2458 2459/2459/2459
f 2437/2437/2437 2459/2459/2459 2438/2438/2438
f 2438/2438/2438 2459/2459/2459 2460/2460/2460
f 2438/2438/2438 2460/2460/2460 2439/2439/2439
f 2439/2439/2439 2460/2460/2460 2461/2461/2461
f 2439/2439/2439 2461/2461/2461 2440/2440/2440
f 2440/2440/2440 2461/2461/2461 2462/2462/2462
f 2440/2440/2440 2462/2462/2462 2441/2441/2441
f 2441/2441/2441 2462/2462/2462 2463/2463/2463
f 2441/2441/2441 2463/2463/2463 2442/2442/2442
f 2442/2442/2442 2463/2463/2463 2464/2464/2464
f 2442/2442/2442 2464/2464/2464 2443/2443/2443
f 2443/2443/2443 2464/2464/2464 2465/2465/2465
f 2443/2443/2443 2465/2465/2465 2444/2444/2444
f 2444/2444/2444 2465/2465/2465 2466/2466/2466
f 2444/2444/2444 2466/2466/2466 2445/2445/2445
f 2445/2445/2445 2466/2466/2466 2467/2467/2467
f 2445/2445/2445 2467/2467/2467 2446/2446/2446
f 2446/2446/2446 2467/2467/2467 2468/2468/2468
f 2446/2446/2446 2468/2468/2468 2447/2447/2447
f 2447/2447/2447 2468/2468/2468 2469/2469/2469
f 2447/2447/2447 2469/2469/2469 2448/2448/2448
f 2448/2448/2448 2469/2469/2469 2470/2470/2470
f 2448/2448/2448 2470/2470/2470 2449/2449/2449
f 2449/2449/2449 2470/2470/2470 2471/2471/2471
f 2449/2449/2449 2471/2471/2471 2450/2450/2450
f 2450/2450/2450 2471/2471/2471 2472/2472/2472
f 2450/2450/2450 2472/2472/2472 2451/2451/2451
f 2451/2451/2451 2472/2472/2472 2473/2473/2473
f 2451/2451/2451 2473/2473/2473 2452/2452/2452
f 2452/2452/2452 2473/2473/2473 2474/2474/2474
f 2452/2452/2452 2474/2474/2474 2453/2453/2453
f 2453/2453/2453 2474/2474/2474 2475/2475/2475
f 2453/2453/2453 2475/2475/2475 2454/2454/2454
f 2454/2454/2454 2475/2475/2475 2476/2476/2476
f 2454/2454/2454 2476/2476/2476 2455/2455/2455
f 2455/2455/2455 2476/2476/2476 2477/2477/2477
f 2455/2455/2455 2477/2477/2477 2456/2456/2456
f 2456/2456/2456 2477/2477/2477 2478/2478/2478
f 2456/2456/2456 2478/2478/2478 2457/2457/2457
f 2458/2458/2458 2479/2479/2479 2480/2480/2480
f 2458/2458/2458 2480/2480/2480 2459/2459/2459
f 2459/2459/2459 2480/2480/2480 2481/2481/2481
f 2459/2459/2459 2481/2481/2481 2460/2460/2460
f 2460/2460/2460 2481/2481/2481 2482/2482/2482
f 2460/2460/2460 2482/2482/2482 2461/2461/2461
f 2461/2461/2461 2482/2482/2482 2483/2483/2483
f 2461/2461/2461 2483/2483/2483 2462/2462/2462
f 2462/2462/2462 2483/2483/2483 2484/2484/2484
f 2462/2462/2462 2484/2484/2484 2463/2463/2463
f 2463/2463/2463 2484/2484/2484 2485/2485/2485
f 2463/2463/2463 2485/2485/2485 2464/2464/2464
f 2464/2464/2464 2485/2485/2485 2486/2486/2486
f 2464/2464/2464 2486/2486/2486 2465/2465/2465
f 2465/2465/2465 2486/2486/2486 2487/2487/2487
f 2465/2465/2465 2487/2487/2487 2466/2466/2466
f 2466/2466/2466 2487/2487/2487 2488/2488/2488
f 2466/2466/2466 2488/2488/2488 2467/2467/2467
f 2467/2467/2467 2488/2488/2488 2489/2489/2489
f 2467/2467/2467 2489/2489/2489 2468/2468/2468
f 2468/2468/2468 2489/2489/2489 2490/2490/2490
f 2468/2468/2468 2490/2490/2490 2469/2469/2469
f 2469/2469/2469 2490/2490/2490 2491/2491/2491
f 2469/2469/2469 2491/2491/2491 2470/2470/2470
f 2470/2470/2470 2491/2491/2491 2492/2492/2492
f 2470/2470/2470 2492/2492/2492 2471/2471/2471
f 2471/2471/2471 2492/2492/2492 2493/2493/2493
f 2471/2471/2471 2493/2493/2493 2472/2472/2472
f 2472/2472/2472 2493/2493/2493 2494/2494/2494
f 2472/2472/2472 2494/2494/2494 2473/2473/2473
f 2473/2473/2473 2494/2494/2494 2495/2495/2495
f 2473/2473/2473 2495/2495/2495 2474/2474/2474
f 2474/2474/2474 2495/2495/2495 2496/2496/2496
f 2474/2474/2474 2496/2496/2496 2475/2475/2475
f 2475/2475/2475 2496/2496/2496 2497/2497/2497
f 2475/2475/2475 2497/2497/2497 2476/2476/2476
f 2476/2476/2476 2497/2497/2497 2498/2498/2498
f 2476/2476/2476 2498/2498/2498 2477/2477/2477
f 2477/2477/2477 2498/2498/2498 2499/2499/2499
f 2477/2477/2477 2499/2499/2499 2478/2478/2478
f 2479/2479/2479 2500/2500/2500 2501/2501/2501
f 2479/2479/2479 2501/2501/2501 2480/2480/2480
f 2480/2480/2480 2501/2501/2501 2502/2502/2502
f 2480/2480/2480 2502/2502/2502 2481/2481/2481
f 2481/2481/2481 2502/2502/2502 2503/2503/2503
f 2481/2481/2481 2503/2503/2503 2482/2482/2482
f 2482/2482/2482 2503/2503/2503 2504/2504/2504
f 2482/2482/2482 2504/2504/2504 2483/2483/2483
f 2483/2483/2483 2504/2504/2504 2505/2505/2505
f 2483/2483/2483 2505/2505/2505 2484/2484/2484
f 2484/2484/2484 2505/2505/2505 2506/2506/2506
f 2484/2484/2484 2506/2506/2506 2485/2485/2485
f 2485/2485/2485 2506/2506/2506 2507/2507/2507
f 2485/2485/2485 2507/2507/2507 2486/2486/2486
f 2486/2486/2486 2507/2507/2507 2508/2508/2508
f 2486/2486/2486 2508/2508/2508 2487/2487/2487
f 2487/2487/2487 2508/2508/2508 2509/2509/2509
f 2487/2487/2487 2509/2509/2509 2488/2488/2488
f 2488/2488/2488 2509/2509/2509 2510/2510/2510
f 2488/2488/2488 2510/2510/2510 2489/2489/2489
f 2489/2489/2489 2510/2510/2510 2511/2511/2511
f 2489/2489/2489 2511/2511/2511 2490/2490/2490
f 2490/2490/2490 2511/2511/2511 2512/2512/2512
f 2490/2490/2490 2512/2512/2512 2491/2491/2491
f 2491/2491/2491 2512/2512/2512 2513/2513/2513
f 2491/2491/2491 2513/2513/2513 2492/2492/2492
f 2492/2492/2492 2513/2513/2513 2514/2514/2514
f 2492/2492/2492 2514/2514/2514 2493/2493/2493
f 2493/2493/2493 2514/2514/2514 2515/2515/2515
f 2493/2493/2493 2515/2515/2515 2494/2494/2494
f 2494/2494/2494 2515/2515/2515 2516/2516/2516
f 2494/2494/2494 2516/2516/2516 2495/2495/2495
f 2495/2495/2495 2516/2516/2516 2517/2517/2517
f 2495/2495/2495 2517/2517/2517 2496/2496/2496
f 2496/2496/2496 2517/2517/2517 2518/2518/2518
f 2496/2496/2496 2518/2518/2518 2497/2497/2497
f 2497/2497/2497 2518/2518/2518 2519/2519/2519
f 2497/2497/2497 2519/2519/2519 2498/2498/2498
f 2498/2498/2498 2519/2519/2519 2520/2520/2520
f 2498/2498/2498 2520/2520/2520 2499/2499/2499
f 2500/2500/2500 2521/2521/2521 2522/2522/2522
f 2500/2500/2500 2522/2522/2522 2501/2501/2501
f 2501/2501/2501 2522/2522/2522 2523/2523/2523
f 2501/2501/2501 2523/2523/2523 2502/2502/2502
f 2502/2502/2502 2523/2523/2523 2524/2524/2524
f 2502/2502/2502 2524/2524/2524 2503/2503/2503
f 2503/2503/2503 2524/2524/2524 2525/2525/2525
f 2503/2503/2503 2525/2525/2525 2504/2504/2504
f 2504/2504/2504 2525/2525/2525 2526/2526/2526
f 2504/2504/2504 2526/2526/2526 2505/2505/2505
f 2505/2505/2505 2526/2526/2526 2527/2527/2527
f 2505/2505/2505 2527/2527/2527 2506/2506/2506
f 2506/2506/2506 2527/2527/2527 2528/2528/2528
f 2506/2506/2506 2528/2528/2528 2507/2507/2507
f 2507/2507/2507 2528/2528/2528 2529/2529/2529
f 2507/2507/2507 2529/2529/2529 2508/2508/2508
f 2508/2508/2508 2529/2529/2529 2530/2530/2530
f 2508/2508/2508 2530/2530/2530 2509/2509/2509
f 2509/2509/2509 2530/2530/2530 2531/2531/2531
f 2509/2509/2509 2531/2531/2531 2510/2510/2510
f 2510/2510/2510 2531/2531/2531 2532/2532/2532
f 2510/2510/2510 2532/2532/2532 2511/2511/2511
f 2511/2511/2511 2532/2532/2532 2533/2533/2533
f 2511/2511/2511 2533/2533/2533 2512/2512/2512
f 2512/2512/2512 2533/2533/2533 2534/2534/2534
f 2512/2512/2512 2534/2534/2534 2513/2513/2513
f 2513/2513/2513 2534/2534/2534 2535/2535/2535
f 2513/2513/2513 2535/2535/2535 2514/2514/2514
f 2514/2514/2514 2535/2535/2535 2536/2536/2536
f 2514/2514/2514 2536/2536/2536 2515/2515/2515
f 2515/2515/2515 2536/2536/2536 2537/2537/2537
f 2515/2515/2515 2537/2537/2537 2516/2516/2516
f 2516/2516/2516 2537/2537/2537 2538/2538/2538
f 2516/2516/2516 2538/2538/2538 2517/2517/2517
f 2517/2517/2517 2538/2538/2538 2539/2539/2539
f 2517/2517/2517 2539/2539/2539 2518/2518/2518
f 2518/2518/2518 2539/2539/2539 2540/2540/2540
f 2518/2518/2518 2540/2540/2540 2519/2519/2519
f 2519/2519/2519 2540/2540/2540 2541/2541/2541
f 2519/2519/2519 2541/2541/2541 2520/2520/2520
f 2521/2521/2521 2542/2542/2542 2543/2543/2543
f 2521/2521/2521 2543/2543/2543 2522/2522/2522
f 2522/2522/2522 2543/2543/2543 2544/2544/2544
f 2522/2522/2522 2544/2544/2544 2523/2523/2523
f 2523/2523/2523 2544/2544/2544 2545/2545/2545
f 2523/2523/2523 2545/2545/2545 2524/2524/2524
f 2524/2524/2524 2545/2545/2545 2546/2546/2546
f 2524/2524/2524 2546/2546/2546 2525/2525/2525
f 2525/2525/2525 2546/2546/2546 2547/2547/2547
f 2525/2525/2525 2547/2547/2547 2526/2526/2526
f 2526/2526/2526 2547/2547/2547 2548/2548/2548
f 2526/2526/2526 2548/2548/2548 2527/2527/2527
f 2527/2527/2527 2548/2548/2548 2549/2549/2549
f 2527/2527/2527 2549/2549/2549 2528/2528/2528
f 2528/2528/2528 2549/2549/2549 2550/2550/2550
f 2528/2528/2528 2550/2550/2550 2529/2529/2529
f 2529/2529/2529 2550/2550/2550 2551/2551/2551
f 2529/2529/2529 2551/2551/2551 2530/2530/2530
f 2530/2530/2530 2551/2551/2551 2552/2552/2552
f 2530/2530/2530 2552/2552/2552 2531/2531/2531
f 2531/2531/2531 2552/2552/2552 2553/2553/2553
f 2531/2531/2531 2553/2553/2553 2532/2532/2532
f 2532/2532/2532 2553/2553/2553 2554/2554/2554
f 2532/2532/2532 2554/2554/2554 2533/2533/2533
f 2533/2533/2533 2554/2554/2554 2555/2555/2555
f 2533/2533/2533 2555/2555/2555 2534/2534/2534
f 2534/2534/2534 2555/2555/2555 2556/2556/2556
f 2534/2534/2534 2556/2556/2556 2535/2535/2535
f 2535/2535/2535 2556/2556/2556 2557/2557/2557
f 2535/2535/2535 2557/2557/2557 2536/2536/2536
f 2536/2536/2536 2557/2557/2557 2558/2558/2558
f 2536/2536/2536 2558/2558/2558 2537/2537/2537
f 2537/2537/2537 2558/2558/2558 2559/2559/2559
f 2537/2537/2537 2559/2559/2559 2538/2538/2538
f 2538/2538/2538 2559/2559/2559 2560/2560/2560
f 2538/2538/2538 2560/2560/2560 2539/2539/2539
f 2539/2539/2539 2560/2560/2560 2561/2561/2561
f 2539/2539/2539 2561/2561/2561 2540/2540/2540
f 2540/2540/2540 2561/2561/2561 2562/2562/2562
f 2540/2540/2540 2562/2562/2562 2541/2541/2541
f 2542/2542/2542 2563/2563/2563 2564/2564/2564
f 2542/2542/2542 2564/2564/2564 2543/2543/2543
f 2543/2543/2543 2564/2564/2564 2565/2565/2565
f 2543/2543/2543 2565/2565/2565 2544/2544/2544
f 2544/2544/2544 2565/2565/2565 2566/2566/2566
f 2544/2544/2544 2566/2566/2566 2545/2545/2545
f 2545/2545/2545 2566/2566/2566 2567/2567/2567
f 2545/2545/2545 2567/2567/2567 2546/2546/2546
f 2546/2546/2546 2567/2567/2567 2568/2568/2568
f 2546/2546/2546 2568/2568/2568 2547/2547/2547
f 2547/2547/2547 2568/2568/2568 2569/2569/2569
f 2547/2547/2547 2569/2569/2569 2548/2548/2548
f 2548/2548/2548 2569/2569/2569 2570/2570/2570
f 2548/2548/2548 2570/2570/2570 2549/2549/2549
f 2549/2549/2549 2570/2570/2570 2571/2571/2571
f 2549/2549/2549 2571/2571/2571 2550/2550/2550
f 2550/2550/2550 2571/2571/2571 2572/2572/2572
f 2550/2550/2550 2572/2572/2572 2551/2551/2551
f 2551/2551/2551 2572/2572/2572 2573/2573/2573
f 2551/2551/2551 2573/2573/2573 2552/2552/2552
f 2552/2552/2552 2573/2573/2573 2574/2574/2574
f 2552/2552/2552 2574/2574/2574 2553/2553/2553
f 2553/2553/2553 2574/2574/2574 2575/2575/2575
f 2553/2553/2553 2575/2575/2575 2554/2554/2554
f 2554/2554/2554 2575/2575/2575 2576/2576/2576
f 2554/2554/2554 2576/2576/2576 2555/2555/2555
f 2555/2555/2555 2576/2576/2576 2577/2577/2577
f 2555/2555/2555 2577/2577/2577 2556/2556/2556
f 2556/2556/2556 2577/2577/2577 2578/2578/2578
f 2556/2556/2556 2578/2578/2578 2557/2557/2557
f 2557/2557/2557 2578/2578/2578 2579/2579/2579
f 2557/2557/2557 2579/2579/2579 2558/2558/2558
f 2558/2558/2558 2579/2579/2579 2580/2580/2580
f 2558/2558/2558 2580/2580/2580 2559/2559/2559
f 2559/2559/2559 2580/2580/2580 2581/2581/2581
f 2559/2559/2559 2581/2581/2581 2560/2560/2560
f 2560/2560/2560 2581/2581/2581 2582/2582/2582
f 2560/2560/2560 2582/2582/2582 2561/2561/2561
f 2561/2561/2561 2582/2582/2582 2583/2583/2583
f 2561/2561/2561 2583/2583/2583 2562/2562/2562
f 2563/2563/2563 2584/2584/2584 2585/2585/2585
f 2563/2563/2563 2585/2585/2585 2564/2564/2564
f 2564/2564/2564 2585/2585/2585 2586/2586/2586
f 2564/2564/2564 2586/2586/2586 2565/2565/2565
f 2565/2565/2565 2586/2586/2586 2587/2587/2587
f 2565/2565/2565 2587/2587/2587 2566/2566/2566
f 2566/2566/2566 2587/2587/2587 2588/2588/2588
f 2566/2566/2566 2588/2588/2588 2567/2567/2567
f 2567/2567/2567 2588/2588/2588 2589/2589/2589
f 2567/2567/2567 2589/2589/2589 2568/2568/2568
f 2568/2568/2568 2589/2589/2589 2590/2590/2590
f 2568/2568/2568 2590/2590/2590 2569/2569/2569
f 2569/2569/2569 2590/2590/2590 2591/2591/2591
f 2569/2569/2569 2591/2591/2591 2570/2570/2570
f 2570/2570/2570 2591/2591/2591 2592/2592/2592
f 2570/2570/2570 2592/2592/2592 2571/2571/2571
f 2571/2571/2571 2592/2592/2592 2593/2593/2593
f 2571/2571/2571 2593/2593/2593 2572/2572/2572
f 2572/2572/2572 2593/2593/2593 2594/2594/2594
f 2572/2572/2572 2594/2594/2594 2573/2573/2573
f 2573/2573/2573 2594/2594/2594 2595/2595/2595
f 2573/2573/2573 2595/2595/2595 2574/2574/2574
f 2574/2574/2574 2595/2595/2595 2596/2596/2596
f 2574/2574/2574 2596/2596/2596 2575/2575/2575
f 2575/2575/2575 2596/2596/2596 2597/2597/2597
f 2575/2575/2575 2597/2597/2597 2576/2576/2576
f 2576/2576/2576 2597/2597/2597 2598/2598/2598
f 2576/2576/2576 2598/2598/2598 2577/2577/2577
f 2577/2577/2577 2598/2598/2598 2599/2599/2599
f 2577/2577/2577 2599/2599/2599 2578/2578/2578
f 2578/2578/2578 2599/2599/2599 2600/2600/2600
f 2578/2578/2578 2600/2600/2600 2579/2579/2579
f 2579/2579/2579 2600/2600/2600 2601/2601/2601
f 2579/2579/2579 2601/2601/2601 2580/2580/2580
f 2580/2580/2580 2601/2601/2601 2602/2602/2602
f 2580/2580/2580 2602/2602/2602 2581/2581/2581
f 2581/2581/2581 2602/2602/2602 2603/2603/2603
f 2581/2581/2581 2603/2603/2603 2582/2582/2582
f 2582/2582/2582 2603/2603/2603 2604/2604/2604
f 2582/2582/2582 2604/2604/2604 2583/2583/2583
f 2584/2584/2584 2605/2605/2605 2606/2606/2606
f 2584/2584/2584 2606/2606/2606 2585/2585/2585
f 2585/2585/2585 2606/2606/2606 2607/2607/2607
f 2585/2585/2585 2607/2607/2607 2586/2586/2586
f 2586/2586/2586 2607/2607/2607 2608/2608/2608
f 2586/2586/2586 2608/2608/2608 2587/2587/2587
f 2587/2587/2587 2608/2608/2608 2609/2609/2609
f 2587/2587/2587 2609/2609/2609 2588/2588/2588
f 2588/2588/2588 2609/2609/2609 2610/2610/2610
f 2588/2588/2588 2610/2610/2610 2589/2589/2589
f 2589/2589/2589 2610/2610/2610 2611/2611/2611
f 2589/2589/2589 2611/2611/2611 2590/2590/2590
f 2590/2590/2590 2611/2611/2611 2612/2612/2612
f 2590/2590/2590 2612/2612/2612 2591/2591/2591
f 2591/2591/2591 2612/2612/2612 2613/2613/2613
f 2591/2591/2591 2613/2613/2613 2592/2592/2592
f 2592/2592/2592 2613/2613/2613 2614/2614/2614
f 2592/2592/2592 2614/2614/2614 2593/2593/2593
f 2593/2593/2593 2614/2614/2614 2615/2615/2615
f 2593/2593/2593 2615/2615/2615 2594/2594/2594
f 2594/2594/2594 2615/2615/2615 2616/2616/2616
f 2594/2594/2594 2616/2616/2616 2595/2595/2595
f 2595/2595/2595 2616/2616/2616 2617/2617/2617
f 2595/2595/2595 2617/2617/2617 2596/2596/2596
f 2596/2596/2596 2617/2617/2617 2618/2618/2618
f 2596/2596/2596 2618/2618/2618 2597/2597/2597
f 2597/2597/2597 2618/2618/2618 2619/2619/2619
f 2597/2597/2597 2619/2619/2619 2598/2598/2598
f 2598/2598/2598 2619/2619/2619 2620/2620/2620
f 2598/2598/2598 2620/2620/2620 2599/2599/2599
f 2599/2599/2599 2620/2620/2620 2621/2621/2621
f 2599/2599/2599 2621/2621/2621 2600/2600/2600
f 2600/2600/2600 2621/2621/2621 2622/2622/2622
f 2600/2600/2600 2622/2622/2622 2601/2601/2601
f 2601/2601/2601 2622/2622/2622 2623/2623/2623
f 2601/2601/2601 2623/2623/2623 2602/2602/2602
f 2602/2602/2602 2623/2623/2623 2624/2624/2624
f 2602/2602/2602 2624/2624/2624 2603/2603/2603
f 2603/2603/2603 2624/2624/2624 2625/2625/2625
f 2603/2603/2603 2625/2625/2625 2604/2604/2604
f 2605/2605/2605 2626/2626/2626 2627/2627/2627
f 2605/2605/2605 2627/2627/2627 2606/2606/2606
f 2606/2606/2606 2627/2627/2627 2628/2628/2628
f 2606/2606/2606 2628/2628/2628 2607/2607/2607
f 2607/2607/2607 2628/2628/2628 2629/2629/2629
f 2607/2607/2607 2629/2629/2629 2608/2608/2608
f 2608/2608/2608 2629/2629/2629 2630/2630/2630
f 2608/2608/2608 2630/2630/2630 2609/2609/2609
f 2609/2609/2609 2630/2630/2630 2631/2631/2631
f 2609/2609/2609 2631/2631/2631 2610/2610/2610
f 2610/2610/2610 2631/2631/2631 2632/2632/2632
f 2610/2610/2610 2632/2632/2632 2611/2611/2611
f 2611/2611/2611 2632/2632/2632 2633/2633/2633
f 2611/2611/2611 2633/2633/2633 2612/2612/2612
f 2612/2612/2612 2633/2633/2633 2634/2634/2634
f 2612/2612/2612 2634/2634/2634 2613/2613/2613
f 2613/2613/2613 2634/2634/2634 2635/2635/2635
f 2613/2613/2613 2635/2635/2635 2614/2614/2614
f 2614/2614/2614 2635/2635/2635 2636/2636/2636
f 2614/2614/2614 2636/2636/2636 2615/2615/2615
f 2615/2615/2615 2636/2636/2636 2637/2637/2637
f 2615/2615/2615 2637/2637/2637 2616/2616/2616
f 2616/2616/2616 2637/2637/2637 2638/2638/2638
f 2616/2616/2616 2638/2638/2638 2617/2617/2617
f 2617/2617/2617 2638/2638/2638 2639/2639/2639
f 2617/2617/2617 2639/2639/2639 2618/2618/2618
f 2618/2618/2618 2639/2639/2639 2640/2640/2640
f 2618/2618/2618 2640/2640/2640 2619/2619/2619
f 2619/2619/2619 2640/2640/2640 2641/2641/2641
f 2619/2619/2619 2641/2641/2641 2620/2620/2620
f 2620/2620/2620 2641/2641/2641 2642/2642/2642
f 2620/2620/2620 2642/2642/2642 2621/2621/2621
f 2621/2621/2621 2642/2642/2642 2643/2643/2643
f 2621/2621/2621 2643/2643/2643 2622/2622/2622
f 2622/2622/2622 2643/2643/2643 2644/2644/2644
f 2622/2622/2622 2644/2644/2644 2623/2623/2623
f 2623/2623/2623 2644/2644/2644 2645/2645/2645
f 2623/2623/2623 2645/2645/2645 2624/2624/2624
f 2624/2624/2624 2645/2645/2645 2646/2646/2646
f 2624/2624/2624 2646/2646/2646 2625/2625/2625

